tweet_id,author_id,inbound,created_at,text,response_tweet_id,in_response_to_tweet_id,ground_truth_intent,ground_truth_escalate,ground_truth_reason,split
200000,user_10000,True,Wed Nov 08 12:00:00 +0000 2023,@SpotifyCares where did the lyrics button go on Windows 11 PC? It disappeared from the Now Playing screen yesterday!,200001,,app_ui_features,False,STANDARD_TROUBLESHOOTING,TRAIN
200001,SpotifyCares,False,Wed Nov 08 12:05:00 +0000 2023,"Hey! Lyrics are provided via Musixmatch and availability varies by track and territory. If lyrics are missing across all songs, try logging out and logging back in to refresh your app data.",,200000,app_ui_features,False,STANDARD_TROUBLESHOOTING,TRAIN
200002,user_10001,True,Wed Nov 08 12:00:00 +0000 2023,@SpotifyCares I'm not receiving the password reset email at all. Checked spam and trash.,200003,,account_access,True,SECURITY_RISK,TRAIN
200003,SpotifyCares,False,Wed Nov 08 12:05:00 +0000 2023,"Hi there. Make sure the email you entered matches the one on file. If you originally signed up via Facebook or Apple ID, use those buttons on the login screen instead!",,200002,account_access,True,SECURITY_RISK,TRAIN
200004,user_10002,True,Wed Nov 08 12:00:00 +0000 2023,@SpotifyCares search bar is completely frozen and doesn't register typing on MacBook Pro.,200005,,app_ui_features,False,STANDARD_TROUBLESHOOTING,TRAIN
200005,SpotifyCares,False,Wed Nov 08 12:05:00 +0000 2023,"Hey! Lyrics are provided via Musixmatch and availability varies by track and territory. If lyrics are missing across all songs, try logging out and logging back in to refresh your app data.",,200004,app_ui_features,False,STANDARD_TROUBLESHOOTING,TRAIN
200006,user_10003,True,Wed Nov 08 12:00:00 +0000 2023,@SpotifyCares my songs keep pausing after 10 seconds on my iPhone 15 Pro iOS 16.5.,200007,,playback_audio_bugs,False,STANDARD_TROUBLESHOOTING,TRAIN
200007,SpotifyCares,False,Wed Nov 08 12:05:00 +0000 2023,"Hey there! Let's try performing a clean reinstall. Head to Settings > Storage > Clear Cache, delete the app, restart your iPhone 15 Pro, and reinstall. Let us know if that fixes it!",,200006,playback_audio_bugs,False,STANDARD_TROUBLESHOOTING,TRAIN
200008,user_10004,True,Wed Nov 08 12:00:00 +0000 2023,@SpotifyCares why are half the songs on this album greyed out and unplayable for me?,200009,,content_availability,False,STANDARD_TROUBLESHOOTING,TRAIN
200009,SpotifyCares,False,Wed Nov 08 12:05:00 +0000 2023,"Hi there! If you are on a Family Plan, make sure the Plan Manager hasn't toggled explicit content off for your sub-account in their Family settings.",,200008,content_availability,False,STANDARD_TROUBLESHOOTING,TRAIN
200010,user_10005,True,Wed Nov 08 12:00:00 +0000 2023,@SpotifyCares Spotify Connect can't find my Sonos speakers even though we are on the exact same WiFi network.,200011,,device_connectivity,False,STANDARD_TROUBLESHOOTING,TRAIN
200011,SpotifyCares,False,Wed Nov 08 12:05:00 +0000 2023,"Hey! In the Alexa app, go to More > Settings > Music & Podcasts, unlink Spotify, and re-link your account. A quick router reboot also helps refresh the handshake!",,200010,device_connectivity,False,STANDARD_TROUBLESHOOTING,TRAIN
200012,user_10006,True,Wed Nov 08 12:00:00 +0000 2023,@SpotifyCares your app is literally trash. Worst update in history. Canceling my sub and going to Apple Music!,200013,,chitchat_feedback_venting,True,HIGH_CHURN_RISK,TRAIN
200013,SpotifyCares,False,Wed Nov 08 12:05:00 +0000 2023,You're very welcome! We're always here to help. Enjoy the tunes and have a fantastic weekend! 🎶,,200012,chitchat_feedback_venting,True,HIGH_CHURN_RISK,TRAIN
200014,user_10007,True,Wed Nov 08 12:00:00 +0000 2023,@SpotifyCares my student verification failed through SheerID even though I uploaded my enrollment letter.,200015,,subscription_billing,True,FINANCIAL_DISPUTE,TRAIN
200015,SpotifyCares,False,Wed Nov 08 12:05:00 +0000 2023,Hey! All Family Plan members must reside at the exact same physical address. Make sure she types the address exactly character-for-character as shown in the plan manager's account page.,,200014,subscription_billing,True,FINANCIAL_DISPUTE,TRAIN
200016,user_10008,True,Wed Nov 08 12:00:00 +0000 2023,@SpotifyCares my songs keep pausing after 10 seconds on my iPhone 14 Android 14.,200017,,playback_audio_bugs,False,STANDARD_TROUBLESHOOTING,TRAIN
200017,SpotifyCares,False,Wed Nov 08 12:05:00 +0000 2023,"Oh no! Could you check if your web player at open.spotify.com behaves the same way? If it only happens in the app, clearing cache in Settings > Storage usually does the trick.",,200016,playback_audio_bugs,False,STANDARD_TROUBLESHOOTING,TRAIN
200018,user_10009,True,Wed Nov 08 12:00:00 +0000 2023,"@SpotifyCares who designs your UI? Fire them immediately, this update gave me a headache.",200019,,chitchat_feedback_venting,True,HIGH_CHURN_RISK,TRAIN
200019,SpotifyCares,False,Wed Nov 08 12:05:00 +0000 2023,We appreciate the candid feedback and are always sharing user impressions with our design team. Let us know if a specific feature is causing trouble.,,200018,chitchat_feedback_venting,True,HIGH_CHURN_RISK,TRAIN
200020,user_10010,True,Wed Nov 08 12:00:00 +0000 2023,@SpotifyCares why can't I swipe to queue songs anymore on Android? That was the best feature.,200021,,app_ui_features,False,STANDARD_TROUBLESHOOTING,TRAIN
200021,SpotifyCares,False,Wed Nov 08 12:05:00 +0000 2023,"Oh no! Try restarting your iPhone 14 and clearing cache in Settings > Storage > Clear Cache. If that doesn't fix the search bar, a clean reinstall will refresh the index.",,200020,app_ui_features,False,STANDARD_TROUBLESHOOTING,TRAIN
200022,user_10011,True,Wed Nov 08 12:00:00 +0000 2023,@SpotifyCares my downloaded songs for offline mode are completely gone after the new update.,200023,,playback_audio_bugs,False,STANDARD_TROUBLESHOOTING,TRAIN
200023,SpotifyCares,False,Wed Nov 08 12:05:00 +0000 2023,Thanks for reporting! Try disabling 'Hardware Acceleration' in Spotify Settings > Show Advanced Settings. Then restart the app and see if the audio clears up.,,200022,playback_audio_bugs,False,STANDARD_TROUBLESHOOTING,TRAIN
200024,user_10012,True,Wed Nov 08 12:00:00 +0000 2023,"@SpotifyCares who designs your UI? Fire them immediately, this update gave me a headache.",200025,,chitchat_feedback_venting,True,HIGH_CHURN_RISK,TRAIN
200025,SpotifyCares,False,Wed Nov 08 12:05:00 +0000 2023,You're very welcome! We're always here to help. Enjoy the tunes and have a fantastic weekend! 🎶,,200024,chitchat_feedback_venting,True,HIGH_CHURN_RISK,TRAIN
200026,user_10013,True,Wed Nov 08 12:00:00 +0000 2023,@SpotifyCares app keeps crashing every time I open my downloaded playlist offline on iPad Pro.,200027,,playback_audio_bugs,False,STANDARD_TROUBLESHOOTING,TRAIN
200027,SpotifyCares,False,Wed Nov 08 12:05:00 +0000 2023,"Hey! This usually happens due to battery optimization. Go to iPad Pro Settings > Apps > Spotify > Battery, and set it to 'Unrestricted'. That should prevent it from going to sleep.",,200026,playback_audio_bugs,False,STANDARD_TROUBLESHOOTING,TRAIN
200028,user_10014,True,Wed Nov 08 12:00:00 +0000 2023,@SpotifyCares music stops playing every time my screen locks on Pixel 8.,200029,,playback_audio_bugs,False,STANDARD_TROUBLESHOOTING,TRAIN
200029,SpotifyCares,False,Wed Nov 08 12:05:00 +0000 2023,"Hey there! Let's try performing a clean reinstall. Head to Settings > Storage > Clear Cache, delete the app, restart your Pixel 8, and reinstall. Let us know if that fixes it!",,200028,playback_audio_bugs,False,STANDARD_TROUBLESHOOTING,TRAIN
200030,user_10015,True,Wed Nov 08 12:00:00 +0000 2023,@SpotifyCares bluetooth in my car disconnects every 3 minutes only when playing Spotify.,200031,,device_connectivity,False,STANDARD_TROUBLESHOOTING,TRAIN
200031,SpotifyCares,False,Wed Nov 08 12:05:00 +0000 2023,"Hi! Some Sonos devices only communicate over 2.4GHz. Check if your router separates 2.4GHz and 5GHz bands, and make sure Local Network access is enabled in your Settings > Spotify.",,200030,device_connectivity,False,STANDARD_TROUBLESHOOTING,TRAIN
200032,user_10016,True,Wed Nov 08 12:00:00 +0000 2023,@SpotifyCares I think my account was hacked. There is random foreign music in my Recently Played.,200033,,account_access,True,SECURITY_RISK,TRAIN
200033,SpotifyCares,False,Wed Nov 08 12:05:00 +0000 2023,We take account security very seriously! Please send us a DM immediately with your original email and receipt of purchase so our security team can lock and restore your account.,,200032,account_access,True,SECURITY_RISK,TRAIN
200034,user_10017,True,Wed Nov 08 12:00:00 +0000 2023,@SpotifyCares clean versions of rap songs keep playing even though I turned 'Allow Explicit Content' ON in settings.,200035,,content_availability,False,STANDARD_TROUBLESHOOTING,TRAIN
200035,SpotifyCares,False,Wed Nov 08 12:05:00 +0000 2023,"Hi there! If you are on a Family Plan, make sure the Plan Manager hasn't toggled explicit content off for your sub-account in their Family settings.",,200034,content_availability,False,STANDARD_TROUBLESHOOTING,TRAIN
200036,user_10018,True,Wed Nov 08 12:00:00 +0000 2023,@SpotifyCares trying to add my family member to our Spotify Family Plan but it says her address doesn't match.,200037,,subscription_billing,True,FINANCIAL_DISPUTE,TRAIN
200037,SpotifyCares,False,Wed Nov 08 12:05:00 +0000 2023,"Hi! SheerID requires the document to clearly display your full name, university name, and an issue date within the current academic term. Check out support.spotify.com/article/student-discount/ for details.",,200036,subscription_billing,True,FINANCIAL_DISPUTE,TRAIN
200038,user_10019,True,Wed Nov 08 12:00:00 +0000 2023,@SpotifyCares HELP! Someone changed the email on my account and I'm locked out.,200039,,account_access,True,SECURITY_RISK,TRAIN
200039,SpotifyCares,False,Wed Nov 08 12:05:00 +0000 2023,"Let's secure your account! Log in to your account page on spotify.com, click 'Sign out everywhere', and change your password right away. If you need more help, DM us.",,200038,account_access,True,SECURITY_RISK,TRAIN
200040,user_10020,True,Wed Nov 08 12:00:00 +0000 2023,@SpotifyCares music stops playing every time my screen locks on Windows 11 PC.,200041,,playback_audio_bugs,False,STANDARD_TROUBLESHOOTING,TRAIN
200041,SpotifyCares,False,Wed Nov 08 12:05:00 +0000 2023,"Hi! Downloads can be removed if you switch offline mode off for over 30 days or reinstall the app. Try toggling Offline Mode off and on in Settings > Playback, then re-download over WiFi.",,200040,playback_audio_bugs,False,STANDARD_TROUBLESHOOTING,TRAIN
200042,user_10021,True,Wed Nov 08 12:00:00 +0000 2023,"@SpotifyCares stuck in a login loop. I enter my credentials, it says success, and kicks me back to login on Windows 11 PC.",200043,,account_access,True,SECURITY_RISK,TRAIN
200043,SpotifyCares,False,Wed Nov 08 12:05:00 +0000 2023,"Hey! Try clearing cookies and cache on your default mobile browser (Safari/Chrome), as the app uses browser webviews for authentication tokens.",,200042,account_access,True,SECURITY_RISK,TRAIN
200044,user_10022,True,Wed Nov 08 12:00:00 +0000 2023,@SpotifyCares I think my account was hacked. There is random foreign music in my Recently Played.,200045,,account_access,True,SECURITY_RISK,TRAIN
200045,SpotifyCares,False,Wed Nov 08 12:05:00 +0000 2023,"Hi there. Make sure the email you entered matches the one on file. If you originally signed up via Facebook or Apple ID, use those buttons on the login screen instead!",,200044,account_access,True,SECURITY_RISK,TRAIN
200046,user_10023,True,Wed Nov 08 12:00:00 +0000 2023,@SpotifyCares why did you remove the entire discography of this indie artist today?,200047,,content_availability,False,STANDARD_TROUBLESHOOTING,TRAIN
200047,SpotifyCares,False,Wed Nov 08 12:05:00 +0000 2023,Hey! It can take a short while for newly published podcast episodes to propagate across all CDN servers. Try clearing your app cache and checking again in 30 minutes.,,200046,content_availability,False,STANDARD_TROUBLESHOOTING,TRAIN
200048,user_10024,True,Wed Nov 08 12:00:00 +0000 2023,@SpotifyCares trying to add my family member to our Spotify Family Plan but it says her address doesn't match.,200049,,subscription_billing,True,FINANCIAL_DISPUTE,TRAIN
200049,SpotifyCares,False,Wed Nov 08 12:05:00 +0000 2023,Hey! All Family Plan members must reside at the exact same physical address. Make sure she types the address exactly character-for-character as shown in the plan manager's account page.,,200048,subscription_billing,True,FINANCIAL_DISPUTE,TRAIN
200050,user_10025,True,Wed Nov 08 12:00:00 +0000 2023,@SpotifyCares my songs keep pausing after 10 seconds on my iPhone 15 Pro iOS 16.5.,200051,,playback_audio_bugs,False,STANDARD_TROUBLESHOOTING,TRAIN
200051,SpotifyCares,False,Wed Nov 08 12:05:00 +0000 2023,"Hey there! Let's try performing a clean reinstall. Head to Settings > Storage > Clear Cache, delete the app, restart your iPhone 15 Pro, and reinstall. Let us know if that fixes it!",,200050,playback_audio_bugs,False,STANDARD_TROUBLESHOOTING,TRAIN
200052,user_10026,True,Wed Nov 08 12:00:00 +0000 2023,@SpotifyCares love the new Wrapped statistics! Best feature of the year by far ❤️,200053,,chitchat_feedback_venting,True,HIGH_CHURN_RISK,TRAIN
200053,SpotifyCares,False,Wed Nov 08 12:05:00 +0000 2023,"We're really sorry to hear you're frustrated. If there's a specific issue or bug you're experiencing, let us know and we'd love to help troubleshoot.",,200052,chitchat_feedback_venting,True,HIGH_CHURN_RISK,TRAIN
200054,user_10027,True,Wed Nov 08 12:00:00 +0000 2023,@SpotifyCares a podcast episode that came out an hour ago won't load or play on MacBook Pro.,200055,,content_availability,False,STANDARD_TROUBLESHOOTING,TRAIN
200055,SpotifyCares,False,Wed Nov 08 12:05:00 +0000 2023,Hi! Content availability is managed directly by artists and their record labels or distributors. We hope to make their music available again soon!,,200054,content_availability,False,STANDARD_TROUBLESHOOTING,TRAIN
200056,user_10028,True,Wed Nov 08 12:00:00 +0000 2023,@SpotifyCares where did the lyrics button go on iPad Pro? It disappeared from the Now Playing screen yesterday!,200057,,app_ui_features,False,STANDARD_TROUBLESHOOTING,TRAIN
200057,SpotifyCares,False,Wed Nov 08 12:05:00 +0000 2023,"Oh no! Try restarting your iPad Pro and clearing cache in Settings > Storage > Clear Cache. If that doesn't fix the search bar, a clean reinstall will refresh the index.",,200056,app_ui_features,False,STANDARD_TROUBLESHOOTING,TRAIN
200058,user_10029,True,Wed Nov 08 12:00:00 +0000 2023,"@SpotifyCares who designs your UI? Fire them immediately, this update gave me a headache.",200059,,chitchat_feedback_venting,True,HIGH_CHURN_RISK,TRAIN
200059,SpotifyCares,False,Wed Nov 08 12:05:00 +0000 2023,"We're really sorry to hear you're frustrated. If there's a specific issue or bug you're experiencing, let us know and we'd love to help troubleshoot.",,200058,chitchat_feedback_venting,True,HIGH_CHURN_RISK,TRAIN
200060,user_10030,True,Wed Nov 08 12:00:00 +0000 2023,"@SpotifyCares stuck in a login loop. I enter my credentials, it says success, and kicks me back to login on Windows 11 PC.",200061,,account_access,True,SECURITY_RISK,TRAIN
200061,SpotifyCares,False,Wed Nov 08 12:05:00 +0000 2023,We take account security very seriously! Please send us a DM immediately with your original email and receipt of purchase so our security team can lock and restore your account.,,200060,account_access,True,SECURITY_RISK,TRAIN
200062,user_10031,True,Wed Nov 08 12:00:00 +0000 2023,@SpotifyCares clean versions of rap songs keep playing even though I turned 'Allow Explicit Content' ON in settings.,200063,,content_availability,False,STANDARD_TROUBLESHOOTING,TRAIN
200063,SpotifyCares,False,Wed Nov 08 12:05:00 +0000 2023,"Hey! When songs appear greyed out, it is typically due to regional licensing agreements or changes by the rights holders. If you have 'Show unplayable songs' turned on in Settings, that highlights tracks currently restricted.",,200062,content_availability,False,STANDARD_TROUBLESHOOTING,TRAIN
200064,user_10032,True,Wed Nov 08 12:00:00 +0000 2023,"@SpotifyCares thanks for helping me fix my playlist yesterday, you guys rock! Have a great weekend!",200065,,chitchat_feedback_venting,True,HIGH_CHURN_RISK,TRAIN
200065,SpotifyCares,False,Wed Nov 08 12:05:00 +0000 2023,You're very welcome! We're always here to help. Enjoy the tunes and have a fantastic weekend! 🎶,,200064,chitchat_feedback_venting,True,HIGH_CHURN_RISK,TRAIN
200066,user_10033,True,Wed Nov 08 12:00:00 +0000 2023,@SpotifyCares why are half the songs on this album greyed out and unplayable for me?,200067,,content_availability,False,STANDARD_TROUBLESHOOTING,TRAIN
200067,SpotifyCares,False,Wed Nov 08 12:05:00 +0000 2023,Hi! Content availability is managed directly by artists and their record labels or distributors. We hope to make their music available again soon!,,200066,content_availability,False,STANDARD_TROUBLESHOOTING,TRAIN
200068,user_10034,True,Wed Nov 08 12:00:00 +0000 2023,@SpotifyCares audio is crackling and stuttering through my headphones on iPhone 15 Pro app.,200069,,playback_audio_bugs,False,STANDARD_TROUBLESHOOTING,TRAIN
200069,SpotifyCares,False,Wed Nov 08 12:05:00 +0000 2023,Thanks for reporting! Try disabling 'Hardware Acceleration' in Spotify Settings > Show Advanced Settings. Then restart the app and see if the audio clears up.,,200068,playback_audio_bugs,False,STANDARD_TROUBLESHOOTING,TRAIN
200070,user_10035,True,Wed Nov 08 12:00:00 +0000 2023,@SpotifyCares someone accessed my account from Russia and deleted all my curated playlists!,200071,,account_access,True,SECURITY_RISK,TRAIN
200071,SpotifyCares,False,Wed Nov 08 12:05:00 +0000 2023,We take account security very seriously! Please send us a DM immediately with your original email and receipt of purchase so our security team can lock and restore your account.,,200070,account_access,True,SECURITY_RISK,TRAIN
200072,user_10036,True,Wed Nov 08 12:00:00 +0000 2023,@SpotifyCares your app is literally trash. Worst update in history. Canceling my sub and going to Apple Music!,200073,,chitchat_feedback_venting,True,HIGH_CHURN_RISK,TRAIN
200073,SpotifyCares,False,Wed Nov 08 12:05:00 +0000 2023,You're very welcome! We're always here to help. Enjoy the tunes and have a fantastic weekend! 🎶,,200072,chitchat_feedback_venting,True,HIGH_CHURN_RISK,TRAIN
200074,user_10037,True,Wed Nov 08 12:00:00 +0000 2023,@SpotifyCares clean versions of rap songs keep playing even though I turned 'Allow Explicit Content' ON in settings.,200075,,content_availability,False,STANDARD_TROUBLESHOOTING,TRAIN
200075,SpotifyCares,False,Wed Nov 08 12:05:00 +0000 2023,Hi! Content availability is managed directly by artists and their record labels or distributors. We hope to make their music available again soon!,,200074,content_availability,False,STANDARD_TROUBLESHOOTING,TRAIN
200076,user_10038,True,Wed Nov 08 12:00:00 +0000 2023,@SpotifyCares Spotify Connect can't find my Sonos speakers even though we are on the exact same WiFi network.,200077,,device_connectivity,False,STANDARD_TROUBLESHOOTING,TRAIN
200077,SpotifyCares,False,Wed Nov 08 12:05:00 +0000 2023,"Hi! Some Sonos devices only communicate over 2.4GHz. Check if your router separates 2.4GHz and 5GHz bands, and make sure Local Network access is enabled in your Settings > Spotify.",,200076,device_connectivity,False,STANDARD_TROUBLESHOOTING,TRAIN
200078,user_10039,True,Wed Nov 08 12:00:00 +0000 2023,@SpotifyCares bluetooth in my car disconnects every 3 minutes only when playing Spotify.,200079,,device_connectivity,False,STANDARD_TROUBLESHOOTING,TRAIN
200079,SpotifyCares,False,Wed Nov 08 12:05:00 +0000 2023,"Hey! In the Alexa app, go to More > Settings > Music & Podcasts, unlink Spotify, and re-link your account. A quick router reboot also helps refresh the handshake!",,200078,device_connectivity,False,STANDARD_TROUBLESHOOTING,TRAIN
200080,user_10040,True,Wed Nov 08 12:00:00 +0000 2023,@SpotifyCares music stops playing every time my screen locks on iPhone 14.,200081,,playback_audio_bugs,False,STANDARD_TROUBLESHOOTING,TRAIN
200081,SpotifyCares,False,Wed Nov 08 12:05:00 +0000 2023,"Hey! This usually happens due to battery optimization. Go to iPhone 14 Settings > Apps > Spotify > Battery, and set it to 'Unrestricted'. That should prevent it from going to sleep.",,200080,playback_audio_bugs,False,STANDARD_TROUBLESHOOTING,TRAIN
200082,user_10041,True,Wed Nov 08 12:00:00 +0000 2023,@SpotifyCares my downloaded songs for offline mode are completely gone after the new update.,200083,,playback_audio_bugs,False,STANDARD_TROUBLESHOOTING,TRAIN
200083,SpotifyCares,False,Wed Nov 08 12:05:00 +0000 2023,"Hi! Downloads can be removed if you switch offline mode off for over 30 days or reinstall the app. Try toggling Offline Mode off and on in Settings > Playback, then re-download over WiFi.",,200082,playback_audio_bugs,False,STANDARD_TROUBLESHOOTING,TRAIN
200084,user_10042,True,Wed Nov 08 12:00:00 +0000 2023,@SpotifyCares HELP! Someone changed the email on my account and I'm locked out.,200085,,account_access,True,SECURITY_RISK,TRAIN
200085,SpotifyCares,False,Wed Nov 08 12:05:00 +0000 2023,We take account security very seriously! Please send us a DM immediately with your original email and receipt of purchase so our security team can lock and restore your account.,,200084,account_access,True,SECURITY_RISK,TRAIN
200086,user_10043,True,Wed Nov 08 12:00:00 +0000 2023,@SpotifyCares HELP! Someone changed the email on my account and I'm locked out.,200087,,account_access,True,SECURITY_RISK,TRAIN
200087,SpotifyCares,False,Wed Nov 08 12:05:00 +0000 2023,We take account security very seriously! Please send us a DM immediately with your original email and receipt of purchase so our security team can lock and restore your account.,,200086,account_access,True,SECURITY_RISK,TRAIN
200088,user_10044,True,Wed Nov 08 12:00:00 +0000 2023,@SpotifyCares my downloaded songs for offline mode are completely gone after the new update.,200089,,playback_audio_bugs,False,STANDARD_TROUBLESHOOTING,TRAIN
200089,SpotifyCares,False,Wed Nov 08 12:05:00 +0000 2023,"Hey! This usually happens due to battery optimization. Go to Samsung S23 Settings > Apps > Spotify > Battery, and set it to 'Unrestricted'. That should prevent it from going to sleep.",,200088,playback_audio_bugs,False,STANDARD_TROUBLESHOOTING,TRAIN
200090,user_10045,True,Wed Nov 08 12:00:00 +0000 2023,@SpotifyCares someone accessed my account from Russia and deleted all my curated playlists!,200091,,account_access,True,SECURITY_RISK,TRAIN
200091,SpotifyCares,False,Wed Nov 08 12:05:00 +0000 2023,"Hi there. Make sure the email you entered matches the one on file. If you originally signed up via Facebook or Apple ID, use those buttons on the login screen instead!",,200090,account_access,True,SECURITY_RISK,TRAIN
200092,user_10046,True,Wed Nov 08 12:00:00 +0000 2023,@SpotifyCares a podcast episode that came out an hour ago won't load or play on iPad Pro.,200093,,content_availability,False,STANDARD_TROUBLESHOOTING,TRAIN
200093,SpotifyCares,False,Wed Nov 08 12:05:00 +0000 2023,"Hi there! If you are on a Family Plan, make sure the Plan Manager hasn't toggled explicit content off for your sub-account in their Family settings.",,200092,content_availability,False,STANDARD_TROUBLESHOOTING,TRAIN
200094,user_10047,True,Wed Nov 08 12:00:00 +0000 2023,@SpotifyCares love the new Wrapped statistics! Best feature of the year by far ❤️,200095,,chitchat_feedback_venting,True,HIGH_CHURN_RISK,TRAIN
200095,SpotifyCares,False,Wed Nov 08 12:05:00 +0000 2023,You're very welcome! We're always here to help. Enjoy the tunes and have a fantastic weekend! 🎶,,200094,chitchat_feedback_venting,True,HIGH_CHURN_RISK,TRAIN
200096,user_10048,True,Wed Nov 08 12:00:00 +0000 2023,@SpotifyCares why can't I swipe to queue songs anymore on Android? That was the best feature.,200097,,app_ui_features,False,STANDARD_TROUBLESHOOTING,TRAIN
200097,SpotifyCares,False,Wed Nov 08 12:05:00 +0000 2023,Hey! Swipe down slightly at the top of your Liked Songs playlist to reveal the search and 'Sort' bar. Tap 'Sort' and pick 'Artist' from the list.,,200096,app_ui_features,False,STANDARD_TROUBLESHOOTING,TRAIN
200098,user_10049,True,Wed Nov 08 12:00:00 +0000 2023,@SpotifyCares Spotify won't show up on my Apple CarPlay screen anymore after updating iPhone 14.,200099,,device_connectivity,False,STANDARD_TROUBLESHOOTING,TRAIN
200099,SpotifyCares,False,Wed Nov 08 12:05:00 +0000 2023,"Hey! On your iPhone 14, go to Settings > General > CarPlay, select your vehicle, and check if Spotify is listed under customized apps. Also try restarting your car head unit.",,200098,device_connectivity,False,STANDARD_TROUBLESHOOTING,TRAIN
200100,user_10050,True,Wed Nov 08 12:00:00 +0000 2023,@SpotifyCares how do I sort my Liked Songs playlist by artist on iPhone 15 Pro? Can't find the filter option.,200101,,app_ui_features,False,STANDARD_TROUBLESHOOTING,TRAIN
200101,SpotifyCares,False,Wed Nov 08 12:05:00 +0000 2023,"Hey! Lyrics are provided via Musixmatch and availability varies by track and territory. If lyrics are missing across all songs, try logging out and logging back in to refresh your app data.",,200100,app_ui_features,False,STANDARD_TROUBLESHOOTING,TRAIN
200102,user_10051,True,Wed Nov 08 12:00:00 +0000 2023,@SpotifyCares someone accessed my account from Russia and deleted all my curated playlists!,200103,,account_access,True,SECURITY_RISK,TRAIN
200103,SpotifyCares,False,Wed Nov 08 12:05:00 +0000 2023,"Hey! Try clearing cookies and cache on your default mobile browser (Safari/Chrome), as the app uses browser webviews for authentication tokens.",,200102,account_access,True,SECURITY_RISK,TRAIN
200104,user_10052,True,Wed Nov 08 12:00:00 +0000 2023,@SpotifyCares I think my account was hacked. There is random foreign music in my Recently Played.,200105,,account_access,True,SECURITY_RISK,TRAIN
200105,SpotifyCares,False,Wed Nov 08 12:05:00 +0000 2023,"Hey! Try clearing cookies and cache on your default mobile browser (Safari/Chrome), as the app uses browser webviews for authentication tokens.",,200104,account_access,True,SECURITY_RISK,TRAIN
200106,user_10053,True,Wed Nov 08 12:00:00 +0000 2023,@SpotifyCares Spotify won't show up on my Apple CarPlay screen anymore after updating Windows 11 PC.,200107,,device_connectivity,False,STANDARD_TROUBLESHOOTING,TRAIN
200107,SpotifyCares,False,Wed Nov 08 12:05:00 +0000 2023,"Hey! On your Windows 11 PC, go to Settings > General > CarPlay, select your vehicle, and check if Spotify is listed under customized apps. Also try restarting your car head unit.",,200106,device_connectivity,False,STANDARD_TROUBLESHOOTING,TRAIN
200108,user_10054,True,Wed Nov 08 12:00:00 +0000 2023,@SpotifyCares your app is literally trash. Worst update in history. Canceling my sub and going to Apple Music!,200109,,chitchat_feedback_venting,True,HIGH_CHURN_RISK,TRAIN
200109,SpotifyCares,False,Wed Nov 08 12:05:00 +0000 2023,"We're really sorry to hear you're frustrated. If there's a specific issue or bug you're experiencing, let us know and we'd love to help troubleshoot.",,200108,chitchat_feedback_venting,True,HIGH_CHURN_RISK,TRAIN
200110,user_10055,True,Wed Nov 08 12:00:00 +0000 2023,"@SpotifyCares stuck in a login loop. I enter my credentials, it says success, and kicks me back to login on Pixel 8.",200111,,account_access,True,SECURITY_RISK,TRAIN
200111,SpotifyCares,False,Wed Nov 08 12:05:00 +0000 2023,"Hey! Try clearing cookies and cache on your default mobile browser (Safari/Chrome), as the app uses browser webviews for authentication tokens.",,200110,account_access,True,SECURITY_RISK,TRAIN
200112,user_10056,True,Wed Nov 08 12:00:00 +0000 2023,@SpotifyCares love the new Wrapped statistics! Best feature of the year by far ❤️,200113,,chitchat_feedback_venting,True,HIGH_CHURN_RISK,TRAIN
200113,SpotifyCares,False,Wed Nov 08 12:05:00 +0000 2023,"We're really sorry to hear you're frustrated. If there's a specific issue or bug you're experiencing, let us know and we'd love to help troubleshoot.",,200112,chitchat_feedback_venting,True,HIGH_CHURN_RISK,TRAIN
200114,user_10057,True,Wed Nov 08 12:00:00 +0000 2023,@SpotifyCares playback keeps skipping tracks continuously without playing anything on iPad Pro!,200115,,playback_audio_bugs,False,STANDARD_TROUBLESHOOTING,TRAIN
200115,SpotifyCares,False,Wed Nov 08 12:05:00 +0000 2023,Thanks for reporting! Try disabling 'Hardware Acceleration' in Spotify Settings > Show Advanced Settings. Then restart the app and see if the audio clears up.,,200114,playback_audio_bugs,False,STANDARD_TROUBLESHOOTING,TRAIN
200116,user_10058,True,Wed Nov 08 12:00:00 +0000 2023,@SpotifyCares I canceled Premium two weeks ago and I was still billed today. Fix this immediately.,200117,,subscription_billing,True,FINANCIAL_DISPUTE,TRAIN
200117,SpotifyCares,False,Wed Nov 08 12:05:00 +0000 2023,We understand your concern! Please DM us your account username and receipt date so a billing specialist can review your cancellation timestamp and process your refund.,,200116,subscription_billing,True,FINANCIAL_DISPUTE,TRAIN
200118,user_10059,True,Wed Nov 08 12:00:00 +0000 2023,@SpotifyCares trying to add my family member to our Spotify Family Plan but it says her address doesn't match.,200119,,subscription_billing,True,FINANCIAL_DISPUTE,TRAIN
200119,SpotifyCares,False,Wed Nov 08 12:05:00 +0000 2023,"We can look into double charges for you right away. Since this involves billing details, please send us a DM with your account email and the last 4 digits of the card charged.",,200118,subscription_billing,True,FINANCIAL_DISPUTE,TRAIN
200120,user_10060,True,Wed Nov 08 12:00:00 +0000 2023,@SpotifyCares app keeps crashing every time I open my downloaded playlist offline on iPhone 14.,200121,,playback_audio_bugs,False,STANDARD_TROUBLESHOOTING,TRAIN
200121,SpotifyCares,False,Wed Nov 08 12:05:00 +0000 2023,Thanks for reporting! Try disabling 'Hardware Acceleration' in Spotify Settings > Show Advanced Settings. Then restart the app and see if the audio clears up.,,200120,playback_audio_bugs,False,STANDARD_TROUBLESHOOTING,TRAIN
200122,user_10061,True,Wed Nov 08 12:00:00 +0000 2023,@SpotifyCares a podcast episode that came out an hour ago won't load or play on iPhone 14.,200123,,content_availability,False,STANDARD_TROUBLESHOOTING,TRAIN
200123,SpotifyCares,False,Wed Nov 08 12:05:00 +0000 2023,"Hi there! If you are on a Family Plan, make sure the Plan Manager hasn't toggled explicit content off for your sub-account in their Family settings.",,200122,content_availability,False,STANDARD_TROUBLESHOOTING,TRAIN
200124,user_10062,True,Wed Nov 08 12:00:00 +0000 2023,@SpotifyCares music stops playing every time my screen locks on MacBook Pro.,200125,,playback_audio_bugs,False,STANDARD_TROUBLESHOOTING,TRAIN
200125,SpotifyCares,False,Wed Nov 08 12:05:00 +0000 2023,"Hey there! Let's try performing a clean reinstall. Head to Settings > Storage > Clear Cache, delete the app, restart your MacBook Pro, and reinstall. Let us know if that fixes it!",,200124,playback_audio_bugs,False,STANDARD_TROUBLESHOOTING,TRAIN
200126,user_10063,True,Wed Nov 08 12:00:00 +0000 2023,@SpotifyCares the new update completely ruined the playlist sidebar. Can I revert to the old UI layout?,200127,,app_ui_features,False,STANDARD_TROUBLESHOOTING,TRAIN
200127,SpotifyCares,False,Wed Nov 08 12:05:00 +0000 2023,Thanks for the feedback! Swipe to queue is currently available on iOS and select Android builds as part of ongoing UI testing.,,200126,app_ui_features,False,STANDARD_TROUBLESHOOTING,TRAIN
200128,user_10064,True,Wed Nov 08 12:00:00 +0000 2023,@SpotifyCares someone accessed my account from Russia and deleted all my curated playlists!,200129,,account_access,True,SECURITY_RISK,TRAIN
200129,SpotifyCares,False,Wed Nov 08 12:05:00 +0000 2023,We take account security very seriously! Please send us a DM immediately with your original email and receipt of purchase so our security team can lock and restore your account.,,200128,account_access,True,SECURITY_RISK,TRAIN
200130,user_10065,True,Wed Nov 08 12:00:00 +0000 2023,@SpotifyCares bluetooth in my car disconnects every 3 minutes only when playing Spotify.,200131,,device_connectivity,False,STANDARD_TROUBLESHOOTING,TRAIN
200131,SpotifyCares,False,Wed Nov 08 12:05:00 +0000 2023,"Thanks for reaching out. Try unpairing and re-pairing the Bluetooth connection, then toggle 'Car Mode' off in Spotify Settings > Car to test.",,200130,device_connectivity,False,STANDARD_TROUBLESHOOTING,TRAIN
200132,user_10066,True,Wed Nov 08 12:00:00 +0000 2023,@SpotifyCares I think my account was hacked. There is random foreign music in my Recently Played.,200133,,account_access,True,SECURITY_RISK,TRAIN
200133,SpotifyCares,False,Wed Nov 08 12:05:00 +0000 2023,"Hey! Try clearing cookies and cache on your default mobile browser (Safari/Chrome), as the app uses browser webviews for authentication tokens.",,200132,account_access,True,SECURITY_RISK,TRAIN
200134,user_10067,True,Wed Nov 08 12:00:00 +0000 2023,@SpotifyCares bluetooth in my car disconnects every 3 minutes only when playing Spotify.,200135,,device_connectivity,False,STANDARD_TROUBLESHOOTING,TRAIN
200135,SpotifyCares,False,Wed Nov 08 12:05:00 +0000 2023,"Hey! On your iPhone 14, go to Settings > General > CarPlay, select your vehicle, and check if Spotify is listed under customized apps. Also try restarting your car head unit.",,200134,device_connectivity,False,STANDARD_TROUBLESHOOTING,TRAIN
200136,user_10068,True,Wed Nov 08 12:00:00 +0000 2023,@SpotifyCares why are half the songs on this album greyed out and unplayable for me?,200137,,content_availability,False,STANDARD_TROUBLESHOOTING,TRAIN
200137,SpotifyCares,False,Wed Nov 08 12:05:00 +0000 2023,"Hey! When songs appear greyed out, it is typically due to regional licensing agreements or changes by the rights holders. If you have 'Show unplayable songs' turned on in Settings, that highlights tracks currently restricted.",,200136,content_availability,False,STANDARD_TROUBLESHOOTING,TRAIN
200138,user_10069,True,Wed Nov 08 12:00:00 +0000 2023,@SpotifyCares why did you remove the entire discography of this indie artist today?,200139,,content_availability,False,STANDARD_TROUBLESHOOTING,TRAIN
200139,SpotifyCares,False,Wed Nov 08 12:05:00 +0000 2023,"Hi there! If you are on a Family Plan, make sure the Plan Manager hasn't toggled explicit content off for your sub-account in their Family settings.",,200138,content_availability,False,STANDARD_TROUBLESHOOTING,TRAIN
200140,user_10070,True,Wed Nov 08 12:00:00 +0000 2023,@SpotifyCares I think my account was hacked. There is random foreign music in my Recently Played.,200141,,account_access,True,SECURITY_RISK,TRAIN
200141,SpotifyCares,False,Wed Nov 08 12:05:00 +0000 2023,"Let's secure your account! Log in to your account page on spotify.com, click 'Sign out everywhere', and change your password right away. If you need more help, DM us.",,200140,account_access,True,SECURITY_RISK,TRAIN
200142,user_10071,True,Wed Nov 08 12:00:00 +0000 2023,"@SpotifyCares who designs your UI? Fire them immediately, this update gave me a headache.",200143,,chitchat_feedback_venting,True,HIGH_CHURN_RISK,TRAIN
200143,SpotifyCares,False,Wed Nov 08 12:05:00 +0000 2023,"We're really sorry to hear you're frustrated. If there's a specific issue or bug you're experiencing, let us know and we'd love to help troubleshoot.",,200142,chitchat_feedback_venting,True,HIGH_CHURN_RISK,TRAIN
200144,user_10072,True,Wed Nov 08 12:00:00 +0000 2023,@SpotifyCares You charged me $11.99 TWICE this month on my credit card! I want an immediate refund.,200145,,subscription_billing,True,FINANCIAL_DISPUTE,TRAIN
200145,SpotifyCares,False,Wed Nov 08 12:05:00 +0000 2023,Hey! All Family Plan members must reside at the exact same physical address. Make sure she types the address exactly character-for-character as shown in the plan manager's account page.,,200144,subscription_billing,True,FINANCIAL_DISPUTE,TRAIN
200146,user_10073,True,Wed Nov 08 12:00:00 +0000 2023,@SpotifyCares app keeps crashing every time I open my downloaded playlist offline on iPhone 15 Pro.,200147,,playback_audio_bugs,False,STANDARD_TROUBLESHOOTING,TRAIN
200147,SpotifyCares,False,Wed Nov 08 12:05:00 +0000 2023,"Hi! Downloads can be removed if you switch offline mode off for over 30 days or reinstall the app. Try toggling Offline Mode off and on in Settings > Playback, then re-download over WiFi.",,200146,playback_audio_bugs,False,STANDARD_TROUBLESHOOTING,TRAIN
200148,user_10074,True,Wed Nov 08 12:00:00 +0000 2023,@SpotifyCares trying to add my family member to our Spotify Family Plan but it says her address doesn't match.,200149,,subscription_billing,True,FINANCIAL_DISPUTE,TRAIN
200149,SpotifyCares,False,Wed Nov 08 12:05:00 +0000 2023,"Hi! SheerID requires the document to clearly display your full name, university name, and an issue date within the current academic term. Check out support.spotify.com/article/student-discount/ for details.",,200148,subscription_billing,True,FINANCIAL_DISPUTE,TRAIN
200150,user_10075,True,Wed Nov 08 12:00:00 +0000 2023,@SpotifyCares a podcast episode that came out an hour ago won't load or play on iPad Pro.,200151,,content_availability,False,STANDARD_TROUBLESHOOTING,TRAIN
200151,SpotifyCares,False,Wed Nov 08 12:05:00 +0000 2023,Hi! Content availability is managed directly by artists and their record labels or distributors. We hope to make their music available again soon!,,200150,content_availability,False,STANDARD_TROUBLESHOOTING,TRAIN
200152,user_10076,True,Wed Nov 08 12:00:00 +0000 2023,@SpotifyCares app keeps crashing every time I open my downloaded playlist offline on iPad Pro.,200153,,playback_audio_bugs,False,STANDARD_TROUBLESHOOTING,TRAIN
200153,SpotifyCares,False,Wed Nov 08 12:05:00 +0000 2023,"Oh no! Could you check if your web player at open.spotify.com behaves the same way? If it only happens in the app, clearing cache in Settings > Storage usually does the trick.",,200152,playback_audio_bugs,False,STANDARD_TROUBLESHOOTING,TRAIN
200154,user_10077,True,Wed Nov 08 12:00:00 +0000 2023,@SpotifyCares my songs keep pausing after 10 seconds on my iPad Pro iOS 16.5.,200155,,playback_audio_bugs,False,STANDARD_TROUBLESHOOTING,TRAIN
200155,SpotifyCares,False,Wed Nov 08 12:05:00 +0000 2023,Thanks for reporting! Try disabling 'Hardware Acceleration' in Spotify Settings > Show Advanced Settings. Then restart the app and see if the audio clears up.,,200154,playback_audio_bugs,False,STANDARD_TROUBLESHOOTING,TRAIN
200156,user_10078,True,Wed Nov 08 12:00:00 +0000 2023,@SpotifyCares how do I sort my Liked Songs playlist by artist on Windows 11 PC? Can't find the filter option.,200157,,app_ui_features,False,STANDARD_TROUBLESHOOTING,TRAIN
200157,SpotifyCares,False,Wed Nov 08 12:05:00 +0000 2023,"Hi! The updated layout is permanent, but you can collapse or expand the Your Library view using the icon in the top-left of the sidebar to customize your view.",,200156,app_ui_features,False,STANDARD_TROUBLESHOOTING,TRAIN
200158,user_10079,True,Wed Nov 08 12:00:00 +0000 2023,@SpotifyCares a podcast episode that came out an hour ago won't load or play on iPhone 14.,200159,,content_availability,False,STANDARD_TROUBLESHOOTING,TRAIN
200159,SpotifyCares,False,Wed Nov 08 12:05:00 +0000 2023,"Hey! When songs appear greyed out, it is typically due to regional licensing agreements or changes by the rights holders. If you have 'Show unplayable songs' turned on in Settings, that highlights tracks currently restricted.",,200158,content_availability,False,STANDARD_TROUBLESHOOTING,TRAIN
200160,user_10080,True,Wed Nov 08 12:00:00 +0000 2023,@SpotifyCares the new update completely ruined the playlist sidebar. Can I revert to the old UI layout?,200161,,app_ui_features,False,STANDARD_TROUBLESHOOTING,TRAIN
200161,SpotifyCares,False,Wed Nov 08 12:05:00 +0000 2023,"Oh no! Try restarting your iPhone 14 and clearing cache in Settings > Storage > Clear Cache. If that doesn't fix the search bar, a clean reinstall will refresh the index.",,200160,app_ui_features,False,STANDARD_TROUBLESHOOTING,TRAIN
200162,user_10081,True,Wed Nov 08 12:00:00 +0000 2023,@SpotifyCares clean versions of rap songs keep playing even though I turned 'Allow Explicit Content' ON in settings.,200163,,content_availability,False,STANDARD_TROUBLESHOOTING,TRAIN
200163,SpotifyCares,False,Wed Nov 08 12:05:00 +0000 2023,Hey! It can take a short while for newly published podcast episodes to propagate across all CDN servers. Try clearing your app cache and checking again in 30 minutes.,,200162,content_availability,False,STANDARD_TROUBLESHOOTING,TRAIN
200164,user_10082,True,Wed Nov 08 12:00:00 +0000 2023,@SpotifyCares my student verification failed through SheerID even though I uploaded my enrollment letter.,200165,,subscription_billing,True,FINANCIAL_DISPUTE,TRAIN
200165,SpotifyCares,False,Wed Nov 08 12:05:00 +0000 2023,"We can look into double charges for you right away. Since this involves billing details, please send us a DM with your account email and the last 4 digits of the card charged.",,200164,subscription_billing,True,FINANCIAL_DISPUTE,TRAIN
200166,user_10083,True,Wed Nov 08 12:00:00 +0000 2023,@SpotifyCares the new update completely ruined the playlist sidebar. Can I revert to the old UI layout?,200167,,app_ui_features,False,STANDARD_TROUBLESHOOTING,TRAIN
200167,SpotifyCares,False,Wed Nov 08 12:05:00 +0000 2023,"Hey! Lyrics are provided via Musixmatch and availability varies by track and territory. If lyrics are missing across all songs, try logging out and logging back in to refresh your app data.",,200166,app_ui_features,False,STANDARD_TROUBLESHOOTING,TRAIN
200168,user_10084,True,Wed Nov 08 12:00:00 +0000 2023,@SpotifyCares love the new Wrapped statistics! Best feature of the year by far ❤️,200169,,chitchat_feedback_venting,True,HIGH_CHURN_RISK,TRAIN
200169,SpotifyCares,False,Wed Nov 08 12:05:00 +0000 2023,You're very welcome! We're always here to help. Enjoy the tunes and have a fantastic weekend! 🎶,,200168,chitchat_feedback_venting,True,HIGH_CHURN_RISK,TRAIN
200170,user_10085,True,Wed Nov 08 12:00:00 +0000 2023,"@SpotifyCares thanks for helping me fix my playlist yesterday, you guys rock! Have a great weekend!",200171,,chitchat_feedback_venting,True,HIGH_CHURN_RISK,TRAIN
200171,SpotifyCares,False,Wed Nov 08 12:05:00 +0000 2023,Thank you so much! We are thrilled you're loving Wrapped this year! 🎧✨,,200170,chitchat_feedback_venting,True,HIGH_CHURN_RISK,TRAIN
200172,user_10086,True,Wed Nov 08 12:00:00 +0000 2023,@SpotifyCares how do I sort my Liked Songs playlist by artist on iPad Pro? Can't find the filter option.,200173,,app_ui_features,False,STANDARD_TROUBLESHOOTING,TRAIN
200173,SpotifyCares,False,Wed Nov 08 12:05:00 +0000 2023,Thanks for the feedback! Swipe to queue is currently available on iOS and select Android builds as part of ongoing UI testing.,,200172,app_ui_features,False,STANDARD_TROUBLESHOOTING,TRAIN
200174,user_10087,True,Wed Nov 08 12:00:00 +0000 2023,@SpotifyCares trying to add my family member to our Spotify Family Plan but it says her address doesn't match.,200175,,subscription_billing,True,FINANCIAL_DISPUTE,TRAIN
200175,SpotifyCares,False,Wed Nov 08 12:05:00 +0000 2023,"We can look into double charges for you right away. Since this involves billing details, please send us a DM with your account email and the last 4 digits of the card charged.",,200174,subscription_billing,True,FINANCIAL_DISPUTE,TRAIN
200176,user_10088,True,Wed Nov 08 12:00:00 +0000 2023,@SpotifyCares love the new Wrapped statistics! Best feature of the year by far ❤️,200177,,chitchat_feedback_venting,True,HIGH_CHURN_RISK,TRAIN
200177,SpotifyCares,False,Wed Nov 08 12:05:00 +0000 2023,You're very welcome! We're always here to help. Enjoy the tunes and have a fantastic weekend! 🎶,,200176,chitchat_feedback_venting,True,HIGH_CHURN_RISK,TRAIN
200178,user_10089,True,Wed Nov 08 12:00:00 +0000 2023,@SpotifyCares my student verification failed through SheerID even though I uploaded my enrollment letter.,200179,,subscription_billing,True,FINANCIAL_DISPUTE,TRAIN
200179,SpotifyCares,False,Wed Nov 08 12:05:00 +0000 2023,Hey! All Family Plan members must reside at the exact same physical address. Make sure she types the address exactly character-for-character as shown in the plan manager's account page.,,200178,subscription_billing,True,FINANCIAL_DISPUTE,TRAIN
200180,user_10090,True,Wed Nov 08 12:00:00 +0000 2023,@SpotifyCares the new update completely ruined the playlist sidebar. Can I revert to the old UI layout?,200181,,app_ui_features,False,STANDARD_TROUBLESHOOTING,TRAIN
200181,SpotifyCares,False,Wed Nov 08 12:05:00 +0000 2023,Thanks for the feedback! Swipe to queue is currently available on iOS and select Android builds as part of ongoing UI testing.,,200180,app_ui_features,False,STANDARD_TROUBLESHOOTING,TRAIN
200182,user_10091,True,Wed Nov 08 12:00:00 +0000 2023,@SpotifyCares your app is literally trash. Worst update in history. Canceling my sub and going to Apple Music!,200183,,chitchat_feedback_venting,True,HIGH_CHURN_RISK,TRAIN
200183,SpotifyCares,False,Wed Nov 08 12:05:00 +0000 2023,We appreciate the candid feedback and are always sharing user impressions with our design team. Let us know if a specific feature is causing trouble.,,200182,chitchat_feedback_venting,True,HIGH_CHURN_RISK,TRAIN
200184,user_10092,True,Wed Nov 08 12:00:00 +0000 2023,@SpotifyCares bluetooth in my car disconnects every 3 minutes only when playing Spotify.,200185,,device_connectivity,False,STANDARD_TROUBLESHOOTING,TRAIN
200185,SpotifyCares,False,Wed Nov 08 12:05:00 +0000 2023,"Hey! On your iPhone 14, go to Settings > General > CarPlay, select your vehicle, and check if Spotify is listed under customized apps. Also try restarting your car head unit.",,200184,device_connectivity,False,STANDARD_TROUBLESHOOTING,TRAIN
200186,user_10093,True,Wed Nov 08 12:00:00 +0000 2023,@SpotifyCares someone accessed my account from Russia and deleted all my curated playlists!,200187,,account_access,True,SECURITY_RISK,TRAIN
200187,SpotifyCares,False,Wed Nov 08 12:05:00 +0000 2023,"Let's secure your account! Log in to your account page on spotify.com, click 'Sign out everywhere', and change your password right away. If you need more help, DM us.",,200186,account_access,True,SECURITY_RISK,TRAIN
200188,user_10094,True,Wed Nov 08 12:00:00 +0000 2023,@SpotifyCares a podcast episode that came out an hour ago won't load or play on Windows 11 PC.,200189,,content_availability,False,STANDARD_TROUBLESHOOTING,TRAIN
200189,SpotifyCares,False,Wed Nov 08 12:05:00 +0000 2023,Hi! Content availability is managed directly by artists and their record labels or distributors. We hope to make their music available again soon!,,200188,content_availability,False,STANDARD_TROUBLESHOOTING,TRAIN
200190,user_10095,True,Wed Nov 08 12:00:00 +0000 2023,@SpotifyCares Spotify won't show up on my Apple CarPlay screen anymore after updating MacBook Pro.,200191,,device_connectivity,False,STANDARD_TROUBLESHOOTING,TRAIN
200191,SpotifyCares,False,Wed Nov 08 12:05:00 +0000 2023,"Hey! In the Alexa app, go to More > Settings > Music & Podcasts, unlink Spotify, and re-link your account. A quick router reboot also helps refresh the handshake!",,200190,device_connectivity,False,STANDARD_TROUBLESHOOTING,TRAIN
200192,user_10096,True,Wed Nov 08 12:00:00 +0000 2023,@SpotifyCares You charged me $11.99 TWICE this month on my credit card! I want an immediate refund.,200193,,subscription_billing,True,FINANCIAL_DISPUTE,TRAIN
200193,SpotifyCares,False,Wed Nov 08 12:05:00 +0000 2023,We understand your concern! Please DM us your account username and receipt date so a billing specialist can review your cancellation timestamp and process your refund.,,200192,subscription_billing,True,FINANCIAL_DISPUTE,TRAIN
200194,user_10097,True,Wed Nov 08 12:00:00 +0000 2023,"@SpotifyCares thanks for helping me fix my playlist yesterday, you guys rock! Have a great weekend!",200195,,chitchat_feedback_venting,True,HIGH_CHURN_RISK,TRAIN
200195,SpotifyCares,False,Wed Nov 08 12:05:00 +0000 2023,We appreciate the candid feedback and are always sharing user impressions with our design team. Let us know if a specific feature is causing trouble.,,200194,chitchat_feedback_venting,True,HIGH_CHURN_RISK,TRAIN
200196,user_10098,True,Wed Nov 08 12:00:00 +0000 2023,@SpotifyCares how do I sort my Liked Songs playlist by artist on Samsung S23? Can't find the filter option.,200197,,app_ui_features,False,STANDARD_TROUBLESHOOTING,TRAIN
200197,SpotifyCares,False,Wed Nov 08 12:05:00 +0000 2023,"Oh no! Try restarting your Samsung S23 and clearing cache in Settings > Storage > Clear Cache. If that doesn't fix the search bar, a clean reinstall will refresh the index.",,200196,app_ui_features,False,STANDARD_TROUBLESHOOTING,TRAIN
200198,user_10099,True,Wed Nov 08 12:00:00 +0000 2023,@SpotifyCares how do I sort my Liked Songs playlist by artist on Samsung S23? Can't find the filter option.,200199,,app_ui_features,False,STANDARD_TROUBLESHOOTING,TRAIN
200199,SpotifyCares,False,Wed Nov 08 12:05:00 +0000 2023,"Oh no! Try restarting your Samsung S23 and clearing cache in Settings > Storage > Clear Cache. If that doesn't fix the search bar, a clean reinstall will refresh the index.",,200198,app_ui_features,False,STANDARD_TROUBLESHOOTING,TRAIN
200200,user_10100,True,Wed Nov 08 12:00:00 +0000 2023,@SpotifyCares I canceled Premium two weeks ago and I was still billed today. Fix this immediately.,200201,,subscription_billing,True,FINANCIAL_DISPUTE,TRAIN
200201,SpotifyCares,False,Wed Nov 08 12:05:00 +0000 2023,"Hi! SheerID requires the document to clearly display your full name, university name, and an issue date within the current academic term. Check out support.spotify.com/article/student-discount/ for details.",,200200,subscription_billing,True,FINANCIAL_DISPUTE,TRAIN
200202,user_10101,True,Wed Nov 08 12:00:00 +0000 2023,"@SpotifyCares stuck in a login loop. I enter my credentials, it says success, and kicks me back to login on Windows 11 PC.",200203,,account_access,True,SECURITY_RISK,TRAIN
200203,SpotifyCares,False,Wed Nov 08 12:05:00 +0000 2023,"Hey! Try clearing cookies and cache on your default mobile browser (Safari/Chrome), as the app uses browser webviews for authentication tokens.",,200202,account_access,True,SECURITY_RISK,TRAIN
200204,user_10102,True,Wed Nov 08 12:00:00 +0000 2023,@SpotifyCares why did you remove the entire discography of this indie artist today?,200205,,content_availability,False,STANDARD_TROUBLESHOOTING,TRAIN
200205,SpotifyCares,False,Wed Nov 08 12:05:00 +0000 2023,Hey! It can take a short while for newly published podcast episodes to propagate across all CDN servers. Try clearing your app cache and checking again in 30 minutes.,,200204,content_availability,False,STANDARD_TROUBLESHOOTING,TRAIN
200206,user_10103,True,Wed Nov 08 12:00:00 +0000 2023,@SpotifyCares my student verification failed through SheerID even though I uploaded my enrollment letter.,200207,,subscription_billing,True,FINANCIAL_DISPUTE,TRAIN
200207,SpotifyCares,False,Wed Nov 08 12:05:00 +0000 2023,Hey! All Family Plan members must reside at the exact same physical address. Make sure she types the address exactly character-for-character as shown in the plan manager's account page.,,200206,subscription_billing,True,FINANCIAL_DISPUTE,TRAIN
200208,user_10104,True,Wed Nov 08 12:00:00 +0000 2023,@SpotifyCares why did you remove the entire discography of this indie artist today?,200209,,content_availability,False,STANDARD_TROUBLESHOOTING,TRAIN
200209,SpotifyCares,False,Wed Nov 08 12:05:00 +0000 2023,Hey! It can take a short while for newly published podcast episodes to propagate across all CDN servers. Try clearing your app cache and checking again in 30 minutes.,,200208,content_availability,False,STANDARD_TROUBLESHOOTING,TRAIN
200210,user_10105,True,Wed Nov 08 12:00:00 +0000 2023,@SpotifyCares the new update completely ruined the playlist sidebar. Can I revert to the old UI layout?,200211,,app_ui_features,False,STANDARD_TROUBLESHOOTING,TRAIN
200211,SpotifyCares,False,Wed Nov 08 12:05:00 +0000 2023,"Oh no! Try restarting your Pixel 8 and clearing cache in Settings > Storage > Clear Cache. If that doesn't fix the search bar, a clean reinstall will refresh the index.",,200210,app_ui_features,False,STANDARD_TROUBLESHOOTING,TRAIN
200212,user_10106,True,Wed Nov 08 12:00:00 +0000 2023,@SpotifyCares where did the lyrics button go on MacBook Pro? It disappeared from the Now Playing screen yesterday!,200213,,app_ui_features,False,STANDARD_TROUBLESHOOTING,TRAIN
200213,SpotifyCares,False,Wed Nov 08 12:05:00 +0000 2023,Hey! Swipe down slightly at the top of your Liked Songs playlist to reveal the search and 'Sort' bar. Tap 'Sort' and pick 'Artist' from the list.,,200212,app_ui_features,False,STANDARD_TROUBLESHOOTING,TRAIN
200214,user_10107,True,Wed Nov 08 12:00:00 +0000 2023,@SpotifyCares You charged me $11.99 TWICE this month on my credit card! I want an immediate refund.,200215,,subscription_billing,True,FINANCIAL_DISPUTE,TRAIN
200215,SpotifyCares,False,Wed Nov 08 12:05:00 +0000 2023,Hey! All Family Plan members must reside at the exact same physical address. Make sure she types the address exactly character-for-character as shown in the plan manager's account page.,,200214,subscription_billing,True,FINANCIAL_DISPUTE,TRAIN
200216,user_10108,True,Wed Nov 08 12:00:00 +0000 2023,@SpotifyCares I'm not receiving the password reset email at all. Checked spam and trash.,200217,,account_access,True,SECURITY_RISK,TRAIN
200217,SpotifyCares,False,Wed Nov 08 12:05:00 +0000 2023,"Hi there. Make sure the email you entered matches the one on file. If you originally signed up via Facebook or Apple ID, use those buttons on the login screen instead!",,200216,account_access,True,SECURITY_RISK,TRAIN
200218,user_10109,True,Wed Nov 08 12:00:00 +0000 2023,"@SpotifyCares stuck in a login loop. I enter my credentials, it says success, and kicks me back to login on Pixel 8.",200219,,account_access,True,SECURITY_RISK,TRAIN
200219,SpotifyCares,False,Wed Nov 08 12:05:00 +0000 2023,We take account security very seriously! Please send us a DM immediately with your original email and receipt of purchase so our security team can lock and restore your account.,,200218,account_access,True,SECURITY_RISK,TRAIN
200220,user_10110,True,Wed Nov 08 12:00:00 +0000 2023,@SpotifyCares search bar is completely frozen and doesn't register typing on Windows 11 PC.,200221,,app_ui_features,False,STANDARD_TROUBLESHOOTING,TRAIN
200221,SpotifyCares,False,Wed Nov 08 12:05:00 +0000 2023,"Hi! The updated layout is permanent, but you can collapse or expand the Your Library view using the icon in the top-left of the sidebar to customize your view.",,200220,app_ui_features,False,STANDARD_TROUBLESHOOTING,TRAIN
200222,user_10111,True,Wed Nov 08 12:00:00 +0000 2023,@SpotifyCares Amazon Echo says 'Spotify is unavailable right now' when I ask Alexa to play music.,200223,,device_connectivity,False,STANDARD_TROUBLESHOOTING,TRAIN
200223,SpotifyCares,False,Wed Nov 08 12:05:00 +0000 2023,"Hi! Some Sonos devices only communicate over 2.4GHz. Check if your router separates 2.4GHz and 5GHz bands, and make sure Local Network access is enabled in your Settings > Spotify.",,200222,device_connectivity,False,STANDARD_TROUBLESHOOTING,TRAIN
200224,user_10112,True,Wed Nov 08 12:00:00 +0000 2023,@SpotifyCares your app is literally trash. Worst update in history. Canceling my sub and going to Apple Music!,200225,,chitchat_feedback_venting,True,HIGH_CHURN_RISK,TRAIN
200225,SpotifyCares,False,Wed Nov 08 12:05:00 +0000 2023,Thank you so much! We are thrilled you're loving Wrapped this year! 🎧✨,,200224,chitchat_feedback_venting,True,HIGH_CHURN_RISK,TRAIN
200226,user_10113,True,Wed Nov 08 12:00:00 +0000 2023,@SpotifyCares love the new Wrapped statistics! Best feature of the year by far ❤️,200227,,chitchat_feedback_venting,True,HIGH_CHURN_RISK,TRAIN
200227,SpotifyCares,False,Wed Nov 08 12:05:00 +0000 2023,"We're really sorry to hear you're frustrated. If there's a specific issue or bug you're experiencing, let us know and we'd love to help troubleshoot.",,200226,chitchat_feedback_venting,True,HIGH_CHURN_RISK,TRAIN
200228,user_10114,True,Wed Nov 08 12:00:00 +0000 2023,@SpotifyCares your app is literally trash. Worst update in history. Canceling my sub and going to Apple Music!,200229,,chitchat_feedback_venting,True,HIGH_CHURN_RISK,TRAIN
200229,SpotifyCares,False,Wed Nov 08 12:05:00 +0000 2023,Thank you so much! We are thrilled you're loving Wrapped this year! 🎧✨,,200228,chitchat_feedback_venting,True,HIGH_CHURN_RISK,TRAIN
200230,user_10115,True,Wed Nov 08 12:00:00 +0000 2023,@SpotifyCares search bar is completely frozen and doesn't register typing on MacBook Pro.,200231,,app_ui_features,False,STANDARD_TROUBLESHOOTING,TRAIN
200231,SpotifyCares,False,Wed Nov 08 12:05:00 +0000 2023,"Oh no! Try restarting your MacBook Pro and clearing cache in Settings > Storage > Clear Cache. If that doesn't fix the search bar, a clean reinstall will refresh the index.",,200230,app_ui_features,False,STANDARD_TROUBLESHOOTING,TRAIN
200232,user_10116,True,Wed Nov 08 12:00:00 +0000 2023,@SpotifyCares love the new Wrapped statistics! Best feature of the year by far ❤️,200233,,chitchat_feedback_venting,True,HIGH_CHURN_RISK,TRAIN
200233,SpotifyCares,False,Wed Nov 08 12:05:00 +0000 2023,Thank you so much! We are thrilled you're loving Wrapped this year! 🎧✨,,200232,chitchat_feedback_venting,True,HIGH_CHURN_RISK,TRAIN
200234,user_10117,True,Wed Nov 08 12:00:00 +0000 2023,@SpotifyCares Spotify Connect can't find my Sonos speakers even though we are on the exact same WiFi network.,200235,,device_connectivity,False,STANDARD_TROUBLESHOOTING,TRAIN
200235,SpotifyCares,False,Wed Nov 08 12:05:00 +0000 2023,"Hey! In the Alexa app, go to More > Settings > Music & Podcasts, unlink Spotify, and re-link your account. A quick router reboot also helps refresh the handshake!",,200234,device_connectivity,False,STANDARD_TROUBLESHOOTING,TRAIN
200236,user_10118,True,Wed Nov 08 12:00:00 +0000 2023,"@SpotifyCares thanks for helping me fix my playlist yesterday, you guys rock! Have a great weekend!",200237,,chitchat_feedback_venting,True,HIGH_CHURN_RISK,TRAIN
200237,SpotifyCares,False,Wed Nov 08 12:05:00 +0000 2023,We appreciate the candid feedback and are always sharing user impressions with our design team. Let us know if a specific feature is causing trouble.,,200236,chitchat_feedback_venting,True,HIGH_CHURN_RISK,TRAIN
200238,user_10119,True,Wed Nov 08 12:00:00 +0000 2023,@SpotifyCares Spotify Connect can't find my Sonos speakers even though we are on the exact same WiFi network.,200239,,device_connectivity,False,STANDARD_TROUBLESHOOTING,TRAIN
200239,SpotifyCares,False,Wed Nov 08 12:05:00 +0000 2023,"Thanks for reaching out. Try unpairing and re-pairing the Bluetooth connection, then toggle 'Car Mode' off in Spotify Settings > Car to test.",,200238,device_connectivity,False,STANDARD_TROUBLESHOOTING,TRAIN
200240,user_10120,True,Wed Nov 08 12:00:00 +0000 2023,@SpotifyCares how do I sort my Liked Songs playlist by artist on Samsung S23? Can't find the filter option.,200241,,app_ui_features,False,STANDARD_TROUBLESHOOTING,TRAIN
200241,SpotifyCares,False,Wed Nov 08 12:05:00 +0000 2023,"Hi! The updated layout is permanent, but you can collapse or expand the Your Library view using the icon in the top-left of the sidebar to customize your view.",,200240,app_ui_features,False,STANDARD_TROUBLESHOOTING,TRAIN
200242,user_10121,True,Wed Nov 08 12:00:00 +0000 2023,@SpotifyCares You charged me $11.99 TWICE this month on my credit card! I want an immediate refund.,200243,,subscription_billing,True,FINANCIAL_DISPUTE,TRAIN
200243,SpotifyCares,False,Wed Nov 08 12:05:00 +0000 2023,Hey! All Family Plan members must reside at the exact same physical address. Make sure she types the address exactly character-for-character as shown in the plan manager's account page.,,200242,subscription_billing,True,FINANCIAL_DISPUTE,TRAIN
200244,user_10122,True,Wed Nov 08 12:00:00 +0000 2023,@SpotifyCares Spotify Connect can't find my Sonos speakers even though we are on the exact same WiFi network.,200245,,device_connectivity,False,STANDARD_TROUBLESHOOTING,TRAIN
200245,SpotifyCares,False,Wed Nov 08 12:05:00 +0000 2023,"Hi! Some Sonos devices only communicate over 2.4GHz. Check if your router separates 2.4GHz and 5GHz bands, and make sure Local Network access is enabled in your Settings > Spotify.",,200244,device_connectivity,False,STANDARD_TROUBLESHOOTING,TRAIN
200246,user_10123,True,Wed Nov 08 12:00:00 +0000 2023,@SpotifyCares bluetooth in my car disconnects every 3 minutes only when playing Spotify.,200247,,device_connectivity,False,STANDARD_TROUBLESHOOTING,TRAIN
200247,SpotifyCares,False,Wed Nov 08 12:05:00 +0000 2023,"Hey! In the Alexa app, go to More > Settings > Music & Podcasts, unlink Spotify, and re-link your account. A quick router reboot also helps refresh the handshake!",,200246,device_connectivity,False,STANDARD_TROUBLESHOOTING,TRAIN
200248,user_10124,True,Wed Nov 08 12:00:00 +0000 2023,"@SpotifyCares stuck in a login loop. I enter my credentials, it says success, and kicks me back to login on iPad Pro.",200249,,account_access,True,SECURITY_RISK,TRAIN
200249,SpotifyCares,False,Wed Nov 08 12:05:00 +0000 2023,"Hey! Try clearing cookies and cache on your default mobile browser (Safari/Chrome), as the app uses browser webviews for authentication tokens.",,200248,account_access,True,SECURITY_RISK,TRAIN
200250,user_10125,True,Wed Nov 08 12:00:00 +0000 2023,@SpotifyCares where did the lyrics button go on Pixel 8? It disappeared from the Now Playing screen yesterday!,200251,,app_ui_features,False,STANDARD_TROUBLESHOOTING,TRAIN
200251,SpotifyCares,False,Wed Nov 08 12:05:00 +0000 2023,"Oh no! Try restarting your Pixel 8 and clearing cache in Settings > Storage > Clear Cache. If that doesn't fix the search bar, a clean reinstall will refresh the index.",,200250,app_ui_features,False,STANDARD_TROUBLESHOOTING,TRAIN
200252,user_10126,True,Wed Nov 08 12:00:00 +0000 2023,@SpotifyCares audio is crackling and stuttering through my headphones on iPad Pro app.,200253,,playback_audio_bugs,False,STANDARD_TROUBLESHOOTING,TRAIN
200253,SpotifyCares,False,Wed Nov 08 12:05:00 +0000 2023,Thanks for reporting! Try disabling 'Hardware Acceleration' in Spotify Settings > Show Advanced Settings. Then restart the app and see if the audio clears up.,,200252,playback_audio_bugs,False,STANDARD_TROUBLESHOOTING,TRAIN
200254,user_10127,True,Wed Nov 08 12:00:00 +0000 2023,@SpotifyCares love the new Wrapped statistics! Best feature of the year by far ❤️,200255,,chitchat_feedback_venting,True,HIGH_CHURN_RISK,TRAIN
200255,SpotifyCares,False,Wed Nov 08 12:05:00 +0000 2023,You're very welcome! We're always here to help. Enjoy the tunes and have a fantastic weekend! 🎶,,200254,chitchat_feedback_venting,True,HIGH_CHURN_RISK,TRAIN
200256,user_10128,True,Wed Nov 08 12:00:00 +0000 2023,@SpotifyCares I canceled Premium two weeks ago and I was still billed today. Fix this immediately.,200257,,subscription_billing,True,FINANCIAL_DISPUTE,TRAIN
200257,SpotifyCares,False,Wed Nov 08 12:05:00 +0000 2023,We understand your concern! Please DM us your account username and receipt date so a billing specialist can review your cancellation timestamp and process your refund.,,200256,subscription_billing,True,FINANCIAL_DISPUTE,TRAIN
200258,user_10129,True,Wed Nov 08 12:00:00 +0000 2023,@SpotifyCares I canceled Premium two weeks ago and I was still billed today. Fix this immediately.,200259,,subscription_billing,True,FINANCIAL_DISPUTE,TRAIN
200259,SpotifyCares,False,Wed Nov 08 12:05:00 +0000 2023,Hey! All Family Plan members must reside at the exact same physical address. Make sure she types the address exactly character-for-character as shown in the plan manager's account page.,,200258,subscription_billing,True,FINANCIAL_DISPUTE,TRAIN
200260,user_10130,True,Wed Nov 08 12:00:00 +0000 2023,@SpotifyCares someone accessed my account from Russia and deleted all my curated playlists!,200261,,account_access,True,SECURITY_RISK,TRAIN
200261,SpotifyCares,False,Wed Nov 08 12:05:00 +0000 2023,We take account security very seriously! Please send us a DM immediately with your original email and receipt of purchase so our security team can lock and restore your account.,,200260,account_access,True,SECURITY_RISK,TRAIN
200262,user_10131,True,Wed Nov 08 12:00:00 +0000 2023,@SpotifyCares why are half the songs on this album greyed out and unplayable for me?,200263,,content_availability,False,STANDARD_TROUBLESHOOTING,TRAIN
200263,SpotifyCares,False,Wed Nov 08 12:05:00 +0000 2023,"Hey! When songs appear greyed out, it is typically due to regional licensing agreements or changes by the rights holders. If you have 'Show unplayable songs' turned on in Settings, that highlights tracks currently restricted.",,200262,content_availability,False,STANDARD_TROUBLESHOOTING,TRAIN
200264,user_10132,True,Wed Nov 08 12:00:00 +0000 2023,"@SpotifyCares stuck in a login loop. I enter my credentials, it says success, and kicks me back to login on iPhone 14.",200265,,account_access,True,SECURITY_RISK,TRAIN
200265,SpotifyCares,False,Wed Nov 08 12:05:00 +0000 2023,"Hi there. Make sure the email you entered matches the one on file. If you originally signed up via Facebook or Apple ID, use those buttons on the login screen instead!",,200264,account_access,True,SECURITY_RISK,TRAIN
200266,user_10133,True,Wed Nov 08 12:00:00 +0000 2023,@SpotifyCares bluetooth in my car disconnects every 3 minutes only when playing Spotify.,200267,,device_connectivity,False,STANDARD_TROUBLESHOOTING,TRAIN
200267,SpotifyCares,False,Wed Nov 08 12:05:00 +0000 2023,"Hi! Some Sonos devices only communicate over 2.4GHz. Check if your router separates 2.4GHz and 5GHz bands, and make sure Local Network access is enabled in your Settings > Spotify.",,200266,device_connectivity,False,STANDARD_TROUBLESHOOTING,TRAIN
200268,user_10134,True,Wed Nov 08 12:00:00 +0000 2023,@SpotifyCares I canceled Premium two weeks ago and I was still billed today. Fix this immediately.,200269,,subscription_billing,True,FINANCIAL_DISPUTE,TRAIN
200269,SpotifyCares,False,Wed Nov 08 12:05:00 +0000 2023,"Hi! SheerID requires the document to clearly display your full name, university name, and an issue date within the current academic term. Check out support.spotify.com/article/student-discount/ for details.",,200268,subscription_billing,True,FINANCIAL_DISPUTE,TRAIN
200270,user_10135,True,Wed Nov 08 12:00:00 +0000 2023,@SpotifyCares You charged me $11.99 TWICE this month on my credit card! I want an immediate refund.,200271,,subscription_billing,True,FINANCIAL_DISPUTE,TRAIN
200271,SpotifyCares,False,Wed Nov 08 12:05:00 +0000 2023,We understand your concern! Please DM us your account username and receipt date so a billing specialist can review your cancellation timestamp and process your refund.,,200270,subscription_billing,True,FINANCIAL_DISPUTE,TRAIN
200272,user_10136,True,Wed Nov 08 12:00:00 +0000 2023,@SpotifyCares audio is crackling and stuttering through my headphones on Windows 11 PC app.,200273,,playback_audio_bugs,False,STANDARD_TROUBLESHOOTING,TRAIN
200273,SpotifyCares,False,Wed Nov 08 12:05:00 +0000 2023,"Hey! This usually happens due to battery optimization. Go to Windows 11 PC Settings > Apps > Spotify > Battery, and set it to 'Unrestricted'. That should prevent it from going to sleep.",,200272,playback_audio_bugs,False,STANDARD_TROUBLESHOOTING,TRAIN
200274,user_10137,True,Wed Nov 08 12:00:00 +0000 2023,@SpotifyCares your app is literally trash. Worst update in history. Canceling my sub and going to Apple Music!,200275,,chitchat_feedback_venting,True,HIGH_CHURN_RISK,TRAIN
200275,SpotifyCares,False,Wed Nov 08 12:05:00 +0000 2023,"We're really sorry to hear you're frustrated. If there's a specific issue or bug you're experiencing, let us know and we'd love to help troubleshoot.",,200274,chitchat_feedback_venting,True,HIGH_CHURN_RISK,TRAIN
200276,user_10138,True,Wed Nov 08 12:00:00 +0000 2023,@SpotifyCares your app is literally trash. Worst update in history. Canceling my sub and going to Apple Music!,200277,,chitchat_feedback_venting,True,HIGH_CHURN_RISK,TRAIN
200277,SpotifyCares,False,Wed Nov 08 12:05:00 +0000 2023,You're very welcome! We're always here to help. Enjoy the tunes and have a fantastic weekend! 🎶,,200276,chitchat_feedback_venting,True,HIGH_CHURN_RISK,TRAIN
200278,user_10139,True,Wed Nov 08 12:00:00 +0000 2023,@SpotifyCares Spotify won't show up on my Apple CarPlay screen anymore after updating Pixel 8.,200279,,device_connectivity,False,STANDARD_TROUBLESHOOTING,TRAIN
200279,SpotifyCares,False,Wed Nov 08 12:05:00 +0000 2023,"Hi! Some Sonos devices only communicate over 2.4GHz. Check if your router separates 2.4GHz and 5GHz bands, and make sure Local Network access is enabled in your Settings > Spotify.",,200278,device_connectivity,False,STANDARD_TROUBLESHOOTING,TRAIN
200280,user_10140,True,Wed Nov 08 12:00:00 +0000 2023,"@SpotifyCares who designs your UI? Fire them immediately, this update gave me a headache.",200281,,chitchat_feedback_venting,True,HIGH_CHURN_RISK,TRAIN
200281,SpotifyCares,False,Wed Nov 08 12:05:00 +0000 2023,You're very welcome! We're always here to help. Enjoy the tunes and have a fantastic weekend! 🎶,,200280,chitchat_feedback_venting,True,HIGH_CHURN_RISK,TRAIN
200282,user_10141,True,Wed Nov 08 12:00:00 +0000 2023,@SpotifyCares where did the lyrics button go on Samsung S23? It disappeared from the Now Playing screen yesterday!,200283,,app_ui_features,False,STANDARD_TROUBLESHOOTING,TRAIN
200283,SpotifyCares,False,Wed Nov 08 12:05:00 +0000 2023,"Hi! The updated layout is permanent, but you can collapse or expand the Your Library view using the icon in the top-left of the sidebar to customize your view.",,200282,app_ui_features,False,STANDARD_TROUBLESHOOTING,TRAIN
200284,user_10142,True,Wed Nov 08 12:00:00 +0000 2023,@SpotifyCares why are half the songs on this album greyed out and unplayable for me?,200285,,content_availability,False,STANDARD_TROUBLESHOOTING,TRAIN
200285,SpotifyCares,False,Wed Nov 08 12:05:00 +0000 2023,Hi! Content availability is managed directly by artists and their record labels or distributors. We hope to make their music available again soon!,,200284,content_availability,False,STANDARD_TROUBLESHOOTING,TRAIN
200286,user_10143,True,Wed Nov 08 12:00:00 +0000 2023,@SpotifyCares Spotify Connect can't find my Sonos speakers even though we are on the exact same WiFi network.,200287,,device_connectivity,False,STANDARD_TROUBLESHOOTING,TRAIN
200287,SpotifyCares,False,Wed Nov 08 12:05:00 +0000 2023,"Hey! On your MacBook Pro, go to Settings > General > CarPlay, select your vehicle, and check if Spotify is listed under customized apps. Also try restarting your car head unit.",,200286,device_connectivity,False,STANDARD_TROUBLESHOOTING,TRAIN
200288,user_10144,True,Wed Nov 08 12:00:00 +0000 2023,@SpotifyCares app keeps crashing every time I open my downloaded playlist offline on iPad Pro.,200289,,playback_audio_bugs,False,STANDARD_TROUBLESHOOTING,TRAIN
200289,SpotifyCares,False,Wed Nov 08 12:05:00 +0000 2023,Thanks for reporting! Try disabling 'Hardware Acceleration' in Spotify Settings > Show Advanced Settings. Then restart the app and see if the audio clears up.,,200288,playback_audio_bugs,False,STANDARD_TROUBLESHOOTING,TRAIN
200290,user_10145,True,Wed Nov 08 12:00:00 +0000 2023,@SpotifyCares your app is literally trash. Worst update in history. Canceling my sub and going to Apple Music!,200291,,chitchat_feedback_venting,True,HIGH_CHURN_RISK,TRAIN
200291,SpotifyCares,False,Wed Nov 08 12:05:00 +0000 2023,"We're really sorry to hear you're frustrated. If there's a specific issue or bug you're experiencing, let us know and we'd love to help troubleshoot.",,200290,chitchat_feedback_venting,True,HIGH_CHURN_RISK,TRAIN
200292,user_10146,True,Wed Nov 08 12:00:00 +0000 2023,@SpotifyCares bluetooth in my car disconnects every 3 minutes only when playing Spotify.,200293,,device_connectivity,False,STANDARD_TROUBLESHOOTING,TRAIN
200293,SpotifyCares,False,Wed Nov 08 12:05:00 +0000 2023,"Hey! On your MacBook Pro, go to Settings > General > CarPlay, select your vehicle, and check if Spotify is listed under customized apps. Also try restarting your car head unit.",,200292,device_connectivity,False,STANDARD_TROUBLESHOOTING,TRAIN
200294,user_10147,True,Wed Nov 08 12:00:00 +0000 2023,@SpotifyCares playback keeps skipping tracks continuously without playing anything on iPhone 14!,200295,,playback_audio_bugs,False,STANDARD_TROUBLESHOOTING,TRAIN
200295,SpotifyCares,False,Wed Nov 08 12:05:00 +0000 2023,"Oh no! Could you check if your web player at open.spotify.com behaves the same way? If it only happens in the app, clearing cache in Settings > Storage usually does the trick.",,200294,playback_audio_bugs,False,STANDARD_TROUBLESHOOTING,TRAIN
200296,user_10148,True,Wed Nov 08 12:00:00 +0000 2023,@SpotifyCares I canceled Premium two weeks ago and I was still billed today. Fix this immediately.,200297,,subscription_billing,True,FINANCIAL_DISPUTE,TRAIN
200297,SpotifyCares,False,Wed Nov 08 12:05:00 +0000 2023,Hey! All Family Plan members must reside at the exact same physical address. Make sure she types the address exactly character-for-character as shown in the plan manager's account page.,,200296,subscription_billing,True,FINANCIAL_DISPUTE,TRAIN
200298,user_10149,True,Wed Nov 08 12:00:00 +0000 2023,@SpotifyCares search bar is completely frozen and doesn't register typing on MacBook Pro.,200299,,app_ui_features,False,STANDARD_TROUBLESHOOTING,TRAIN
200299,SpotifyCares,False,Wed Nov 08 12:05:00 +0000 2023,Hey! Swipe down slightly at the top of your Liked Songs playlist to reveal the search and 'Sort' bar. Tap 'Sort' and pick 'Artist' from the list.,,200298,app_ui_features,False,STANDARD_TROUBLESHOOTING,TRAIN
200300,user_10150,True,Wed Nov 08 12:00:00 +0000 2023,@SpotifyCares love the new Wrapped statistics! Best feature of the year by far ❤️,200301,,chitchat_feedback_venting,True,HIGH_CHURN_RISK,TRAIN
200301,SpotifyCares,False,Wed Nov 08 12:05:00 +0000 2023,Thank you so much! We are thrilled you're loving Wrapped this year! 🎧✨,,200300,chitchat_feedback_venting,True,HIGH_CHURN_RISK,TRAIN
200302,user_10151,True,Wed Nov 08 12:00:00 +0000 2023,@SpotifyCares my student verification failed through SheerID even though I uploaded my enrollment letter.,200303,,subscription_billing,True,FINANCIAL_DISPUTE,TRAIN
200303,SpotifyCares,False,Wed Nov 08 12:05:00 +0000 2023,Hey! All Family Plan members must reside at the exact same physical address. Make sure she types the address exactly character-for-character as shown in the plan manager's account page.,,200302,subscription_billing,True,FINANCIAL_DISPUTE,TRAIN
200304,user_10152,True,Wed Nov 08 12:00:00 +0000 2023,@SpotifyCares I canceled Premium two weeks ago and I was still billed today. Fix this immediately.,200305,,subscription_billing,True,FINANCIAL_DISPUTE,TRAIN
200305,SpotifyCares,False,Wed Nov 08 12:05:00 +0000 2023,Hey! All Family Plan members must reside at the exact same physical address. Make sure she types the address exactly character-for-character as shown in the plan manager's account page.,,200304,subscription_billing,True,FINANCIAL_DISPUTE,TRAIN
200306,user_10153,True,Wed Nov 08 12:00:00 +0000 2023,@SpotifyCares a podcast episode that came out an hour ago won't load or play on iPhone 14.,200307,,content_availability,False,STANDARD_TROUBLESHOOTING,TRAIN
200307,SpotifyCares,False,Wed Nov 08 12:05:00 +0000 2023,Hi! Content availability is managed directly by artists and their record labels or distributors. We hope to make their music available again soon!,,200306,content_availability,False,STANDARD_TROUBLESHOOTING,TRAIN
200308,user_10154,True,Wed Nov 08 12:00:00 +0000 2023,"@SpotifyCares who designs your UI? Fire them immediately, this update gave me a headache.",200309,,chitchat_feedback_venting,True,HIGH_CHURN_RISK,TRAIN
200309,SpotifyCares,False,Wed Nov 08 12:05:00 +0000 2023,You're very welcome! We're always here to help. Enjoy the tunes and have a fantastic weekend! 🎶,,200308,chitchat_feedback_venting,True,HIGH_CHURN_RISK,TRAIN
200310,user_10155,True,Wed Nov 08 12:00:00 +0000 2023,@SpotifyCares my student verification failed through SheerID even though I uploaded my enrollment letter.,200311,,subscription_billing,True,FINANCIAL_DISPUTE,TRAIN
200311,SpotifyCares,False,Wed Nov 08 12:05:00 +0000 2023,"Hi! SheerID requires the document to clearly display your full name, university name, and an issue date within the current academic term. Check out support.spotify.com/article/student-discount/ for details.",,200310,subscription_billing,True,FINANCIAL_DISPUTE,TRAIN
200312,user_10156,True,Wed Nov 08 12:00:00 +0000 2023,@SpotifyCares how do I sort my Liked Songs playlist by artist on iPhone 14? Can't find the filter option.,200313,,app_ui_features,False,STANDARD_TROUBLESHOOTING,TRAIN
200313,SpotifyCares,False,Wed Nov 08 12:05:00 +0000 2023,"Oh no! Try restarting your iPhone 14 and clearing cache in Settings > Storage > Clear Cache. If that doesn't fix the search bar, a clean reinstall will refresh the index.",,200312,app_ui_features,False,STANDARD_TROUBLESHOOTING,TRAIN
200314,user_10157,True,Wed Nov 08 12:00:00 +0000 2023,@SpotifyCares HELP! Someone changed the email on my account and I'm locked out.,200315,,account_access,True,SECURITY_RISK,TRAIN
200315,SpotifyCares,False,Wed Nov 08 12:05:00 +0000 2023,"Hi there. Make sure the email you entered matches the one on file. If you originally signed up via Facebook or Apple ID, use those buttons on the login screen instead!",,200314,account_access,True,SECURITY_RISK,TRAIN
200316,user_10158,True,Wed Nov 08 12:00:00 +0000 2023,@SpotifyCares Spotify Connect can't find my Sonos speakers even though we are on the exact same WiFi network.,200317,,device_connectivity,False,STANDARD_TROUBLESHOOTING,TRAIN
200317,SpotifyCares,False,Wed Nov 08 12:05:00 +0000 2023,"Hey! In the Alexa app, go to More > Settings > Music & Podcasts, unlink Spotify, and re-link your account. A quick router reboot also helps refresh the handshake!",,200316,device_connectivity,False,STANDARD_TROUBLESHOOTING,TRAIN
200318,user_10159,True,Wed Nov 08 12:00:00 +0000 2023,@SpotifyCares Spotify won't show up on my Apple CarPlay screen anymore after updating Samsung S23.,200319,,device_connectivity,False,STANDARD_TROUBLESHOOTING,TRAIN
200319,SpotifyCares,False,Wed Nov 08 12:05:00 +0000 2023,"Hey! On your Samsung S23, go to Settings > General > CarPlay, select your vehicle, and check if Spotify is listed under customized apps. Also try restarting your car head unit.",,200318,device_connectivity,False,STANDARD_TROUBLESHOOTING,TRAIN
200320,user_10160,True,Wed Nov 08 12:00:00 +0000 2023,@SpotifyCares Spotify Connect can't find my Sonos speakers even though we are on the exact same WiFi network.,200321,,device_connectivity,False,STANDARD_TROUBLESHOOTING,TRAIN
200321,SpotifyCares,False,Wed Nov 08 12:05:00 +0000 2023,"Thanks for reaching out. Try unpairing and re-pairing the Bluetooth connection, then toggle 'Car Mode' off in Spotify Settings > Car to test.",,200320,device_connectivity,False,STANDARD_TROUBLESHOOTING,TRAIN
200322,user_10161,True,Wed Nov 08 12:00:00 +0000 2023,@SpotifyCares I canceled Premium two weeks ago and I was still billed today. Fix this immediately.,200323,,subscription_billing,True,FINANCIAL_DISPUTE,TRAIN
200323,SpotifyCares,False,Wed Nov 08 12:05:00 +0000 2023,"Hi! SheerID requires the document to clearly display your full name, university name, and an issue date within the current academic term. Check out support.spotify.com/article/student-discount/ for details.",,200322,subscription_billing,True,FINANCIAL_DISPUTE,TRAIN
200324,user_10162,True,Wed Nov 08 12:00:00 +0000 2023,@SpotifyCares my student verification failed through SheerID even though I uploaded my enrollment letter.,200325,,subscription_billing,True,FINANCIAL_DISPUTE,TRAIN
200325,SpotifyCares,False,Wed Nov 08 12:05:00 +0000 2023,We understand your concern! Please DM us your account username and receipt date so a billing specialist can review your cancellation timestamp and process your refund.,,200324,subscription_billing,True,FINANCIAL_DISPUTE,TRAIN
200326,user_10163,True,Wed Nov 08 12:00:00 +0000 2023,@SpotifyCares trying to add my family member to our Spotify Family Plan but it says her address doesn't match.,200327,,subscription_billing,True,FINANCIAL_DISPUTE,TRAIN
200327,SpotifyCares,False,Wed Nov 08 12:05:00 +0000 2023,"We can look into double charges for you right away. Since this involves billing details, please send us a DM with your account email and the last 4 digits of the card charged.",,200326,subscription_billing,True,FINANCIAL_DISPUTE,TRAIN
200328,user_10164,True,Wed Nov 08 12:00:00 +0000 2023,@SpotifyCares You charged me $11.99 TWICE this month on my credit card! I want an immediate refund.,200329,,subscription_billing,True,FINANCIAL_DISPUTE,TRAIN
200329,SpotifyCares,False,Wed Nov 08 12:05:00 +0000 2023,Hey! All Family Plan members must reside at the exact same physical address. Make sure she types the address exactly character-for-character as shown in the plan manager's account page.,,200328,subscription_billing,True,FINANCIAL_DISPUTE,TRAIN
200330,user_10165,True,Wed Nov 08 12:00:00 +0000 2023,@SpotifyCares why can't I swipe to queue songs anymore on Android? That was the best feature.,200331,,app_ui_features,False,STANDARD_TROUBLESHOOTING,TRAIN
200331,SpotifyCares,False,Wed Nov 08 12:05:00 +0000 2023,Hey! Swipe down slightly at the top of your Liked Songs playlist to reveal the search and 'Sort' bar. Tap 'Sort' and pick 'Artist' from the list.,,200330,app_ui_features,False,STANDARD_TROUBLESHOOTING,TRAIN
200332,user_10166,True,Wed Nov 08 12:00:00 +0000 2023,"@SpotifyCares who designs your UI? Fire them immediately, this update gave me a headache.",200333,,chitchat_feedback_venting,True,HIGH_CHURN_RISK,TRAIN
200333,SpotifyCares,False,Wed Nov 08 12:05:00 +0000 2023,"We're really sorry to hear you're frustrated. If there's a specific issue or bug you're experiencing, let us know and we'd love to help troubleshoot.",,200332,chitchat_feedback_venting,True,HIGH_CHURN_RISK,TRAIN
200334,user_10167,True,Wed Nov 08 12:00:00 +0000 2023,@SpotifyCares trying to add my family member to our Spotify Family Plan but it says her address doesn't match.,200335,,subscription_billing,True,FINANCIAL_DISPUTE,TRAIN
200335,SpotifyCares,False,Wed Nov 08 12:05:00 +0000 2023,"Hi! SheerID requires the document to clearly display your full name, university name, and an issue date within the current academic term. Check out support.spotify.com/article/student-discount/ for details.",,200334,subscription_billing,True,FINANCIAL_DISPUTE,TRAIN
200336,user_10168,True,Wed Nov 08 12:00:00 +0000 2023,@SpotifyCares app keeps crashing every time I open my downloaded playlist offline on iPhone 15 Pro.,200337,,playback_audio_bugs,False,STANDARD_TROUBLESHOOTING,TRAIN
200337,SpotifyCares,False,Wed Nov 08 12:05:00 +0000 2023,"Hi! Downloads can be removed if you switch offline mode off for over 30 days or reinstall the app. Try toggling Offline Mode off and on in Settings > Playback, then re-download over WiFi.",,200336,playback_audio_bugs,False,STANDARD_TROUBLESHOOTING,TRAIN
200338,user_10169,True,Wed Nov 08 12:00:00 +0000 2023,@SpotifyCares my songs keep pausing after 10 seconds on my Samsung S23 iOS 16.5.,200339,,playback_audio_bugs,False,STANDARD_TROUBLESHOOTING,TRAIN
200339,SpotifyCares,False,Wed Nov 08 12:05:00 +0000 2023,"Hi! Downloads can be removed if you switch offline mode off for over 30 days or reinstall the app. Try toggling Offline Mode off and on in Settings > Playback, then re-download over WiFi.",,200338,playback_audio_bugs,False,STANDARD_TROUBLESHOOTING,TRAIN
200340,user_10170,True,Wed Nov 08 12:00:00 +0000 2023,@SpotifyCares why can't I swipe to queue songs anymore on Android? That was the best feature.,200341,,app_ui_features,False,STANDARD_TROUBLESHOOTING,TRAIN
200341,SpotifyCares,False,Wed Nov 08 12:05:00 +0000 2023,"Hey! Lyrics are provided via Musixmatch and availability varies by track and territory. If lyrics are missing across all songs, try logging out and logging back in to refresh your app data.",,200340,app_ui_features,False,STANDARD_TROUBLESHOOTING,TRAIN
200342,user_10171,True,Wed Nov 08 12:00:00 +0000 2023,@SpotifyCares why did you remove the entire discography of this indie artist today?,200343,,content_availability,False,STANDARD_TROUBLESHOOTING,TRAIN
200343,SpotifyCares,False,Wed Nov 08 12:05:00 +0000 2023,Hey! It can take a short while for newly published podcast episodes to propagate across all CDN servers. Try clearing your app cache and checking again in 30 minutes.,,200342,content_availability,False,STANDARD_TROUBLESHOOTING,TRAIN
200344,user_10172,True,Wed Nov 08 12:00:00 +0000 2023,@SpotifyCares trying to add my family member to our Spotify Family Plan but it says her address doesn't match.,200345,,subscription_billing,True,FINANCIAL_DISPUTE,TRAIN
200345,SpotifyCares,False,Wed Nov 08 12:05:00 +0000 2023,"We can look into double charges for you right away. Since this involves billing details, please send us a DM with your account email and the last 4 digits of the card charged.",,200344,subscription_billing,True,FINANCIAL_DISPUTE,TRAIN
200346,user_10173,True,Wed Nov 08 12:00:00 +0000 2023,@SpotifyCares my songs keep pausing after 10 seconds on my Pixel 8 iOS 17.,200347,,playback_audio_bugs,False,STANDARD_TROUBLESHOOTING,TRAIN
200347,SpotifyCares,False,Wed Nov 08 12:05:00 +0000 2023,"Oh no! Could you check if your web player at open.spotify.com behaves the same way? If it only happens in the app, clearing cache in Settings > Storage usually does the trick.",,200346,playback_audio_bugs,False,STANDARD_TROUBLESHOOTING,TRAIN
200348,user_10174,True,Wed Nov 08 12:00:00 +0000 2023,@SpotifyCares why are half the songs on this album greyed out and unplayable for me?,200349,,content_availability,False,STANDARD_TROUBLESHOOTING,TRAIN
200349,SpotifyCares,False,Wed Nov 08 12:05:00 +0000 2023,"Hi there! If you are on a Family Plan, make sure the Plan Manager hasn't toggled explicit content off for your sub-account in their Family settings.",,200348,content_availability,False,STANDARD_TROUBLESHOOTING,TRAIN
200350,user_10175,True,Wed Nov 08 12:00:00 +0000 2023,@SpotifyCares You charged me $11.99 TWICE this month on my credit card! I want an immediate refund.,200351,,subscription_billing,True,FINANCIAL_DISPUTE,TRAIN
200351,SpotifyCares,False,Wed Nov 08 12:05:00 +0000 2023,Hey! All Family Plan members must reside at the exact same physical address. Make sure she types the address exactly character-for-character as shown in the plan manager's account page.,,200350,subscription_billing,True,FINANCIAL_DISPUTE,TRAIN
200352,user_10176,True,Wed Nov 08 12:00:00 +0000 2023,@SpotifyCares love the new Wrapped statistics! Best feature of the year by far ❤️,200353,,chitchat_feedback_venting,True,HIGH_CHURN_RISK,TRAIN
200353,SpotifyCares,False,Wed Nov 08 12:05:00 +0000 2023,You're very welcome! We're always here to help. Enjoy the tunes and have a fantastic weekend! 🎶,,200352,chitchat_feedback_venting,True,HIGH_CHURN_RISK,TRAIN
200354,user_10177,True,Wed Nov 08 12:00:00 +0000 2023,@SpotifyCares Amazon Echo says 'Spotify is unavailable right now' when I ask Alexa to play music.,200355,,device_connectivity,False,STANDARD_TROUBLESHOOTING,TRAIN
200355,SpotifyCares,False,Wed Nov 08 12:05:00 +0000 2023,"Hey! In the Alexa app, go to More > Settings > Music & Podcasts, unlink Spotify, and re-link your account. A quick router reboot also helps refresh the handshake!",,200354,device_connectivity,False,STANDARD_TROUBLESHOOTING,TRAIN
200356,user_10178,True,Wed Nov 08 12:00:00 +0000 2023,@SpotifyCares bluetooth in my car disconnects every 3 minutes only when playing Spotify.,200357,,device_connectivity,False,STANDARD_TROUBLESHOOTING,TRAIN
200357,SpotifyCares,False,Wed Nov 08 12:05:00 +0000 2023,"Hey! On your MacBook Pro, go to Settings > General > CarPlay, select your vehicle, and check if Spotify is listed under customized apps. Also try restarting your car head unit.",,200356,device_connectivity,False,STANDARD_TROUBLESHOOTING,TRAIN
200358,user_10179,True,Wed Nov 08 12:00:00 +0000 2023,"@SpotifyCares thanks for helping me fix my playlist yesterday, you guys rock! Have a great weekend!",200359,,chitchat_feedback_venting,True,HIGH_CHURN_RISK,TRAIN
200359,SpotifyCares,False,Wed Nov 08 12:05:00 +0000 2023,You're very welcome! We're always here to help. Enjoy the tunes and have a fantastic weekend! 🎶,,200358,chitchat_feedback_venting,True,HIGH_CHURN_RISK,TRAIN
200360,user_10180,True,Wed Nov 08 12:00:00 +0000 2023,@SpotifyCares I'm not receiving the password reset email at all. Checked spam and trash.,200361,,account_access,True,SECURITY_RISK,TRAIN
200361,SpotifyCares,False,Wed Nov 08 12:05:00 +0000 2023,"Hi there. Make sure the email you entered matches the one on file. If you originally signed up via Facebook or Apple ID, use those buttons on the login screen instead!",,200360,account_access,True,SECURITY_RISK,TRAIN
200362,user_10181,True,Wed Nov 08 12:00:00 +0000 2023,@SpotifyCares HELP! Someone changed the email on my account and I'm locked out.,200363,,account_access,True,SECURITY_RISK,TRAIN
200363,SpotifyCares,False,Wed Nov 08 12:05:00 +0000 2023,"Hey! Try clearing cookies and cache on your default mobile browser (Safari/Chrome), as the app uses browser webviews for authentication tokens.",,200362,account_access,True,SECURITY_RISK,TRAIN
200364,user_10182,True,Wed Nov 08 12:00:00 +0000 2023,@SpotifyCares bluetooth in my car disconnects every 3 minutes only when playing Spotify.,200365,,device_connectivity,False,STANDARD_TROUBLESHOOTING,TRAIN
200365,SpotifyCares,False,Wed Nov 08 12:05:00 +0000 2023,"Hey! On your iPhone 15 Pro, go to Settings > General > CarPlay, select your vehicle, and check if Spotify is listed under customized apps. Also try restarting your car head unit.",,200364,device_connectivity,False,STANDARD_TROUBLESHOOTING,TRAIN
200366,user_10183,True,Wed Nov 08 12:00:00 +0000 2023,@SpotifyCares how do I sort my Liked Songs playlist by artist on iPhone 14? Can't find the filter option.,200367,,app_ui_features,False,STANDARD_TROUBLESHOOTING,TRAIN
200367,SpotifyCares,False,Wed Nov 08 12:05:00 +0000 2023,Thanks for the feedback! Swipe to queue is currently available on iOS and select Android builds as part of ongoing UI testing.,,200366,app_ui_features,False,STANDARD_TROUBLESHOOTING,TRAIN
200368,user_10184,True,Wed Nov 08 12:00:00 +0000 2023,@SpotifyCares trying to add my family member to our Spotify Family Plan but it says her address doesn't match.,200369,,subscription_billing,True,FINANCIAL_DISPUTE,TRAIN
200369,SpotifyCares,False,Wed Nov 08 12:05:00 +0000 2023,We understand your concern! Please DM us your account username and receipt date so a billing specialist can review your cancellation timestamp and process your refund.,,200368,subscription_billing,True,FINANCIAL_DISPUTE,TRAIN
200370,user_10185,True,Wed Nov 08 12:00:00 +0000 2023,@SpotifyCares I'm not receiving the password reset email at all. Checked spam and trash.,200371,,account_access,True,SECURITY_RISK,TRAIN
200371,SpotifyCares,False,Wed Nov 08 12:05:00 +0000 2023,"Let's secure your account! Log in to your account page on spotify.com, click 'Sign out everywhere', and change your password right away. If you need more help, DM us.",,200370,account_access,True,SECURITY_RISK,TRAIN
200372,user_10186,True,Wed Nov 08 12:00:00 +0000 2023,@SpotifyCares my songs keep pausing after 10 seconds on my iPad Pro Android 14.,200373,,playback_audio_bugs,False,STANDARD_TROUBLESHOOTING,TRAIN
200373,SpotifyCares,False,Wed Nov 08 12:05:00 +0000 2023,"Hey! This usually happens due to battery optimization. Go to iPad Pro Settings > Apps > Spotify > Battery, and set it to 'Unrestricted'. That should prevent it from going to sleep.",,200372,playback_audio_bugs,False,STANDARD_TROUBLESHOOTING,TRAIN
200374,user_10187,True,Wed Nov 08 12:00:00 +0000 2023,@SpotifyCares why did you remove the entire discography of this indie artist today?,200375,,content_availability,False,STANDARD_TROUBLESHOOTING,TRAIN
200375,SpotifyCares,False,Wed Nov 08 12:05:00 +0000 2023,Hey! It can take a short while for newly published podcast episodes to propagate across all CDN servers. Try clearing your app cache and checking again in 30 minutes.,,200374,content_availability,False,STANDARD_TROUBLESHOOTING,TRAIN
200376,user_10188,True,Wed Nov 08 12:00:00 +0000 2023,@SpotifyCares how do I sort my Liked Songs playlist by artist on Samsung S23? Can't find the filter option.,200377,,app_ui_features,False,STANDARD_TROUBLESHOOTING,TRAIN
200377,SpotifyCares,False,Wed Nov 08 12:05:00 +0000 2023,Thanks for the feedback! Swipe to queue is currently available on iOS and select Android builds as part of ongoing UI testing.,,200376,app_ui_features,False,STANDARD_TROUBLESHOOTING,TRAIN
200378,user_10189,True,Wed Nov 08 12:00:00 +0000 2023,@SpotifyCares a podcast episode that came out an hour ago won't load or play on iPhone 14.,200379,,content_availability,False,STANDARD_TROUBLESHOOTING,TRAIN
200379,SpotifyCares,False,Wed Nov 08 12:05:00 +0000 2023,Hey! It can take a short while for newly published podcast episodes to propagate across all CDN servers. Try clearing your app cache and checking again in 30 minutes.,,200378,content_availability,False,STANDARD_TROUBLESHOOTING,TRAIN
200380,user_10190,True,Wed Nov 08 12:00:00 +0000 2023,@SpotifyCares playback keeps skipping tracks continuously without playing anything on MacBook Pro!,200381,,playback_audio_bugs,False,STANDARD_TROUBLESHOOTING,TRAIN
200381,SpotifyCares,False,Wed Nov 08 12:05:00 +0000 2023,Thanks for reporting! Try disabling 'Hardware Acceleration' in Spotify Settings > Show Advanced Settings. Then restart the app and see if the audio clears up.,,200380,playback_audio_bugs,False,STANDARD_TROUBLESHOOTING,TRAIN
200382,user_10191,True,Wed Nov 08 12:00:00 +0000 2023,@SpotifyCares my songs keep pausing after 10 seconds on my Windows 11 PC Windows 11.,200383,,playback_audio_bugs,False,STANDARD_TROUBLESHOOTING,TRAIN
200383,SpotifyCares,False,Wed Nov 08 12:05:00 +0000 2023,"Hey! This usually happens due to battery optimization. Go to Windows 11 PC Settings > Apps > Spotify > Battery, and set it to 'Unrestricted'. That should prevent it from going to sleep.",,200382,playback_audio_bugs,False,STANDARD_TROUBLESHOOTING,TRAIN
200384,user_10192,True,Wed Nov 08 12:00:00 +0000 2023,@SpotifyCares why are half the songs on this album greyed out and unplayable for me?,200385,,content_availability,False,STANDARD_TROUBLESHOOTING,TRAIN
200385,SpotifyCares,False,Wed Nov 08 12:05:00 +0000 2023,Hi! Content availability is managed directly by artists and their record labels or distributors. We hope to make their music available again soon!,,200384,content_availability,False,STANDARD_TROUBLESHOOTING,TRAIN
200386,user_10193,True,Wed Nov 08 12:00:00 +0000 2023,"@SpotifyCares thanks for helping me fix my playlist yesterday, you guys rock! Have a great weekend!",200387,,chitchat_feedback_venting,True,HIGH_CHURN_RISK,TRAIN
200387,SpotifyCares,False,Wed Nov 08 12:05:00 +0000 2023,Thank you so much! We are thrilled you're loving Wrapped this year! 🎧✨,,200386,chitchat_feedback_venting,True,HIGH_CHURN_RISK,TRAIN
200388,user_10194,True,Wed Nov 08 12:00:00 +0000 2023,@SpotifyCares trying to add my family member to our Spotify Family Plan but it says her address doesn't match.,200389,,subscription_billing,True,FINANCIAL_DISPUTE,TRAIN
200389,SpotifyCares,False,Wed Nov 08 12:05:00 +0000 2023,We understand your concern! Please DM us your account username and receipt date so a billing specialist can review your cancellation timestamp and process your refund.,,200388,subscription_billing,True,FINANCIAL_DISPUTE,TRAIN
200390,user_10195,True,Wed Nov 08 12:00:00 +0000 2023,@SpotifyCares playback keeps skipping tracks continuously without playing anything on Pixel 8!,200391,,playback_audio_bugs,False,STANDARD_TROUBLESHOOTING,TRAIN
200391,SpotifyCares,False,Wed Nov 08 12:05:00 +0000 2023,Thanks for reporting! Try disabling 'Hardware Acceleration' in Spotify Settings > Show Advanced Settings. Then restart the app and see if the audio clears up.,,200390,playback_audio_bugs,False,STANDARD_TROUBLESHOOTING,TRAIN
200392,user_10196,True,Wed Nov 08 12:00:00 +0000 2023,@SpotifyCares You charged me $11.99 TWICE this month on my credit card! I want an immediate refund.,200393,,subscription_billing,True,FINANCIAL_DISPUTE,TRAIN
200393,SpotifyCares,False,Wed Nov 08 12:05:00 +0000 2023,Hey! All Family Plan members must reside at the exact same physical address. Make sure she types the address exactly character-for-character as shown in the plan manager's account page.,,200392,subscription_billing,True,FINANCIAL_DISPUTE,TRAIN
200394,user_10197,True,Wed Nov 08 12:00:00 +0000 2023,@SpotifyCares why can't I swipe to queue songs anymore on Android? That was the best feature.,200395,,app_ui_features,False,STANDARD_TROUBLESHOOTING,TRAIN
200395,SpotifyCares,False,Wed Nov 08 12:05:00 +0000 2023,Hey! Swipe down slightly at the top of your Liked Songs playlist to reveal the search and 'Sort' bar. Tap 'Sort' and pick 'Artist' from the list.,,200394,app_ui_features,False,STANDARD_TROUBLESHOOTING,TRAIN
200396,user_10198,True,Wed Nov 08 12:00:00 +0000 2023,@SpotifyCares your app is literally trash. Worst update in history. Canceling my sub and going to Apple Music!,200397,,chitchat_feedback_venting,True,HIGH_CHURN_RISK,TRAIN
200397,SpotifyCares,False,Wed Nov 08 12:05:00 +0000 2023,Thank you so much! We are thrilled you're loving Wrapped this year! 🎧✨,,200396,chitchat_feedback_venting,True,HIGH_CHURN_RISK,TRAIN
200398,user_10199,True,Wed Nov 08 12:00:00 +0000 2023,@SpotifyCares my student verification failed through SheerID even though I uploaded my enrollment letter.,200399,,subscription_billing,True,FINANCIAL_DISPUTE,TRAIN
200399,SpotifyCares,False,Wed Nov 08 12:05:00 +0000 2023,"We can look into double charges for you right away. Since this involves billing details, please send us a DM with your account email and the last 4 digits of the card charged.",,200398,subscription_billing,True,FINANCIAL_DISPUTE,TRAIN
200400,user_10200,True,Wed Nov 08 12:00:00 +0000 2023,@SpotifyCares your app is literally trash. Worst update in history. Canceling my sub and going to Apple Music!,200401,,chitchat_feedback_venting,True,HIGH_CHURN_RISK,TRAIN
200401,SpotifyCares,False,Wed Nov 08 12:05:00 +0000 2023,Thank you so much! We are thrilled you're loving Wrapped this year! 🎧✨,,200400,chitchat_feedback_venting,True,HIGH_CHURN_RISK,TRAIN
200402,user_10201,True,Wed Nov 08 12:00:00 +0000 2023,@SpotifyCares someone accessed my account from Russia and deleted all my curated playlists!,200403,,account_access,True,SECURITY_RISK,TRAIN
200403,SpotifyCares,False,Wed Nov 08 12:05:00 +0000 2023,"Let's secure your account! Log in to your account page on spotify.com, click 'Sign out everywhere', and change your password right away. If you need more help, DM us.",,200402,account_access,True,SECURITY_RISK,TRAIN
200404,user_10202,True,Wed Nov 08 12:00:00 +0000 2023,@SpotifyCares why can't I swipe to queue songs anymore on Android? That was the best feature.,200405,,app_ui_features,False,STANDARD_TROUBLESHOOTING,TRAIN
200405,SpotifyCares,False,Wed Nov 08 12:05:00 +0000 2023,"Hey! Lyrics are provided via Musixmatch and availability varies by track and territory. If lyrics are missing across all songs, try logging out and logging back in to refresh your app data.",,200404,app_ui_features,False,STANDARD_TROUBLESHOOTING,TRAIN
200406,user_10203,True,Wed Nov 08 12:00:00 +0000 2023,@SpotifyCares clean versions of rap songs keep playing even though I turned 'Allow Explicit Content' ON in settings.,200407,,content_availability,False,STANDARD_TROUBLESHOOTING,TRAIN
200407,SpotifyCares,False,Wed Nov 08 12:05:00 +0000 2023,Hi! Content availability is managed directly by artists and their record labels or distributors. We hope to make their music available again soon!,,200406,content_availability,False,STANDARD_TROUBLESHOOTING,TRAIN
200408,user_10204,True,Wed Nov 08 12:00:00 +0000 2023,@SpotifyCares my songs keep pausing after 10 seconds on my iPad Pro iOS 16.5.,200409,,playback_audio_bugs,False,STANDARD_TROUBLESHOOTING,TRAIN
200409,SpotifyCares,False,Wed Nov 08 12:05:00 +0000 2023,"Hi! Downloads can be removed if you switch offline mode off for over 30 days or reinstall the app. Try toggling Offline Mode off and on in Settings > Playback, then re-download over WiFi.",,200408,playback_audio_bugs,False,STANDARD_TROUBLESHOOTING,TRAIN
200410,user_10205,True,Wed Nov 08 12:00:00 +0000 2023,@SpotifyCares the new update completely ruined the playlist sidebar. Can I revert to the old UI layout?,200411,,app_ui_features,False,STANDARD_TROUBLESHOOTING,TRAIN
200411,SpotifyCares,False,Wed Nov 08 12:05:00 +0000 2023,Hey! Swipe down slightly at the top of your Liked Songs playlist to reveal the search and 'Sort' bar. Tap 'Sort' and pick 'Artist' from the list.,,200410,app_ui_features,False,STANDARD_TROUBLESHOOTING,TRAIN
200412,user_10206,True,Wed Nov 08 12:00:00 +0000 2023,@SpotifyCares a podcast episode that came out an hour ago won't load or play on iPhone 15 Pro.,200413,,content_availability,False,STANDARD_TROUBLESHOOTING,TRAIN
200413,SpotifyCares,False,Wed Nov 08 12:05:00 +0000 2023,"Hey! When songs appear greyed out, it is typically due to regional licensing agreements or changes by the rights holders. If you have 'Show unplayable songs' turned on in Settings, that highlights tracks currently restricted.",,200412,content_availability,False,STANDARD_TROUBLESHOOTING,TRAIN
200414,user_10207,True,Wed Nov 08 12:00:00 +0000 2023,@SpotifyCares Spotify won't show up on my Apple CarPlay screen anymore after updating Pixel 8.,200415,,device_connectivity,False,STANDARD_TROUBLESHOOTING,TRAIN
200415,SpotifyCares,False,Wed Nov 08 12:05:00 +0000 2023,"Hi! Some Sonos devices only communicate over 2.4GHz. Check if your router separates 2.4GHz and 5GHz bands, and make sure Local Network access is enabled in your Settings > Spotify.",,200414,device_connectivity,False,STANDARD_TROUBLESHOOTING,TRAIN
200416,user_10208,True,Wed Nov 08 12:00:00 +0000 2023,@SpotifyCares why did you remove the entire discography of this indie artist today?,200417,,content_availability,False,STANDARD_TROUBLESHOOTING,TRAIN
200417,SpotifyCares,False,Wed Nov 08 12:05:00 +0000 2023,Hey! It can take a short while for newly published podcast episodes to propagate across all CDN servers. Try clearing your app cache and checking again in 30 minutes.,,200416,content_availability,False,STANDARD_TROUBLESHOOTING,TRAIN
200418,user_10209,True,Wed Nov 08 12:00:00 +0000 2023,@SpotifyCares Spotify Connect can't find my Sonos speakers even though we are on the exact same WiFi network.,200419,,device_connectivity,False,STANDARD_TROUBLESHOOTING,TRAIN
200419,SpotifyCares,False,Wed Nov 08 12:05:00 +0000 2023,"Hey! In the Alexa app, go to More > Settings > Music & Podcasts, unlink Spotify, and re-link your account. A quick router reboot also helps refresh the handshake!",,200418,device_connectivity,False,STANDARD_TROUBLESHOOTING,TRAIN
200420,user_10210,True,Wed Nov 08 12:00:00 +0000 2023,@SpotifyCares Spotify Connect can't find my Sonos speakers even though we are on the exact same WiFi network.,200421,,device_connectivity,False,STANDARD_TROUBLESHOOTING,TRAIN
200421,SpotifyCares,False,Wed Nov 08 12:05:00 +0000 2023,"Hi! Some Sonos devices only communicate over 2.4GHz. Check if your router separates 2.4GHz and 5GHz bands, and make sure Local Network access is enabled in your Settings > Spotify.",,200420,device_connectivity,False,STANDARD_TROUBLESHOOTING,TRAIN
200422,user_10211,True,Wed Nov 08 12:00:00 +0000 2023,@SpotifyCares I canceled Premium two weeks ago and I was still billed today. Fix this immediately.,200423,,subscription_billing,True,FINANCIAL_DISPUTE,TRAIN
200423,SpotifyCares,False,Wed Nov 08 12:05:00 +0000 2023,"Hi! SheerID requires the document to clearly display your full name, university name, and an issue date within the current academic term. Check out support.spotify.com/article/student-discount/ for details.",,200422,subscription_billing,True,FINANCIAL_DISPUTE,TRAIN
200424,user_10212,True,Wed Nov 08 12:00:00 +0000 2023,@SpotifyCares You charged me $11.99 TWICE this month on my credit card! I want an immediate refund.,200425,,subscription_billing,True,FINANCIAL_DISPUTE,TRAIN
200425,SpotifyCares,False,Wed Nov 08 12:05:00 +0000 2023,"Hi! SheerID requires the document to clearly display your full name, university name, and an issue date within the current academic term. Check out support.spotify.com/article/student-discount/ for details.",,200424,subscription_billing,True,FINANCIAL_DISPUTE,TRAIN
200426,user_10213,True,Wed Nov 08 12:00:00 +0000 2023,@SpotifyCares love the new Wrapped statistics! Best feature of the year by far ❤️,200427,,chitchat_feedback_venting,True,HIGH_CHURN_RISK,TRAIN
200427,SpotifyCares,False,Wed Nov 08 12:05:00 +0000 2023,You're very welcome! We're always here to help. Enjoy the tunes and have a fantastic weekend! 🎶,,200426,chitchat_feedback_venting,True,HIGH_CHURN_RISK,TRAIN
200428,user_10214,True,Wed Nov 08 12:00:00 +0000 2023,@SpotifyCares bluetooth in my car disconnects every 3 minutes only when playing Spotify.,200429,,device_connectivity,False,STANDARD_TROUBLESHOOTING,TRAIN
200429,SpotifyCares,False,Wed Nov 08 12:05:00 +0000 2023,"Thanks for reaching out. Try unpairing and re-pairing the Bluetooth connection, then toggle 'Car Mode' off in Spotify Settings > Car to test.",,200428,device_connectivity,False,STANDARD_TROUBLESHOOTING,TRAIN
200430,user_10215,True,Wed Nov 08 12:00:00 +0000 2023,@SpotifyCares Amazon Echo says 'Spotify is unavailable right now' when I ask Alexa to play music.,200431,,device_connectivity,False,STANDARD_TROUBLESHOOTING,TRAIN
200431,SpotifyCares,False,Wed Nov 08 12:05:00 +0000 2023,"Thanks for reaching out. Try unpairing and re-pairing the Bluetooth connection, then toggle 'Car Mode' off in Spotify Settings > Car to test.",,200430,device_connectivity,False,STANDARD_TROUBLESHOOTING,TRAIN
200432,user_10216,True,Wed Nov 08 12:00:00 +0000 2023,@SpotifyCares the new update completely ruined the playlist sidebar. Can I revert to the old UI layout?,200433,,app_ui_features,False,STANDARD_TROUBLESHOOTING,TRAIN
200433,SpotifyCares,False,Wed Nov 08 12:05:00 +0000 2023,"Oh no! Try restarting your Pixel 8 and clearing cache in Settings > Storage > Clear Cache. If that doesn't fix the search bar, a clean reinstall will refresh the index.",,200432,app_ui_features,False,STANDARD_TROUBLESHOOTING,TRAIN
200434,user_10217,True,Wed Nov 08 12:00:00 +0000 2023,@SpotifyCares love the new Wrapped statistics! Best feature of the year by far ❤️,200435,,chitchat_feedback_venting,True,HIGH_CHURN_RISK,TRAIN
200435,SpotifyCares,False,Wed Nov 08 12:05:00 +0000 2023,"We're really sorry to hear you're frustrated. If there's a specific issue or bug you're experiencing, let us know and we'd love to help troubleshoot.",,200434,chitchat_feedback_venting,True,HIGH_CHURN_RISK,TRAIN
200436,user_10218,True,Wed Nov 08 12:00:00 +0000 2023,@SpotifyCares why can't I swipe to queue songs anymore on Android? That was the best feature.,200437,,app_ui_features,False,STANDARD_TROUBLESHOOTING,TRAIN
200437,SpotifyCares,False,Wed Nov 08 12:05:00 +0000 2023,Thanks for the feedback! Swipe to queue is currently available on iOS and select Android builds as part of ongoing UI testing.,,200436,app_ui_features,False,STANDARD_TROUBLESHOOTING,TRAIN
200438,user_10219,True,Wed Nov 08 12:00:00 +0000 2023,@SpotifyCares Spotify won't show up on my Apple CarPlay screen anymore after updating MacBook Pro.,200439,,device_connectivity,False,STANDARD_TROUBLESHOOTING,TRAIN
200439,SpotifyCares,False,Wed Nov 08 12:05:00 +0000 2023,"Hi! Some Sonos devices only communicate over 2.4GHz. Check if your router separates 2.4GHz and 5GHz bands, and make sure Local Network access is enabled in your Settings > Spotify.",,200438,device_connectivity,False,STANDARD_TROUBLESHOOTING,TRAIN
200440,user_10220,True,Wed Nov 08 12:00:00 +0000 2023,@SpotifyCares You charged me $11.99 TWICE this month on my credit card! I want an immediate refund.,200441,,subscription_billing,True,FINANCIAL_DISPUTE,TRAIN
200441,SpotifyCares,False,Wed Nov 08 12:05:00 +0000 2023,We understand your concern! Please DM us your account username and receipt date so a billing specialist can review your cancellation timestamp and process your refund.,,200440,subscription_billing,True,FINANCIAL_DISPUTE,TRAIN
200442,user_10221,True,Wed Nov 08 12:00:00 +0000 2023,@SpotifyCares Spotify won't show up on my Apple CarPlay screen anymore after updating Pixel 8.,200443,,device_connectivity,False,STANDARD_TROUBLESHOOTING,TRAIN
200443,SpotifyCares,False,Wed Nov 08 12:05:00 +0000 2023,"Hi! Some Sonos devices only communicate over 2.4GHz. Check if your router separates 2.4GHz and 5GHz bands, and make sure Local Network access is enabled in your Settings > Spotify.",,200442,device_connectivity,False,STANDARD_TROUBLESHOOTING,TRAIN
200444,user_10222,True,Wed Nov 08 12:00:00 +0000 2023,@SpotifyCares playback keeps skipping tracks continuously without playing anything on Samsung S23!,200445,,playback_audio_bugs,False,STANDARD_TROUBLESHOOTING,TRAIN
200445,SpotifyCares,False,Wed Nov 08 12:05:00 +0000 2023,Thanks for reporting! Try disabling 'Hardware Acceleration' in Spotify Settings > Show Advanced Settings. Then restart the app and see if the audio clears up.,,200444,playback_audio_bugs,False,STANDARD_TROUBLESHOOTING,TRAIN
200446,user_10223,True,Wed Nov 08 12:00:00 +0000 2023,@SpotifyCares why can't I swipe to queue songs anymore on Android? That was the best feature.,200447,,app_ui_features,False,STANDARD_TROUBLESHOOTING,TRAIN
200447,SpotifyCares,False,Wed Nov 08 12:05:00 +0000 2023,"Hey! Lyrics are provided via Musixmatch and availability varies by track and territory. If lyrics are missing across all songs, try logging out and logging back in to refresh your app data.",,200446,app_ui_features,False,STANDARD_TROUBLESHOOTING,TRAIN
200448,user_10224,True,Wed Nov 08 12:00:00 +0000 2023,@SpotifyCares love the new Wrapped statistics! Best feature of the year by far ❤️,200449,,chitchat_feedback_venting,True,HIGH_CHURN_RISK,TRAIN
200449,SpotifyCares,False,Wed Nov 08 12:05:00 +0000 2023,We appreciate the candid feedback and are always sharing user impressions with our design team. Let us know if a specific feature is causing trouble.,,200448,chitchat_feedback_venting,True,HIGH_CHURN_RISK,TRAIN
200450,user_10225,True,Wed Nov 08 12:00:00 +0000 2023,@SpotifyCares your app is literally trash. Worst update in history. Canceling my sub and going to Apple Music!,200451,,chitchat_feedback_venting,True,HIGH_CHURN_RISK,TRAIN
200451,SpotifyCares,False,Wed Nov 08 12:05:00 +0000 2023,"We're really sorry to hear you're frustrated. If there's a specific issue or bug you're experiencing, let us know and we'd love to help troubleshoot.",,200450,chitchat_feedback_venting,True,HIGH_CHURN_RISK,TRAIN
200452,user_10226,True,Wed Nov 08 12:00:00 +0000 2023,@SpotifyCares HELP! Someone changed the email on my account and I'm locked out.,200453,,account_access,True,SECURITY_RISK,TRAIN
200453,SpotifyCares,False,Wed Nov 08 12:05:00 +0000 2023,"Hey! Try clearing cookies and cache on your default mobile browser (Safari/Chrome), as the app uses browser webviews for authentication tokens.",,200452,account_access,True,SECURITY_RISK,TRAIN
200454,user_10227,True,Wed Nov 08 12:00:00 +0000 2023,@SpotifyCares Spotify Connect can't find my Sonos speakers even though we are on the exact same WiFi network.,200455,,device_connectivity,False,STANDARD_TROUBLESHOOTING,TRAIN
200455,SpotifyCares,False,Wed Nov 08 12:05:00 +0000 2023,"Thanks for reaching out. Try unpairing and re-pairing the Bluetooth connection, then toggle 'Car Mode' off in Spotify Settings > Car to test.",,200454,device_connectivity,False,STANDARD_TROUBLESHOOTING,TRAIN
200456,user_10228,True,Wed Nov 08 12:00:00 +0000 2023,@SpotifyCares You charged me $11.99 TWICE this month on my credit card! I want an immediate refund.,200457,,subscription_billing,True,FINANCIAL_DISPUTE,TRAIN
200457,SpotifyCares,False,Wed Nov 08 12:05:00 +0000 2023,"Hi! SheerID requires the document to clearly display your full name, university name, and an issue date within the current academic term. Check out support.spotify.com/article/student-discount/ for details.",,200456,subscription_billing,True,FINANCIAL_DISPUTE,TRAIN
200458,user_10229,True,Wed Nov 08 12:00:00 +0000 2023,@SpotifyCares Spotify Connect can't find my Sonos speakers even though we are on the exact same WiFi network.,200459,,device_connectivity,False,STANDARD_TROUBLESHOOTING,TRAIN
200459,SpotifyCares,False,Wed Nov 08 12:05:00 +0000 2023,"Hi! Some Sonos devices only communicate over 2.4GHz. Check if your router separates 2.4GHz and 5GHz bands, and make sure Local Network access is enabled in your Settings > Spotify.",,200458,device_connectivity,False,STANDARD_TROUBLESHOOTING,TRAIN
200460,user_10230,True,Wed Nov 08 12:00:00 +0000 2023,@SpotifyCares clean versions of rap songs keep playing even though I turned 'Allow Explicit Content' ON in settings.,200461,,content_availability,False,STANDARD_TROUBLESHOOTING,TRAIN
200461,SpotifyCares,False,Wed Nov 08 12:05:00 +0000 2023,"Hi there! If you are on a Family Plan, make sure the Plan Manager hasn't toggled explicit content off for your sub-account in their Family settings.",,200460,content_availability,False,STANDARD_TROUBLESHOOTING,TRAIN
200462,user_10231,True,Wed Nov 08 12:00:00 +0000 2023,@SpotifyCares a podcast episode that came out an hour ago won't load or play on Pixel 8.,200463,,content_availability,False,STANDARD_TROUBLESHOOTING,TRAIN
200463,SpotifyCares,False,Wed Nov 08 12:05:00 +0000 2023,"Hi there! If you are on a Family Plan, make sure the Plan Manager hasn't toggled explicit content off for your sub-account in their Family settings.",,200462,content_availability,False,STANDARD_TROUBLESHOOTING,TRAIN
200464,user_10232,True,Wed Nov 08 12:00:00 +0000 2023,@SpotifyCares I'm not receiving the password reset email at all. Checked spam and trash.,200465,,account_access,True,SECURITY_RISK,TRAIN
200465,SpotifyCares,False,Wed Nov 08 12:05:00 +0000 2023,"Hey! Try clearing cookies and cache on your default mobile browser (Safari/Chrome), as the app uses browser webviews for authentication tokens.",,200464,account_access,True,SECURITY_RISK,TRAIN
200466,user_10233,True,Wed Nov 08 12:00:00 +0000 2023,@SpotifyCares bluetooth in my car disconnects every 3 minutes only when playing Spotify.,200467,,device_connectivity,False,STANDARD_TROUBLESHOOTING,TRAIN
200467,SpotifyCares,False,Wed Nov 08 12:05:00 +0000 2023,"Hey! On your iPad Pro, go to Settings > General > CarPlay, select your vehicle, and check if Spotify is listed under customized apps. Also try restarting your car head unit.",,200466,device_connectivity,False,STANDARD_TROUBLESHOOTING,TRAIN
200468,user_10234,True,Wed Nov 08 12:00:00 +0000 2023,@SpotifyCares trying to add my family member to our Spotify Family Plan but it says her address doesn't match.,200469,,subscription_billing,True,FINANCIAL_DISPUTE,TRAIN
200469,SpotifyCares,False,Wed Nov 08 12:05:00 +0000 2023,"We can look into double charges for you right away. Since this involves billing details, please send us a DM with your account email and the last 4 digits of the card charged.",,200468,subscription_billing,True,FINANCIAL_DISPUTE,TRAIN
200470,user_10235,True,Wed Nov 08 12:00:00 +0000 2023,@SpotifyCares why did you remove the entire discography of this indie artist today?,200471,,content_availability,False,STANDARD_TROUBLESHOOTING,TRAIN
200471,SpotifyCares,False,Wed Nov 08 12:05:00 +0000 2023,Hey! It can take a short while for newly published podcast episodes to propagate across all CDN servers. Try clearing your app cache and checking again in 30 minutes.,,200470,content_availability,False,STANDARD_TROUBLESHOOTING,TRAIN
200472,user_10236,True,Wed Nov 08 12:00:00 +0000 2023,@SpotifyCares bluetooth in my car disconnects every 3 minutes only when playing Spotify.,200473,,device_connectivity,False,STANDARD_TROUBLESHOOTING,TRAIN
200473,SpotifyCares,False,Wed Nov 08 12:05:00 +0000 2023,"Hi! Some Sonos devices only communicate over 2.4GHz. Check if your router separates 2.4GHz and 5GHz bands, and make sure Local Network access is enabled in your Settings > Spotify.",,200472,device_connectivity,False,STANDARD_TROUBLESHOOTING,TRAIN
200474,user_10237,True,Wed Nov 08 12:00:00 +0000 2023,@SpotifyCares music stops playing every time my screen locks on MacBook Pro.,200475,,playback_audio_bugs,False,STANDARD_TROUBLESHOOTING,TRAIN
200475,SpotifyCares,False,Wed Nov 08 12:05:00 +0000 2023,"Oh no! Could you check if your web player at open.spotify.com behaves the same way? If it only happens in the app, clearing cache in Settings > Storage usually does the trick.",,200474,playback_audio_bugs,False,STANDARD_TROUBLESHOOTING,TRAIN
200476,user_10238,True,Wed Nov 08 12:00:00 +0000 2023,@SpotifyCares why did you remove the entire discography of this indie artist today?,200477,,content_availability,False,STANDARD_TROUBLESHOOTING,TRAIN
200477,SpotifyCares,False,Wed Nov 08 12:05:00 +0000 2023,Hi! Content availability is managed directly by artists and their record labels or distributors. We hope to make their music available again soon!,,200476,content_availability,False,STANDARD_TROUBLESHOOTING,TRAIN
200478,user_10239,True,Wed Nov 08 12:00:00 +0000 2023,@SpotifyCares You charged me $11.99 TWICE this month on my credit card! I want an immediate refund.,200479,,subscription_billing,True,FINANCIAL_DISPUTE,TRAIN
200479,SpotifyCares,False,Wed Nov 08 12:05:00 +0000 2023,"We can look into double charges for you right away. Since this involves billing details, please send us a DM with your account email and the last 4 digits of the card charged.",,200478,subscription_billing,True,FINANCIAL_DISPUTE,TRAIN
200480,user_10240,True,Wed Nov 08 12:00:00 +0000 2023,"@SpotifyCares who designs your UI? Fire them immediately, this update gave me a headache.",200481,,chitchat_feedback_venting,True,HIGH_CHURN_RISK,TRAIN
200481,SpotifyCares,False,Wed Nov 08 12:05:00 +0000 2023,You're very welcome! We're always here to help. Enjoy the tunes and have a fantastic weekend! 🎶,,200480,chitchat_feedback_venting,True,HIGH_CHURN_RISK,TRAIN
200482,user_10241,True,Wed Nov 08 12:00:00 +0000 2023,@SpotifyCares I'm not receiving the password reset email at all. Checked spam and trash.,200483,,account_access,True,SECURITY_RISK,TRAIN
200483,SpotifyCares,False,Wed Nov 08 12:05:00 +0000 2023,"Let's secure your account! Log in to your account page on spotify.com, click 'Sign out everywhere', and change your password right away. If you need more help, DM us.",,200482,account_access,True,SECURITY_RISK,TRAIN
200484,user_10242,True,Wed Nov 08 12:00:00 +0000 2023,@SpotifyCares where did the lyrics button go on Samsung S23? It disappeared from the Now Playing screen yesterday!,200485,,app_ui_features,False,STANDARD_TROUBLESHOOTING,TRAIN
200485,SpotifyCares,False,Wed Nov 08 12:05:00 +0000 2023,"Hey! Lyrics are provided via Musixmatch and availability varies by track and territory. If lyrics are missing across all songs, try logging out and logging back in to refresh your app data.",,200484,app_ui_features,False,STANDARD_TROUBLESHOOTING,TRAIN
200486,user_10243,True,Wed Nov 08 12:00:00 +0000 2023,@SpotifyCares my downloaded songs for offline mode are completely gone after the new update.,200487,,playback_audio_bugs,False,STANDARD_TROUBLESHOOTING,TRAIN
200487,SpotifyCares,False,Wed Nov 08 12:05:00 +0000 2023,Thanks for reporting! Try disabling 'Hardware Acceleration' in Spotify Settings > Show Advanced Settings. Then restart the app and see if the audio clears up.,,200486,playback_audio_bugs,False,STANDARD_TROUBLESHOOTING,TRAIN
200488,user_10244,True,Wed Nov 08 12:00:00 +0000 2023,@SpotifyCares audio is crackling and stuttering through my headphones on Windows 11 PC app.,200489,,playback_audio_bugs,False,STANDARD_TROUBLESHOOTING,TRAIN
200489,SpotifyCares,False,Wed Nov 08 12:05:00 +0000 2023,Thanks for reporting! Try disabling 'Hardware Acceleration' in Spotify Settings > Show Advanced Settings. Then restart the app and see if the audio clears up.,,200488,playback_audio_bugs,False,STANDARD_TROUBLESHOOTING,TRAIN
200490,user_10245,True,Wed Nov 08 12:00:00 +0000 2023,@SpotifyCares I'm not receiving the password reset email at all. Checked spam and trash.,200491,,account_access,True,SECURITY_RISK,TRAIN
200491,SpotifyCares,False,Wed Nov 08 12:05:00 +0000 2023,"Hi there. Make sure the email you entered matches the one on file. If you originally signed up via Facebook or Apple ID, use those buttons on the login screen instead!",,200490,account_access,True,SECURITY_RISK,TRAIN
200492,user_10246,True,Wed Nov 08 12:00:00 +0000 2023,@SpotifyCares my student verification failed through SheerID even though I uploaded my enrollment letter.,200493,,subscription_billing,True,FINANCIAL_DISPUTE,TRAIN
200493,SpotifyCares,False,Wed Nov 08 12:05:00 +0000 2023,Hey! All Family Plan members must reside at the exact same physical address. Make sure she types the address exactly character-for-character as shown in the plan manager's account page.,,200492,subscription_billing,True,FINANCIAL_DISPUTE,TRAIN
200494,user_10247,True,Wed Nov 08 12:00:00 +0000 2023,"@SpotifyCares who designs your UI? Fire them immediately, this update gave me a headache.",200495,,chitchat_feedback_venting,True,HIGH_CHURN_RISK,TRAIN
200495,SpotifyCares,False,Wed Nov 08 12:05:00 +0000 2023,We appreciate the candid feedback and are always sharing user impressions with our design team. Let us know if a specific feature is causing trouble.,,200494,chitchat_feedback_venting,True,HIGH_CHURN_RISK,TRAIN
200496,user_10248,True,Wed Nov 08 12:00:00 +0000 2023,@SpotifyCares Spotify won't show up on my Apple CarPlay screen anymore after updating iPad Pro.,200497,,device_connectivity,False,STANDARD_TROUBLESHOOTING,TRAIN
200497,SpotifyCares,False,Wed Nov 08 12:05:00 +0000 2023,"Hi! Some Sonos devices only communicate over 2.4GHz. Check if your router separates 2.4GHz and 5GHz bands, and make sure Local Network access is enabled in your Settings > Spotify.",,200496,device_connectivity,False,STANDARD_TROUBLESHOOTING,TRAIN
200498,user_10249,True,Wed Nov 08 12:00:00 +0000 2023,@SpotifyCares love the new Wrapped statistics! Best feature of the year by far ❤️,200499,,chitchat_feedback_venting,True,HIGH_CHURN_RISK,TRAIN
200499,SpotifyCares,False,Wed Nov 08 12:05:00 +0000 2023,We appreciate the candid feedback and are always sharing user impressions with our design team. Let us know if a specific feature is causing trouble.,,200498,chitchat_feedback_venting,True,HIGH_CHURN_RISK,TRAIN
200500,user_10250,True,Wed Nov 08 12:00:00 +0000 2023,@SpotifyCares audio is crackling and stuttering through my headphones on iPhone 14 app.,200501,,playback_audio_bugs,False,STANDARD_TROUBLESHOOTING,TRAIN
200501,SpotifyCares,False,Wed Nov 08 12:05:00 +0000 2023,"Hi! Downloads can be removed if you switch offline mode off for over 30 days or reinstall the app. Try toggling Offline Mode off and on in Settings > Playback, then re-download over WiFi.",,200500,playback_audio_bugs,False,STANDARD_TROUBLESHOOTING,TRAIN
200502,user_10251,True,Wed Nov 08 12:00:00 +0000 2023,@SpotifyCares my student verification failed through SheerID even though I uploaded my enrollment letter.,200503,,subscription_billing,True,FINANCIAL_DISPUTE,TRAIN
200503,SpotifyCares,False,Wed Nov 08 12:05:00 +0000 2023,We understand your concern! Please DM us your account username and receipt date so a billing specialist can review your cancellation timestamp and process your refund.,,200502,subscription_billing,True,FINANCIAL_DISPUTE,TRAIN
200504,user_10252,True,Wed Nov 08 12:00:00 +0000 2023,@SpotifyCares app keeps crashing every time I open my downloaded playlist offline on Pixel 8.,200505,,playback_audio_bugs,False,STANDARD_TROUBLESHOOTING,TRAIN
200505,SpotifyCares,False,Wed Nov 08 12:05:00 +0000 2023,"Hey! This usually happens due to battery optimization. Go to Pixel 8 Settings > Apps > Spotify > Battery, and set it to 'Unrestricted'. That should prevent it from going to sleep.",,200504,playback_audio_bugs,False,STANDARD_TROUBLESHOOTING,TRAIN
200506,user_10253,True,Wed Nov 08 12:00:00 +0000 2023,@SpotifyCares why did you remove the entire discography of this indie artist today?,200507,,content_availability,False,STANDARD_TROUBLESHOOTING,TRAIN
200507,SpotifyCares,False,Wed Nov 08 12:05:00 +0000 2023,"Hi there! If you are on a Family Plan, make sure the Plan Manager hasn't toggled explicit content off for your sub-account in their Family settings.",,200506,content_availability,False,STANDARD_TROUBLESHOOTING,TRAIN
200508,user_10254,True,Wed Nov 08 12:00:00 +0000 2023,@SpotifyCares why can't I swipe to queue songs anymore on Android? That was the best feature.,200509,,app_ui_features,False,STANDARD_TROUBLESHOOTING,TRAIN
200509,SpotifyCares,False,Wed Nov 08 12:05:00 +0000 2023,Hey! Swipe down slightly at the top of your Liked Songs playlist to reveal the search and 'Sort' bar. Tap 'Sort' and pick 'Artist' from the list.,,200508,app_ui_features,False,STANDARD_TROUBLESHOOTING,TRAIN
200510,user_10255,True,Wed Nov 08 12:00:00 +0000 2023,@SpotifyCares music stops playing every time my screen locks on iPhone 14.,200511,,playback_audio_bugs,False,STANDARD_TROUBLESHOOTING,TRAIN
200511,SpotifyCares,False,Wed Nov 08 12:05:00 +0000 2023,"Hey there! Let's try performing a clean reinstall. Head to Settings > Storage > Clear Cache, delete the app, restart your iPhone 14, and reinstall. Let us know if that fixes it!",,200510,playback_audio_bugs,False,STANDARD_TROUBLESHOOTING,TRAIN
200512,user_10256,True,Wed Nov 08 12:00:00 +0000 2023,@SpotifyCares Spotify won't show up on my Apple CarPlay screen anymore after updating iPhone 15 Pro.,200513,,device_connectivity,False,STANDARD_TROUBLESHOOTING,TRAIN
200513,SpotifyCares,False,Wed Nov 08 12:05:00 +0000 2023,"Hey! On your iPhone 15 Pro, go to Settings > General > CarPlay, select your vehicle, and check if Spotify is listed under customized apps. Also try restarting your car head unit.",,200512,device_connectivity,False,STANDARD_TROUBLESHOOTING,TRAIN
200514,user_10257,True,Wed Nov 08 12:00:00 +0000 2023,"@SpotifyCares stuck in a login loop. I enter my credentials, it says success, and kicks me back to login on Samsung S23.",200515,,account_access,True,SECURITY_RISK,TRAIN
200515,SpotifyCares,False,Wed Nov 08 12:05:00 +0000 2023,"Hey! Try clearing cookies and cache on your default mobile browser (Safari/Chrome), as the app uses browser webviews for authentication tokens.",,200514,account_access,True,SECURITY_RISK,TRAIN
200516,user_10258,True,Wed Nov 08 12:00:00 +0000 2023,@SpotifyCares Spotify Connect can't find my Sonos speakers even though we are on the exact same WiFi network.,200517,,device_connectivity,False,STANDARD_TROUBLESHOOTING,TRAIN
200517,SpotifyCares,False,Wed Nov 08 12:05:00 +0000 2023,"Hey! In the Alexa app, go to More > Settings > Music & Podcasts, unlink Spotify, and re-link your account. A quick router reboot also helps refresh the handshake!",,200516,device_connectivity,False,STANDARD_TROUBLESHOOTING,TRAIN
200518,user_10259,True,Wed Nov 08 12:00:00 +0000 2023,@SpotifyCares love the new Wrapped statistics! Best feature of the year by far ❤️,200519,,chitchat_feedback_venting,True,HIGH_CHURN_RISK,TRAIN
200519,SpotifyCares,False,Wed Nov 08 12:05:00 +0000 2023,Thank you so much! We are thrilled you're loving Wrapped this year! 🎧✨,,200518,chitchat_feedback_venting,True,HIGH_CHURN_RISK,TRAIN
200520,user_10260,True,Wed Nov 08 12:00:00 +0000 2023,@SpotifyCares how do I sort my Liked Songs playlist by artist on Pixel 8? Can't find the filter option.,200521,,app_ui_features,False,STANDARD_TROUBLESHOOTING,TRAIN
200521,SpotifyCares,False,Wed Nov 08 12:05:00 +0000 2023,"Hi! The updated layout is permanent, but you can collapse or expand the Your Library view using the icon in the top-left of the sidebar to customize your view.",,200520,app_ui_features,False,STANDARD_TROUBLESHOOTING,TRAIN
200522,user_10261,True,Wed Nov 08 12:00:00 +0000 2023,@SpotifyCares I think my account was hacked. There is random foreign music in my Recently Played.,200523,,account_access,True,SECURITY_RISK,TRAIN
200523,SpotifyCares,False,Wed Nov 08 12:05:00 +0000 2023,We take account security very seriously! Please send us a DM immediately with your original email and receipt of purchase so our security team can lock and restore your account.,,200522,account_access,True,SECURITY_RISK,TRAIN
200524,user_10262,True,Wed Nov 08 12:00:00 +0000 2023,@SpotifyCares why did you remove the entire discography of this indie artist today?,200525,,content_availability,False,STANDARD_TROUBLESHOOTING,TRAIN
200525,SpotifyCares,False,Wed Nov 08 12:05:00 +0000 2023,"Hey! When songs appear greyed out, it is typically due to regional licensing agreements or changes by the rights holders. If you have 'Show unplayable songs' turned on in Settings, that highlights tracks currently restricted.",,200524,content_availability,False,STANDARD_TROUBLESHOOTING,TRAIN
200526,user_10263,True,Wed Nov 08 12:00:00 +0000 2023,@SpotifyCares HELP! Someone changed the email on my account and I'm locked out.,200527,,account_access,True,SECURITY_RISK,TRAIN
200527,SpotifyCares,False,Wed Nov 08 12:05:00 +0000 2023,"Hey! Try clearing cookies and cache on your default mobile browser (Safari/Chrome), as the app uses browser webviews for authentication tokens.",,200526,account_access,True,SECURITY_RISK,TRAIN
200528,user_10264,True,Wed Nov 08 12:00:00 +0000 2023,@SpotifyCares search bar is completely frozen and doesn't register typing on iPhone 14.,200529,,app_ui_features,False,STANDARD_TROUBLESHOOTING,TRAIN
200529,SpotifyCares,False,Wed Nov 08 12:05:00 +0000 2023,"Hey! Lyrics are provided via Musixmatch and availability varies by track and territory. If lyrics are missing across all songs, try logging out and logging back in to refresh your app data.",,200528,app_ui_features,False,STANDARD_TROUBLESHOOTING,TRAIN
200530,user_10265,True,Wed Nov 08 12:00:00 +0000 2023,@SpotifyCares I'm not receiving the password reset email at all. Checked spam and trash.,200531,,account_access,True,SECURITY_RISK,TRAIN
200531,SpotifyCares,False,Wed Nov 08 12:05:00 +0000 2023,"Hi there. Make sure the email you entered matches the one on file. If you originally signed up via Facebook or Apple ID, use those buttons on the login screen instead!",,200530,account_access,True,SECURITY_RISK,TRAIN
200532,user_10266,True,Wed Nov 08 12:00:00 +0000 2023,@SpotifyCares someone accessed my account from Russia and deleted all my curated playlists!,200533,,account_access,True,SECURITY_RISK,TRAIN
200533,SpotifyCares,False,Wed Nov 08 12:05:00 +0000 2023,"Hi there. Make sure the email you entered matches the one on file. If you originally signed up via Facebook or Apple ID, use those buttons on the login screen instead!",,200532,account_access,True,SECURITY_RISK,TRAIN
200534,user_10267,True,Wed Nov 08 12:00:00 +0000 2023,@SpotifyCares trying to add my family member to our Spotify Family Plan but it says her address doesn't match.,200535,,subscription_billing,True,FINANCIAL_DISPUTE,TRAIN
200535,SpotifyCares,False,Wed Nov 08 12:05:00 +0000 2023,"We can look into double charges for you right away. Since this involves billing details, please send us a DM with your account email and the last 4 digits of the card charged.",,200534,subscription_billing,True,FINANCIAL_DISPUTE,TRAIN
200536,user_10268,True,Wed Nov 08 12:00:00 +0000 2023,@SpotifyCares someone accessed my account from Russia and deleted all my curated playlists!,200537,,account_access,True,SECURITY_RISK,TRAIN
200537,SpotifyCares,False,Wed Nov 08 12:05:00 +0000 2023,"Let's secure your account! Log in to your account page on spotify.com, click 'Sign out everywhere', and change your password right away. If you need more help, DM us.",,200536,account_access,True,SECURITY_RISK,TRAIN
200538,user_10269,True,Wed Nov 08 12:00:00 +0000 2023,@SpotifyCares app keeps crashing every time I open my downloaded playlist offline on iPhone 15 Pro.,200539,,playback_audio_bugs,False,STANDARD_TROUBLESHOOTING,TRAIN
200539,SpotifyCares,False,Wed Nov 08 12:05:00 +0000 2023,"Hey there! Let's try performing a clean reinstall. Head to Settings > Storage > Clear Cache, delete the app, restart your iPhone 15 Pro, and reinstall. Let us know if that fixes it!",,200538,playback_audio_bugs,False,STANDARD_TROUBLESHOOTING,TRAIN
200540,user_10270,True,Wed Nov 08 12:00:00 +0000 2023,@SpotifyCares trying to add my family member to our Spotify Family Plan but it says her address doesn't match.,200541,,subscription_billing,True,FINANCIAL_DISPUTE,TRAIN
200541,SpotifyCares,False,Wed Nov 08 12:05:00 +0000 2023,"Hi! SheerID requires the document to clearly display your full name, university name, and an issue date within the current academic term. Check out support.spotify.com/article/student-discount/ for details.",,200540,subscription_billing,True,FINANCIAL_DISPUTE,TRAIN
200542,user_10271,True,Wed Nov 08 12:00:00 +0000 2023,@SpotifyCares You charged me $11.99 TWICE this month on my credit card! I want an immediate refund.,200543,,subscription_billing,True,FINANCIAL_DISPUTE,TRAIN
200543,SpotifyCares,False,Wed Nov 08 12:05:00 +0000 2023,Hey! All Family Plan members must reside at the exact same physical address. Make sure she types the address exactly character-for-character as shown in the plan manager's account page.,,200542,subscription_billing,True,FINANCIAL_DISPUTE,TRAIN
200544,user_10272,True,Wed Nov 08 12:00:00 +0000 2023,@SpotifyCares why are half the songs on this album greyed out and unplayable for me?,200545,,content_availability,False,STANDARD_TROUBLESHOOTING,TRAIN
200545,SpotifyCares,False,Wed Nov 08 12:05:00 +0000 2023,"Hey! When songs appear greyed out, it is typically due to regional licensing agreements or changes by the rights holders. If you have 'Show unplayable songs' turned on in Settings, that highlights tracks currently restricted.",,200544,content_availability,False,STANDARD_TROUBLESHOOTING,TRAIN
200546,user_10273,True,Wed Nov 08 12:00:00 +0000 2023,"@SpotifyCares who designs your UI? Fire them immediately, this update gave me a headache.",200547,,chitchat_feedback_venting,True,HIGH_CHURN_RISK,TRAIN
200547,SpotifyCares,False,Wed Nov 08 12:05:00 +0000 2023,"We're really sorry to hear you're frustrated. If there's a specific issue or bug you're experiencing, let us know and we'd love to help troubleshoot.",,200546,chitchat_feedback_venting,True,HIGH_CHURN_RISK,TRAIN
200548,user_10274,True,Wed Nov 08 12:00:00 +0000 2023,@SpotifyCares someone accessed my account from Russia and deleted all my curated playlists!,200549,,account_access,True,SECURITY_RISK,TRAIN
200549,SpotifyCares,False,Wed Nov 08 12:05:00 +0000 2023,We take account security very seriously! Please send us a DM immediately with your original email and receipt of purchase so our security team can lock and restore your account.,,200548,account_access,True,SECURITY_RISK,TRAIN
200550,user_10275,True,Wed Nov 08 12:00:00 +0000 2023,@SpotifyCares I canceled Premium two weeks ago and I was still billed today. Fix this immediately.,200551,,subscription_billing,True,FINANCIAL_DISPUTE,TRAIN
200551,SpotifyCares,False,Wed Nov 08 12:05:00 +0000 2023,"We can look into double charges for you right away. Since this involves billing details, please send us a DM with your account email and the last 4 digits of the card charged.",,200550,subscription_billing,True,FINANCIAL_DISPUTE,TRAIN
200552,user_10276,True,Wed Nov 08 12:00:00 +0000 2023,@SpotifyCares love the new Wrapped statistics! Best feature of the year by far ❤️,200553,,chitchat_feedback_venting,True,HIGH_CHURN_RISK,TRAIN
200553,SpotifyCares,False,Wed Nov 08 12:05:00 +0000 2023,Thank you so much! We are thrilled you're loving Wrapped this year! 🎧✨,,200552,chitchat_feedback_venting,True,HIGH_CHURN_RISK,TRAIN
200554,user_10277,True,Wed Nov 08 12:00:00 +0000 2023,@SpotifyCares Amazon Echo says 'Spotify is unavailable right now' when I ask Alexa to play music.,200555,,device_connectivity,False,STANDARD_TROUBLESHOOTING,TRAIN
200555,SpotifyCares,False,Wed Nov 08 12:05:00 +0000 2023,"Hey! On your iPhone 14, go to Settings > General > CarPlay, select your vehicle, and check if Spotify is listed under customized apps. Also try restarting your car head unit.",,200554,device_connectivity,False,STANDARD_TROUBLESHOOTING,TRAIN
200556,user_10278,True,Wed Nov 08 12:00:00 +0000 2023,@SpotifyCares clean versions of rap songs keep playing even though I turned 'Allow Explicit Content' ON in settings.,200557,,content_availability,False,STANDARD_TROUBLESHOOTING,TRAIN
200557,SpotifyCares,False,Wed Nov 08 12:05:00 +0000 2023,"Hey! When songs appear greyed out, it is typically due to regional licensing agreements or changes by the rights holders. If you have 'Show unplayable songs' turned on in Settings, that highlights tracks currently restricted.",,200556,content_availability,False,STANDARD_TROUBLESHOOTING,TRAIN
200558,user_10279,True,Wed Nov 08 12:00:00 +0000 2023,@SpotifyCares why did you remove the entire discography of this indie artist today?,200559,,content_availability,False,STANDARD_TROUBLESHOOTING,TRAIN
200559,SpotifyCares,False,Wed Nov 08 12:05:00 +0000 2023,Hey! It can take a short while for newly published podcast episodes to propagate across all CDN servers. Try clearing your app cache and checking again in 30 minutes.,,200558,content_availability,False,STANDARD_TROUBLESHOOTING,TRAIN
200560,user_10280,True,Wed Nov 08 12:00:00 +0000 2023,@SpotifyCares I canceled Premium two weeks ago and I was still billed today. Fix this immediately.,200561,,subscription_billing,True,FINANCIAL_DISPUTE,TRAIN
200561,SpotifyCares,False,Wed Nov 08 12:05:00 +0000 2023,We understand your concern! Please DM us your account username and receipt date so a billing specialist can review your cancellation timestamp and process your refund.,,200560,subscription_billing,True,FINANCIAL_DISPUTE,TRAIN
200562,user_10281,True,Wed Nov 08 12:00:00 +0000 2023,"@SpotifyCares thanks for helping me fix my playlist yesterday, you guys rock! Have a great weekend!",200563,,chitchat_feedback_venting,True,HIGH_CHURN_RISK,TRAIN
200563,SpotifyCares,False,Wed Nov 08 12:05:00 +0000 2023,Thank you so much! We are thrilled you're loving Wrapped this year! 🎧✨,,200562,chitchat_feedback_venting,True,HIGH_CHURN_RISK,TRAIN
200564,user_10282,True,Wed Nov 08 12:00:00 +0000 2023,@SpotifyCares bluetooth in my car disconnects every 3 minutes only when playing Spotify.,200565,,device_connectivity,False,STANDARD_TROUBLESHOOTING,TRAIN
200565,SpotifyCares,False,Wed Nov 08 12:05:00 +0000 2023,"Hey! In the Alexa app, go to More > Settings > Music & Podcasts, unlink Spotify, and re-link your account. A quick router reboot also helps refresh the handshake!",,200564,device_connectivity,False,STANDARD_TROUBLESHOOTING,TRAIN
200566,user_10283,True,Wed Nov 08 12:00:00 +0000 2023,@SpotifyCares where did the lyrics button go on Pixel 8? It disappeared from the Now Playing screen yesterday!,200567,,app_ui_features,False,STANDARD_TROUBLESHOOTING,TRAIN
200567,SpotifyCares,False,Wed Nov 08 12:05:00 +0000 2023,Hey! Swipe down slightly at the top of your Liked Songs playlist to reveal the search and 'Sort' bar. Tap 'Sort' and pick 'Artist' from the list.,,200566,app_ui_features,False,STANDARD_TROUBLESHOOTING,TRAIN
200568,user_10284,True,Wed Nov 08 12:00:00 +0000 2023,@SpotifyCares how do I sort my Liked Songs playlist by artist on iPhone 15 Pro? Can't find the filter option.,200569,,app_ui_features,False,STANDARD_TROUBLESHOOTING,TRAIN
200569,SpotifyCares,False,Wed Nov 08 12:05:00 +0000 2023,Hey! Swipe down slightly at the top of your Liked Songs playlist to reveal the search and 'Sort' bar. Tap 'Sort' and pick 'Artist' from the list.,,200568,app_ui_features,False,STANDARD_TROUBLESHOOTING,TRAIN
200570,user_10285,True,Wed Nov 08 12:00:00 +0000 2023,@SpotifyCares my songs keep pausing after 10 seconds on my iPhone 14 macOS Sonoma.,200571,,playback_audio_bugs,False,STANDARD_TROUBLESHOOTING,TRAIN
200571,SpotifyCares,False,Wed Nov 08 12:05:00 +0000 2023,"Hey there! Let's try performing a clean reinstall. Head to Settings > Storage > Clear Cache, delete the app, restart your iPhone 14, and reinstall. Let us know if that fixes it!",,200570,playback_audio_bugs,False,STANDARD_TROUBLESHOOTING,TRAIN
200572,user_10286,True,Wed Nov 08 12:00:00 +0000 2023,@SpotifyCares app keeps crashing every time I open my downloaded playlist offline on iPad Pro.,200573,,playback_audio_bugs,False,STANDARD_TROUBLESHOOTING,TRAIN
200573,SpotifyCares,False,Wed Nov 08 12:05:00 +0000 2023,Thanks for reporting! Try disabling 'Hardware Acceleration' in Spotify Settings > Show Advanced Settings. Then restart the app and see if the audio clears up.,,200572,playback_audio_bugs,False,STANDARD_TROUBLESHOOTING,TRAIN
200574,user_10287,True,Wed Nov 08 12:00:00 +0000 2023,@SpotifyCares why are half the songs on this album greyed out and unplayable for me?,200575,,content_availability,False,STANDARD_TROUBLESHOOTING,TRAIN
200575,SpotifyCares,False,Wed Nov 08 12:05:00 +0000 2023,Hi! Content availability is managed directly by artists and their record labels or distributors. We hope to make their music available again soon!,,200574,content_availability,False,STANDARD_TROUBLESHOOTING,TRAIN
200576,user_10288,True,Wed Nov 08 12:00:00 +0000 2023,@SpotifyCares bluetooth in my car disconnects every 3 minutes only when playing Spotify.,200577,,device_connectivity,False,STANDARD_TROUBLESHOOTING,TRAIN
200577,SpotifyCares,False,Wed Nov 08 12:05:00 +0000 2023,"Hey! In the Alexa app, go to More > Settings > Music & Podcasts, unlink Spotify, and re-link your account. A quick router reboot also helps refresh the handshake!",,200576,device_connectivity,False,STANDARD_TROUBLESHOOTING,TRAIN
200578,user_10289,True,Wed Nov 08 12:00:00 +0000 2023,@SpotifyCares my student verification failed through SheerID even though I uploaded my enrollment letter.,200579,,subscription_billing,True,FINANCIAL_DISPUTE,TRAIN
200579,SpotifyCares,False,Wed Nov 08 12:05:00 +0000 2023,"Hi! SheerID requires the document to clearly display your full name, university name, and an issue date within the current academic term. Check out support.spotify.com/article/student-discount/ for details.",,200578,subscription_billing,True,FINANCIAL_DISPUTE,TRAIN
200580,user_10290,True,Wed Nov 08 12:00:00 +0000 2023,@SpotifyCares clean versions of rap songs keep playing even though I turned 'Allow Explicit Content' ON in settings.,200581,,content_availability,False,STANDARD_TROUBLESHOOTING,TRAIN
200581,SpotifyCares,False,Wed Nov 08 12:05:00 +0000 2023,"Hi there! If you are on a Family Plan, make sure the Plan Manager hasn't toggled explicit content off for your sub-account in their Family settings.",,200580,content_availability,False,STANDARD_TROUBLESHOOTING,TRAIN
200582,user_10291,True,Wed Nov 08 12:00:00 +0000 2023,@SpotifyCares HELP! Someone changed the email on my account and I'm locked out.,200583,,account_access,True,SECURITY_RISK,TRAIN
200583,SpotifyCares,False,Wed Nov 08 12:05:00 +0000 2023,"Let's secure your account! Log in to your account page on spotify.com, click 'Sign out everywhere', and change your password right away. If you need more help, DM us.",,200582,account_access,True,SECURITY_RISK,TRAIN
200584,user_10292,True,Wed Nov 08 12:00:00 +0000 2023,@SpotifyCares You charged me $11.99 TWICE this month on my credit card! I want an immediate refund.,200585,,subscription_billing,True,FINANCIAL_DISPUTE,TRAIN
200585,SpotifyCares,False,Wed Nov 08 12:05:00 +0000 2023,"Hi! SheerID requires the document to clearly display your full name, university name, and an issue date within the current academic term. Check out support.spotify.com/article/student-discount/ for details.",,200584,subscription_billing,True,FINANCIAL_DISPUTE,TRAIN
200586,user_10293,True,Wed Nov 08 12:00:00 +0000 2023,@SpotifyCares love the new Wrapped statistics! Best feature of the year by far ❤️,200587,,chitchat_feedback_venting,True,HIGH_CHURN_RISK,TRAIN
200587,SpotifyCares,False,Wed Nov 08 12:05:00 +0000 2023,"We're really sorry to hear you're frustrated. If there's a specific issue or bug you're experiencing, let us know and we'd love to help troubleshoot.",,200586,chitchat_feedback_venting,True,HIGH_CHURN_RISK,TRAIN
200588,user_10294,True,Wed Nov 08 12:00:00 +0000 2023,@SpotifyCares music stops playing every time my screen locks on Windows 11 PC.,200589,,playback_audio_bugs,False,STANDARD_TROUBLESHOOTING,TRAIN
200589,SpotifyCares,False,Wed Nov 08 12:05:00 +0000 2023,Thanks for reporting! Try disabling 'Hardware Acceleration' in Spotify Settings > Show Advanced Settings. Then restart the app and see if the audio clears up.,,200588,playback_audio_bugs,False,STANDARD_TROUBLESHOOTING,TRAIN
200590,user_10295,True,Wed Nov 08 12:00:00 +0000 2023,@SpotifyCares my student verification failed through SheerID even though I uploaded my enrollment letter.,200591,,subscription_billing,True,FINANCIAL_DISPUTE,TRAIN
200591,SpotifyCares,False,Wed Nov 08 12:05:00 +0000 2023,"We can look into double charges for you right away. Since this involves billing details, please send us a DM with your account email and the last 4 digits of the card charged.",,200590,subscription_billing,True,FINANCIAL_DISPUTE,TRAIN
200592,user_10296,True,Wed Nov 08 12:00:00 +0000 2023,@SpotifyCares a podcast episode that came out an hour ago won't load or play on iPhone 15 Pro.,200593,,content_availability,False,STANDARD_TROUBLESHOOTING,TRAIN
200593,SpotifyCares,False,Wed Nov 08 12:05:00 +0000 2023,"Hey! When songs appear greyed out, it is typically due to regional licensing agreements or changes by the rights holders. If you have 'Show unplayable songs' turned on in Settings, that highlights tracks currently restricted.",,200592,content_availability,False,STANDARD_TROUBLESHOOTING,TRAIN
200594,user_10297,True,Wed Nov 08 12:00:00 +0000 2023,@SpotifyCares app keeps crashing every time I open my downloaded playlist offline on iPhone 15 Pro.,200595,,playback_audio_bugs,False,STANDARD_TROUBLESHOOTING,TRAIN
200595,SpotifyCares,False,Wed Nov 08 12:05:00 +0000 2023,"Hi! Downloads can be removed if you switch offline mode off for over 30 days or reinstall the app. Try toggling Offline Mode off and on in Settings > Playback, then re-download over WiFi.",,200594,playback_audio_bugs,False,STANDARD_TROUBLESHOOTING,TRAIN
200596,user_10298,True,Wed Nov 08 12:00:00 +0000 2023,@SpotifyCares Amazon Echo says 'Spotify is unavailable right now' when I ask Alexa to play music.,200597,,device_connectivity,False,STANDARD_TROUBLESHOOTING,TRAIN
200597,SpotifyCares,False,Wed Nov 08 12:05:00 +0000 2023,"Thanks for reaching out. Try unpairing and re-pairing the Bluetooth connection, then toggle 'Car Mode' off in Spotify Settings > Car to test.",,200596,device_connectivity,False,STANDARD_TROUBLESHOOTING,TRAIN
200598,user_10299,True,Wed Nov 08 12:00:00 +0000 2023,@SpotifyCares my student verification failed through SheerID even though I uploaded my enrollment letter.,200599,,subscription_billing,True,FINANCIAL_DISPUTE,TRAIN
200599,SpotifyCares,False,Wed Nov 08 12:05:00 +0000 2023,"We can look into double charges for you right away. Since this involves billing details, please send us a DM with your account email and the last 4 digits of the card charged.",,200598,subscription_billing,True,FINANCIAL_DISPUTE,TRAIN
200600,user_10300,True,Wed Nov 08 12:00:00 +0000 2023,@SpotifyCares someone accessed my account from Russia and deleted all my curated playlists!,200601,,account_access,True,SECURITY_RISK,TRAIN
200601,SpotifyCares,False,Wed Nov 08 12:05:00 +0000 2023,We take account security very seriously! Please send us a DM immediately with your original email and receipt of purchase so our security team can lock and restore your account.,,200600,account_access,True,SECURITY_RISK,TRAIN
200602,user_10301,True,Wed Nov 08 12:00:00 +0000 2023,@SpotifyCares I canceled Premium two weeks ago and I was still billed today. Fix this immediately.,200603,,subscription_billing,True,FINANCIAL_DISPUTE,TRAIN
200603,SpotifyCares,False,Wed Nov 08 12:05:00 +0000 2023,We understand your concern! Please DM us your account username and receipt date so a billing specialist can review your cancellation timestamp and process your refund.,,200602,subscription_billing,True,FINANCIAL_DISPUTE,TRAIN
200604,user_10302,True,Wed Nov 08 12:00:00 +0000 2023,@SpotifyCares Amazon Echo says 'Spotify is unavailable right now' when I ask Alexa to play music.,200605,,device_connectivity,False,STANDARD_TROUBLESHOOTING,TRAIN
200605,SpotifyCares,False,Wed Nov 08 12:05:00 +0000 2023,"Thanks for reaching out. Try unpairing and re-pairing the Bluetooth connection, then toggle 'Car Mode' off in Spotify Settings > Car to test.",,200604,device_connectivity,False,STANDARD_TROUBLESHOOTING,TRAIN
200606,user_10303,True,Wed Nov 08 12:00:00 +0000 2023,@SpotifyCares audio is crackling and stuttering through my headphones on iPhone 14 app.,200607,,playback_audio_bugs,False,STANDARD_TROUBLESHOOTING,TRAIN
200607,SpotifyCares,False,Wed Nov 08 12:05:00 +0000 2023,"Oh no! Could you check if your web player at open.spotify.com behaves the same way? If it only happens in the app, clearing cache in Settings > Storage usually does the trick.",,200606,playback_audio_bugs,False,STANDARD_TROUBLESHOOTING,TRAIN
200608,user_10304,True,Wed Nov 08 12:00:00 +0000 2023,@SpotifyCares search bar is completely frozen and doesn't register typing on MacBook Pro.,200609,,app_ui_features,False,STANDARD_TROUBLESHOOTING,TRAIN
200609,SpotifyCares,False,Wed Nov 08 12:05:00 +0000 2023,Thanks for the feedback! Swipe to queue is currently available on iOS and select Android builds as part of ongoing UI testing.,,200608,app_ui_features,False,STANDARD_TROUBLESHOOTING,TRAIN
200610,user_10305,True,Wed Nov 08 12:00:00 +0000 2023,@SpotifyCares music stops playing every time my screen locks on MacBook Pro.,200611,,playback_audio_bugs,False,STANDARD_TROUBLESHOOTING,TRAIN
200611,SpotifyCares,False,Wed Nov 08 12:05:00 +0000 2023,"Oh no! Could you check if your web player at open.spotify.com behaves the same way? If it only happens in the app, clearing cache in Settings > Storage usually does the trick.",,200610,playback_audio_bugs,False,STANDARD_TROUBLESHOOTING,TRAIN
200612,user_10306,True,Wed Nov 08 12:00:00 +0000 2023,@SpotifyCares music stops playing every time my screen locks on iPhone 15 Pro.,200613,,playback_audio_bugs,False,STANDARD_TROUBLESHOOTING,TRAIN
200613,SpotifyCares,False,Wed Nov 08 12:05:00 +0000 2023,Thanks for reporting! Try disabling 'Hardware Acceleration' in Spotify Settings > Show Advanced Settings. Then restart the app and see if the audio clears up.,,200612,playback_audio_bugs,False,STANDARD_TROUBLESHOOTING,TRAIN
200614,user_10307,True,Wed Nov 08 12:00:00 +0000 2023,"@SpotifyCares who designs your UI? Fire them immediately, this update gave me a headache.",200615,,chitchat_feedback_venting,True,HIGH_CHURN_RISK,TRAIN
200615,SpotifyCares,False,Wed Nov 08 12:05:00 +0000 2023,We appreciate the candid feedback and are always sharing user impressions with our design team. Let us know if a specific feature is causing trouble.,,200614,chitchat_feedback_venting,True,HIGH_CHURN_RISK,TRAIN
200616,user_10308,True,Wed Nov 08 12:00:00 +0000 2023,@SpotifyCares playback keeps skipping tracks continuously without playing anything on iPhone 15 Pro!,200617,,playback_audio_bugs,False,STANDARD_TROUBLESHOOTING,TRAIN
200617,SpotifyCares,False,Wed Nov 08 12:05:00 +0000 2023,"Oh no! Could you check if your web player at open.spotify.com behaves the same way? If it only happens in the app, clearing cache in Settings > Storage usually does the trick.",,200616,playback_audio_bugs,False,STANDARD_TROUBLESHOOTING,TRAIN
200618,user_10309,True,Wed Nov 08 12:00:00 +0000 2023,@SpotifyCares Spotify Connect can't find my Sonos speakers even though we are on the exact same WiFi network.,200619,,device_connectivity,False,STANDARD_TROUBLESHOOTING,TRAIN
200619,SpotifyCares,False,Wed Nov 08 12:05:00 +0000 2023,"Thanks for reaching out. Try unpairing and re-pairing the Bluetooth connection, then toggle 'Car Mode' off in Spotify Settings > Car to test.",,200618,device_connectivity,False,STANDARD_TROUBLESHOOTING,TRAIN
200620,user_10310,True,Wed Nov 08 12:00:00 +0000 2023,@SpotifyCares your app is literally trash. Worst update in history. Canceling my sub and going to Apple Music!,200621,,chitchat_feedback_venting,True,HIGH_CHURN_RISK,TRAIN
200621,SpotifyCares,False,Wed Nov 08 12:05:00 +0000 2023,Thank you so much! We are thrilled you're loving Wrapped this year! 🎧✨,,200620,chitchat_feedback_venting,True,HIGH_CHURN_RISK,TRAIN
200622,user_10311,True,Wed Nov 08 12:00:00 +0000 2023,@SpotifyCares audio is crackling and stuttering through my headphones on Pixel 8 app.,200623,,playback_audio_bugs,False,STANDARD_TROUBLESHOOTING,TRAIN
200623,SpotifyCares,False,Wed Nov 08 12:05:00 +0000 2023,"Hi! Downloads can be removed if you switch offline mode off for over 30 days or reinstall the app. Try toggling Offline Mode off and on in Settings > Playback, then re-download over WiFi.",,200622,playback_audio_bugs,False,STANDARD_TROUBLESHOOTING,TRAIN
200624,user_10312,True,Wed Nov 08 12:00:00 +0000 2023,@SpotifyCares Amazon Echo says 'Spotify is unavailable right now' when I ask Alexa to play music.,200625,,device_connectivity,False,STANDARD_TROUBLESHOOTING,TRAIN
200625,SpotifyCares,False,Wed Nov 08 12:05:00 +0000 2023,"Thanks for reaching out. Try unpairing and re-pairing the Bluetooth connection, then toggle 'Car Mode' off in Spotify Settings > Car to test.",,200624,device_connectivity,False,STANDARD_TROUBLESHOOTING,TRAIN
200626,user_10313,True,Wed Nov 08 12:00:00 +0000 2023,@SpotifyCares audio is crackling and stuttering through my headphones on iPad Pro app.,200627,,playback_audio_bugs,False,STANDARD_TROUBLESHOOTING,TRAIN
200627,SpotifyCares,False,Wed Nov 08 12:05:00 +0000 2023,"Hey! This usually happens due to battery optimization. Go to iPad Pro Settings > Apps > Spotify > Battery, and set it to 'Unrestricted'. That should prevent it from going to sleep.",,200626,playback_audio_bugs,False,STANDARD_TROUBLESHOOTING,TRAIN
200628,user_10314,True,Wed Nov 08 12:00:00 +0000 2023,@SpotifyCares bluetooth in my car disconnects every 3 minutes only when playing Spotify.,200629,,device_connectivity,False,STANDARD_TROUBLESHOOTING,TRAIN
200629,SpotifyCares,False,Wed Nov 08 12:05:00 +0000 2023,"Hey! On your Pixel 8, go to Settings > General > CarPlay, select your vehicle, and check if Spotify is listed under customized apps. Also try restarting your car head unit.",,200628,device_connectivity,False,STANDARD_TROUBLESHOOTING,TRAIN
200630,user_10315,True,Wed Nov 08 12:00:00 +0000 2023,"@SpotifyCares stuck in a login loop. I enter my credentials, it says success, and kicks me back to login on MacBook Pro.",200631,,account_access,True,SECURITY_RISK,TRAIN
200631,SpotifyCares,False,Wed Nov 08 12:05:00 +0000 2023,"Hey! Try clearing cookies and cache on your default mobile browser (Safari/Chrome), as the app uses browser webviews for authentication tokens.",,200630,account_access,True,SECURITY_RISK,TRAIN
200632,user_10316,True,Wed Nov 08 12:00:00 +0000 2023,@SpotifyCares bluetooth in my car disconnects every 3 minutes only when playing Spotify.,200633,,device_connectivity,False,STANDARD_TROUBLESHOOTING,TRAIN
200633,SpotifyCares,False,Wed Nov 08 12:05:00 +0000 2023,"Thanks for reaching out. Try unpairing and re-pairing the Bluetooth connection, then toggle 'Car Mode' off in Spotify Settings > Car to test.",,200632,device_connectivity,False,STANDARD_TROUBLESHOOTING,TRAIN
200634,user_10317,True,Wed Nov 08 12:00:00 +0000 2023,"@SpotifyCares thanks for helping me fix my playlist yesterday, you guys rock! Have a great weekend!",200635,,chitchat_feedback_venting,True,HIGH_CHURN_RISK,TRAIN
200635,SpotifyCares,False,Wed Nov 08 12:05:00 +0000 2023,"We're really sorry to hear you're frustrated. If there's a specific issue or bug you're experiencing, let us know and we'd love to help troubleshoot.",,200634,chitchat_feedback_venting,True,HIGH_CHURN_RISK,TRAIN
200636,user_10318,True,Wed Nov 08 12:00:00 +0000 2023,@SpotifyCares clean versions of rap songs keep playing even though I turned 'Allow Explicit Content' ON in settings.,200637,,content_availability,False,STANDARD_TROUBLESHOOTING,TRAIN
200637,SpotifyCares,False,Wed Nov 08 12:05:00 +0000 2023,Hi! Content availability is managed directly by artists and their record labels or distributors. We hope to make their music available again soon!,,200636,content_availability,False,STANDARD_TROUBLESHOOTING,TRAIN
200638,user_10319,True,Wed Nov 08 12:00:00 +0000 2023,@SpotifyCares HELP! Someone changed the email on my account and I'm locked out.,200639,,account_access,True,SECURITY_RISK,TRAIN
200639,SpotifyCares,False,Wed Nov 08 12:05:00 +0000 2023,"Hi there. Make sure the email you entered matches the one on file. If you originally signed up via Facebook or Apple ID, use those buttons on the login screen instead!",,200638,account_access,True,SECURITY_RISK,TRAIN
200640,user_10320,True,Wed Nov 08 12:00:00 +0000 2023,@SpotifyCares someone accessed my account from Russia and deleted all my curated playlists!,200641,,account_access,True,SECURITY_RISK,TRAIN
200641,SpotifyCares,False,Wed Nov 08 12:05:00 +0000 2023,"Hi there. Make sure the email you entered matches the one on file. If you originally signed up via Facebook or Apple ID, use those buttons on the login screen instead!",,200640,account_access,True,SECURITY_RISK,TRAIN
200642,user_10321,True,Wed Nov 08 12:00:00 +0000 2023,"@SpotifyCares stuck in a login loop. I enter my credentials, it says success, and kicks me back to login on iPad Pro.",200643,,account_access,True,SECURITY_RISK,TRAIN
200643,SpotifyCares,False,Wed Nov 08 12:05:00 +0000 2023,"Hey! Try clearing cookies and cache on your default mobile browser (Safari/Chrome), as the app uses browser webviews for authentication tokens.",,200642,account_access,True,SECURITY_RISK,TRAIN
200644,user_10322,True,Wed Nov 08 12:00:00 +0000 2023,@SpotifyCares love the new Wrapped statistics! Best feature of the year by far ❤️,200645,,chitchat_feedback_venting,True,HIGH_CHURN_RISK,TRAIN
200645,SpotifyCares,False,Wed Nov 08 12:05:00 +0000 2023,We appreciate the candid feedback and are always sharing user impressions with our design team. Let us know if a specific feature is causing trouble.,,200644,chitchat_feedback_venting,True,HIGH_CHURN_RISK,TRAIN
200646,user_10323,True,Wed Nov 08 12:00:00 +0000 2023,"@SpotifyCares stuck in a login loop. I enter my credentials, it says success, and kicks me back to login on Pixel 8.",200647,,account_access,True,SECURITY_RISK,TRAIN
200647,SpotifyCares,False,Wed Nov 08 12:05:00 +0000 2023,We take account security very seriously! Please send us a DM immediately with your original email and receipt of purchase so our security team can lock and restore your account.,,200646,account_access,True,SECURITY_RISK,TRAIN
200648,user_10324,True,Wed Nov 08 12:00:00 +0000 2023,@SpotifyCares how do I sort my Liked Songs playlist by artist on MacBook Pro? Can't find the filter option.,200649,,app_ui_features,False,STANDARD_TROUBLESHOOTING,TRAIN
200649,SpotifyCares,False,Wed Nov 08 12:05:00 +0000 2023,Hey! Swipe down slightly at the top of your Liked Songs playlist to reveal the search and 'Sort' bar. Tap 'Sort' and pick 'Artist' from the list.,,200648,app_ui_features,False,STANDARD_TROUBLESHOOTING,TRAIN
200650,user_10325,True,Wed Nov 08 12:00:00 +0000 2023,@SpotifyCares You charged me $11.99 TWICE this month on my credit card! I want an immediate refund.,200651,,subscription_billing,True,FINANCIAL_DISPUTE,TRAIN
200651,SpotifyCares,False,Wed Nov 08 12:05:00 +0000 2023,"Hi! SheerID requires the document to clearly display your full name, university name, and an issue date within the current academic term. Check out support.spotify.com/article/student-discount/ for details.",,200650,subscription_billing,True,FINANCIAL_DISPUTE,TRAIN
200652,user_10326,True,Wed Nov 08 12:00:00 +0000 2023,@SpotifyCares my songs keep pausing after 10 seconds on my iPad Pro Android 14.,200653,,playback_audio_bugs,False,STANDARD_TROUBLESHOOTING,TRAIN
200653,SpotifyCares,False,Wed Nov 08 12:05:00 +0000 2023,Thanks for reporting! Try disabling 'Hardware Acceleration' in Spotify Settings > Show Advanced Settings. Then restart the app and see if the audio clears up.,,200652,playback_audio_bugs,False,STANDARD_TROUBLESHOOTING,TRAIN
200654,user_10327,True,Wed Nov 08 12:00:00 +0000 2023,@SpotifyCares app keeps crashing every time I open my downloaded playlist offline on MacBook Pro.,200655,,playback_audio_bugs,False,STANDARD_TROUBLESHOOTING,TRAIN
200655,SpotifyCares,False,Wed Nov 08 12:05:00 +0000 2023,"Hey there! Let's try performing a clean reinstall. Head to Settings > Storage > Clear Cache, delete the app, restart your MacBook Pro, and reinstall. Let us know if that fixes it!",,200654,playback_audio_bugs,False,STANDARD_TROUBLESHOOTING,TRAIN
200656,user_10328,True,Wed Nov 08 12:00:00 +0000 2023,@SpotifyCares a podcast episode that came out an hour ago won't load or play on MacBook Pro.,200657,,content_availability,False,STANDARD_TROUBLESHOOTING,TRAIN
200657,SpotifyCares,False,Wed Nov 08 12:05:00 +0000 2023,Hey! It can take a short while for newly published podcast episodes to propagate across all CDN servers. Try clearing your app cache and checking again in 30 minutes.,,200656,content_availability,False,STANDARD_TROUBLESHOOTING,TRAIN
200658,user_10329,True,Wed Nov 08 12:00:00 +0000 2023,@SpotifyCares your app is literally trash. Worst update in history. Canceling my sub and going to Apple Music!,200659,,chitchat_feedback_venting,True,HIGH_CHURN_RISK,TRAIN
200659,SpotifyCares,False,Wed Nov 08 12:05:00 +0000 2023,Thank you so much! We are thrilled you're loving Wrapped this year! 🎧✨,,200658,chitchat_feedback_venting,True,HIGH_CHURN_RISK,TRAIN
200660,user_10330,True,Wed Nov 08 12:00:00 +0000 2023,@SpotifyCares the new update completely ruined the playlist sidebar. Can I revert to the old UI layout?,200661,,app_ui_features,False,STANDARD_TROUBLESHOOTING,TRAIN
200661,SpotifyCares,False,Wed Nov 08 12:05:00 +0000 2023,Hey! Swipe down slightly at the top of your Liked Songs playlist to reveal the search and 'Sort' bar. Tap 'Sort' and pick 'Artist' from the list.,,200660,app_ui_features,False,STANDARD_TROUBLESHOOTING,TRAIN
200662,user_10331,True,Wed Nov 08 12:00:00 +0000 2023,@SpotifyCares clean versions of rap songs keep playing even though I turned 'Allow Explicit Content' ON in settings.,200663,,content_availability,False,STANDARD_TROUBLESHOOTING,TRAIN
200663,SpotifyCares,False,Wed Nov 08 12:05:00 +0000 2023,"Hey! When songs appear greyed out, it is typically due to regional licensing agreements or changes by the rights holders. If you have 'Show unplayable songs' turned on in Settings, that highlights tracks currently restricted.",,200662,content_availability,False,STANDARD_TROUBLESHOOTING,TRAIN
200664,user_10332,True,Wed Nov 08 12:00:00 +0000 2023,"@SpotifyCares who designs your UI? Fire them immediately, this update gave me a headache.",200665,,chitchat_feedback_venting,True,HIGH_CHURN_RISK,TRAIN
200665,SpotifyCares,False,Wed Nov 08 12:05:00 +0000 2023,"We're really sorry to hear you're frustrated. If there's a specific issue or bug you're experiencing, let us know and we'd love to help troubleshoot.",,200664,chitchat_feedback_venting,True,HIGH_CHURN_RISK,TRAIN
200666,user_10333,True,Wed Nov 08 12:00:00 +0000 2023,@SpotifyCares music stops playing every time my screen locks on Pixel 8.,200667,,playback_audio_bugs,False,STANDARD_TROUBLESHOOTING,TRAIN
200667,SpotifyCares,False,Wed Nov 08 12:05:00 +0000 2023,"Oh no! Could you check if your web player at open.spotify.com behaves the same way? If it only happens in the app, clearing cache in Settings > Storage usually does the trick.",,200666,playback_audio_bugs,False,STANDARD_TROUBLESHOOTING,TRAIN
200668,user_10334,True,Wed Nov 08 12:00:00 +0000 2023,@SpotifyCares clean versions of rap songs keep playing even though I turned 'Allow Explicit Content' ON in settings.,200669,,content_availability,False,STANDARD_TROUBLESHOOTING,TRAIN
200669,SpotifyCares,False,Wed Nov 08 12:05:00 +0000 2023,Hi! Content availability is managed directly by artists and their record labels or distributors. We hope to make their music available again soon!,,200668,content_availability,False,STANDARD_TROUBLESHOOTING,TRAIN
200670,user_10335,True,Wed Nov 08 12:00:00 +0000 2023,@SpotifyCares Amazon Echo says 'Spotify is unavailable right now' when I ask Alexa to play music.,200671,,device_connectivity,False,STANDARD_TROUBLESHOOTING,TRAIN
200671,SpotifyCares,False,Wed Nov 08 12:05:00 +0000 2023,"Thanks for reaching out. Try unpairing and re-pairing the Bluetooth connection, then toggle 'Car Mode' off in Spotify Settings > Car to test.",,200670,device_connectivity,False,STANDARD_TROUBLESHOOTING,TRAIN
200672,user_10336,True,Wed Nov 08 12:00:00 +0000 2023,@SpotifyCares app keeps crashing every time I open my downloaded playlist offline on iPhone 14.,200673,,playback_audio_bugs,False,STANDARD_TROUBLESHOOTING,TRAIN
200673,SpotifyCares,False,Wed Nov 08 12:05:00 +0000 2023,Thanks for reporting! Try disabling 'Hardware Acceleration' in Spotify Settings > Show Advanced Settings. Then restart the app and see if the audio clears up.,,200672,playback_audio_bugs,False,STANDARD_TROUBLESHOOTING,TRAIN
200674,user_10337,True,Wed Nov 08 12:00:00 +0000 2023,@SpotifyCares my downloaded songs for offline mode are completely gone after the new update.,200675,,playback_audio_bugs,False,STANDARD_TROUBLESHOOTING,TRAIN
200675,SpotifyCares,False,Wed Nov 08 12:05:00 +0000 2023,"Oh no! Could you check if your web player at open.spotify.com behaves the same way? If it only happens in the app, clearing cache in Settings > Storage usually does the trick.",,200674,playback_audio_bugs,False,STANDARD_TROUBLESHOOTING,TRAIN
200676,user_10338,True,Wed Nov 08 12:00:00 +0000 2023,@SpotifyCares search bar is completely frozen and doesn't register typing on Samsung S23.,200677,,app_ui_features,False,STANDARD_TROUBLESHOOTING,TRAIN
200677,SpotifyCares,False,Wed Nov 08 12:05:00 +0000 2023,"Hi! The updated layout is permanent, but you can collapse or expand the Your Library view using the icon in the top-left of the sidebar to customize your view.",,200676,app_ui_features,False,STANDARD_TROUBLESHOOTING,TRAIN
200678,user_10339,True,Wed Nov 08 12:00:00 +0000 2023,@SpotifyCares clean versions of rap songs keep playing even though I turned 'Allow Explicit Content' ON in settings.,200679,,content_availability,False,STANDARD_TROUBLESHOOTING,TRAIN
200679,SpotifyCares,False,Wed Nov 08 12:05:00 +0000 2023,Hi! Content availability is managed directly by artists and their record labels or distributors. We hope to make their music available again soon!,,200678,content_availability,False,STANDARD_TROUBLESHOOTING,TRAIN
200680,user_10340,True,Wed Nov 08 12:00:00 +0000 2023,@SpotifyCares someone accessed my account from Russia and deleted all my curated playlists!,200681,,account_access,True,SECURITY_RISK,TRAIN
200681,SpotifyCares,False,Wed Nov 08 12:05:00 +0000 2023,We take account security very seriously! Please send us a DM immediately with your original email and receipt of purchase so our security team can lock and restore your account.,,200680,account_access,True,SECURITY_RISK,TRAIN
200682,user_10341,True,Wed Nov 08 12:00:00 +0000 2023,@SpotifyCares bluetooth in my car disconnects every 3 minutes only when playing Spotify.,200683,,device_connectivity,False,STANDARD_TROUBLESHOOTING,TRAIN
200683,SpotifyCares,False,Wed Nov 08 12:05:00 +0000 2023,"Hi! Some Sonos devices only communicate over 2.4GHz. Check if your router separates 2.4GHz and 5GHz bands, and make sure Local Network access is enabled in your Settings > Spotify.",,200682,device_connectivity,False,STANDARD_TROUBLESHOOTING,TRAIN
200684,user_10342,True,Wed Nov 08 12:00:00 +0000 2023,@SpotifyCares app keeps crashing every time I open my downloaded playlist offline on MacBook Pro.,200685,,playback_audio_bugs,False,STANDARD_TROUBLESHOOTING,TRAIN
200685,SpotifyCares,False,Wed Nov 08 12:05:00 +0000 2023,"Oh no! Could you check if your web player at open.spotify.com behaves the same way? If it only happens in the app, clearing cache in Settings > Storage usually does the trick.",,200684,playback_audio_bugs,False,STANDARD_TROUBLESHOOTING,TRAIN
200686,user_10343,True,Wed Nov 08 12:00:00 +0000 2023,@SpotifyCares audio is crackling and stuttering through my headphones on iPhone 15 Pro app.,200687,,playback_audio_bugs,False,STANDARD_TROUBLESHOOTING,TRAIN
200687,SpotifyCares,False,Wed Nov 08 12:05:00 +0000 2023,Thanks for reporting! Try disabling 'Hardware Acceleration' in Spotify Settings > Show Advanced Settings. Then restart the app and see if the audio clears up.,,200686,playback_audio_bugs,False,STANDARD_TROUBLESHOOTING,TRAIN
200688,user_10344,True,Wed Nov 08 12:00:00 +0000 2023,@SpotifyCares I canceled Premium two weeks ago and I was still billed today. Fix this immediately.,200689,,subscription_billing,True,FINANCIAL_DISPUTE,TRAIN
200689,SpotifyCares,False,Wed Nov 08 12:05:00 +0000 2023,Hey! All Family Plan members must reside at the exact same physical address. Make sure she types the address exactly character-for-character as shown in the plan manager's account page.,,200688,subscription_billing,True,FINANCIAL_DISPUTE,TRAIN
200690,user_10345,True,Wed Nov 08 12:00:00 +0000 2023,@SpotifyCares HELP! Someone changed the email on my account and I'm locked out.,200691,,account_access,True,SECURITY_RISK,TRAIN
200691,SpotifyCares,False,Wed Nov 08 12:05:00 +0000 2023,"Let's secure your account! Log in to your account page on spotify.com, click 'Sign out everywhere', and change your password right away. If you need more help, DM us.",,200690,account_access,True,SECURITY_RISK,TRAIN
200692,user_10346,True,Wed Nov 08 12:00:00 +0000 2023,@SpotifyCares why are half the songs on this album greyed out and unplayable for me?,200693,,content_availability,False,STANDARD_TROUBLESHOOTING,TRAIN
200693,SpotifyCares,False,Wed Nov 08 12:05:00 +0000 2023,Hi! Content availability is managed directly by artists and their record labels or distributors. We hope to make their music available again soon!,,200692,content_availability,False,STANDARD_TROUBLESHOOTING,TRAIN
200694,user_10347,True,Wed Nov 08 12:00:00 +0000 2023,@SpotifyCares someone accessed my account from Russia and deleted all my curated playlists!,200695,,account_access,True,SECURITY_RISK,TRAIN
200695,SpotifyCares,False,Wed Nov 08 12:05:00 +0000 2023,"Hey! Try clearing cookies and cache on your default mobile browser (Safari/Chrome), as the app uses browser webviews for authentication tokens.",,200694,account_access,True,SECURITY_RISK,TRAIN
200696,user_10348,True,Wed Nov 08 12:00:00 +0000 2023,@SpotifyCares someone accessed my account from Russia and deleted all my curated playlists!,200697,,account_access,True,SECURITY_RISK,TRAIN
200697,SpotifyCares,False,Wed Nov 08 12:05:00 +0000 2023,"Hi there. Make sure the email you entered matches the one on file. If you originally signed up via Facebook or Apple ID, use those buttons on the login screen instead!",,200696,account_access,True,SECURITY_RISK,TRAIN
200698,user_10349,True,Wed Nov 08 12:00:00 +0000 2023,@SpotifyCares playback keeps skipping tracks continuously without playing anything on Windows 11 PC!,200699,,playback_audio_bugs,False,STANDARD_TROUBLESHOOTING,TRAIN
200699,SpotifyCares,False,Wed Nov 08 12:05:00 +0000 2023,Thanks for reporting! Try disabling 'Hardware Acceleration' in Spotify Settings > Show Advanced Settings. Then restart the app and see if the audio clears up.,,200698,playback_audio_bugs,False,STANDARD_TROUBLESHOOTING,TRAIN
200700,user_10350,True,Wed Nov 08 12:00:00 +0000 2023,@SpotifyCares bluetooth in my car disconnects every 3 minutes only when playing Spotify.,200701,,device_connectivity,False,STANDARD_TROUBLESHOOTING,TRAIN
200701,SpotifyCares,False,Wed Nov 08 12:05:00 +0000 2023,"Hey! In the Alexa app, go to More > Settings > Music & Podcasts, unlink Spotify, and re-link your account. A quick router reboot also helps refresh the handshake!",,200700,device_connectivity,False,STANDARD_TROUBLESHOOTING,TRAIN
200702,user_10351,True,Wed Nov 08 12:00:00 +0000 2023,@SpotifyCares I think my account was hacked. There is random foreign music in my Recently Played.,200703,,account_access,True,SECURITY_RISK,TRAIN
200703,SpotifyCares,False,Wed Nov 08 12:05:00 +0000 2023,"Hey! Try clearing cookies and cache on your default mobile browser (Safari/Chrome), as the app uses browser webviews for authentication tokens.",,200702,account_access,True,SECURITY_RISK,TRAIN
200704,user_10352,True,Wed Nov 08 12:00:00 +0000 2023,@SpotifyCares I canceled Premium two weeks ago and I was still billed today. Fix this immediately.,200705,,subscription_billing,True,FINANCIAL_DISPUTE,TRAIN
200705,SpotifyCares,False,Wed Nov 08 12:05:00 +0000 2023,We understand your concern! Please DM us your account username and receipt date so a billing specialist can review your cancellation timestamp and process your refund.,,200704,subscription_billing,True,FINANCIAL_DISPUTE,TRAIN
200706,user_10353,True,Wed Nov 08 12:00:00 +0000 2023,@SpotifyCares love the new Wrapped statistics! Best feature of the year by far ❤️,200707,,chitchat_feedback_venting,True,HIGH_CHURN_RISK,TRAIN
200707,SpotifyCares,False,Wed Nov 08 12:05:00 +0000 2023,Thank you so much! We are thrilled you're loving Wrapped this year! 🎧✨,,200706,chitchat_feedback_venting,True,HIGH_CHURN_RISK,TRAIN
200708,user_10354,True,Wed Nov 08 12:00:00 +0000 2023,"@SpotifyCares thanks for helping me fix my playlist yesterday, you guys rock! Have a great weekend!",200709,,chitchat_feedback_venting,True,HIGH_CHURN_RISK,TRAIN
200709,SpotifyCares,False,Wed Nov 08 12:05:00 +0000 2023,We appreciate the candid feedback and are always sharing user impressions with our design team. Let us know if a specific feature is causing trouble.,,200708,chitchat_feedback_venting,True,HIGH_CHURN_RISK,TRAIN
200710,user_10355,True,Wed Nov 08 12:00:00 +0000 2023,"@SpotifyCares who designs your UI? Fire them immediately, this update gave me a headache.",200711,,chitchat_feedback_venting,True,HIGH_CHURN_RISK,TRAIN
200711,SpotifyCares,False,Wed Nov 08 12:05:00 +0000 2023,"We're really sorry to hear you're frustrated. If there's a specific issue or bug you're experiencing, let us know and we'd love to help troubleshoot.",,200710,chitchat_feedback_venting,True,HIGH_CHURN_RISK,TRAIN
200712,user_10356,True,Wed Nov 08 12:00:00 +0000 2023,@SpotifyCares your app is literally trash. Worst update in history. Canceling my sub and going to Apple Music!,200713,,chitchat_feedback_venting,True,HIGH_CHURN_RISK,TRAIN
200713,SpotifyCares,False,Wed Nov 08 12:05:00 +0000 2023,We appreciate the candid feedback and are always sharing user impressions with our design team. Let us know if a specific feature is causing trouble.,,200712,chitchat_feedback_venting,True,HIGH_CHURN_RISK,TRAIN
200714,user_10357,True,Wed Nov 08 12:00:00 +0000 2023,@SpotifyCares I canceled Premium two weeks ago and I was still billed today. Fix this immediately.,200715,,subscription_billing,True,FINANCIAL_DISPUTE,TRAIN
200715,SpotifyCares,False,Wed Nov 08 12:05:00 +0000 2023,Hey! All Family Plan members must reside at the exact same physical address. Make sure she types the address exactly character-for-character as shown in the plan manager's account page.,,200714,subscription_billing,True,FINANCIAL_DISPUTE,TRAIN
200716,user_10358,True,Wed Nov 08 12:00:00 +0000 2023,@SpotifyCares music stops playing every time my screen locks on Samsung S23.,200717,,playback_audio_bugs,False,STANDARD_TROUBLESHOOTING,TRAIN
200717,SpotifyCares,False,Wed Nov 08 12:05:00 +0000 2023,"Oh no! Could you check if your web player at open.spotify.com behaves the same way? If it only happens in the app, clearing cache in Settings > Storage usually does the trick.",,200716,playback_audio_bugs,False,STANDARD_TROUBLESHOOTING,TRAIN
200718,user_10359,True,Wed Nov 08 12:00:00 +0000 2023,@SpotifyCares Spotify won't show up on my Apple CarPlay screen anymore after updating MacBook Pro.,200719,,device_connectivity,False,STANDARD_TROUBLESHOOTING,TRAIN
200719,SpotifyCares,False,Wed Nov 08 12:05:00 +0000 2023,"Hey! In the Alexa app, go to More > Settings > Music & Podcasts, unlink Spotify, and re-link your account. A quick router reboot also helps refresh the handshake!",,200718,device_connectivity,False,STANDARD_TROUBLESHOOTING,TRAIN
200720,user_10360,True,Wed Nov 08 12:00:00 +0000 2023,"@SpotifyCares stuck in a login loop. I enter my credentials, it says success, and kicks me back to login on Samsung S23.",200721,,account_access,True,SECURITY_RISK,TRAIN
200721,SpotifyCares,False,Wed Nov 08 12:05:00 +0000 2023,We take account security very seriously! Please send us a DM immediately with your original email and receipt of purchase so our security team can lock and restore your account.,,200720,account_access,True,SECURITY_RISK,TRAIN
200722,user_10361,True,Wed Nov 08 12:00:00 +0000 2023,@SpotifyCares audio is crackling and stuttering through my headphones on iPad Pro app.,200723,,playback_audio_bugs,False,STANDARD_TROUBLESHOOTING,TRAIN
200723,SpotifyCares,False,Wed Nov 08 12:05:00 +0000 2023,"Hey there! Let's try performing a clean reinstall. Head to Settings > Storage > Clear Cache, delete the app, restart your iPad Pro, and reinstall. Let us know if that fixes it!",,200722,playback_audio_bugs,False,STANDARD_TROUBLESHOOTING,TRAIN
200724,user_10362,True,Wed Nov 08 12:00:00 +0000 2023,"@SpotifyCares thanks for helping me fix my playlist yesterday, you guys rock! Have a great weekend!",200725,,chitchat_feedback_venting,True,HIGH_CHURN_RISK,TRAIN
200725,SpotifyCares,False,Wed Nov 08 12:05:00 +0000 2023,You're very welcome! We're always here to help. Enjoy the tunes and have a fantastic weekend! 🎶,,200724,chitchat_feedback_venting,True,HIGH_CHURN_RISK,TRAIN
200726,user_10363,True,Wed Nov 08 12:00:00 +0000 2023,@SpotifyCares love the new Wrapped statistics! Best feature of the year by far ❤️,200727,,chitchat_feedback_venting,True,HIGH_CHURN_RISK,TRAIN
200727,SpotifyCares,False,Wed Nov 08 12:05:00 +0000 2023,You're very welcome! We're always here to help. Enjoy the tunes and have a fantastic weekend! 🎶,,200726,chitchat_feedback_venting,True,HIGH_CHURN_RISK,TRAIN
200728,user_10364,True,Wed Nov 08 12:00:00 +0000 2023,@SpotifyCares Spotify won't show up on my Apple CarPlay screen anymore after updating iPhone 14.,200729,,device_connectivity,False,STANDARD_TROUBLESHOOTING,TRAIN
200729,SpotifyCares,False,Wed Nov 08 12:05:00 +0000 2023,"Hey! On your iPhone 14, go to Settings > General > CarPlay, select your vehicle, and check if Spotify is listed under customized apps. Also try restarting your car head unit.",,200728,device_connectivity,False,STANDARD_TROUBLESHOOTING,TRAIN
200730,user_10365,True,Wed Nov 08 12:00:00 +0000 2023,@SpotifyCares I'm not receiving the password reset email at all. Checked spam and trash.,200731,,account_access,True,SECURITY_RISK,TRAIN
200731,SpotifyCares,False,Wed Nov 08 12:05:00 +0000 2023,"Hey! Try clearing cookies and cache on your default mobile browser (Safari/Chrome), as the app uses browser webviews for authentication tokens.",,200730,account_access,True,SECURITY_RISK,TRAIN
200732,user_10366,True,Wed Nov 08 12:00:00 +0000 2023,@SpotifyCares I think my account was hacked. There is random foreign music in my Recently Played.,200733,,account_access,True,SECURITY_RISK,TRAIN
200733,SpotifyCares,False,Wed Nov 08 12:05:00 +0000 2023,We take account security very seriously! Please send us a DM immediately with your original email and receipt of purchase so our security team can lock and restore your account.,,200732,account_access,True,SECURITY_RISK,TRAIN
200734,user_10367,True,Wed Nov 08 12:00:00 +0000 2023,@SpotifyCares Amazon Echo says 'Spotify is unavailable right now' when I ask Alexa to play music.,200735,,device_connectivity,False,STANDARD_TROUBLESHOOTING,TRAIN
200735,SpotifyCares,False,Wed Nov 08 12:05:00 +0000 2023,"Hey! On your iPhone 14, go to Settings > General > CarPlay, select your vehicle, and check if Spotify is listed under customized apps. Also try restarting your car head unit.",,200734,device_connectivity,False,STANDARD_TROUBLESHOOTING,TRAIN
200736,user_10368,True,Wed Nov 08 12:00:00 +0000 2023,@SpotifyCares why are half the songs on this album greyed out and unplayable for me?,200737,,content_availability,False,STANDARD_TROUBLESHOOTING,TRAIN
200737,SpotifyCares,False,Wed Nov 08 12:05:00 +0000 2023,"Hi there! If you are on a Family Plan, make sure the Plan Manager hasn't toggled explicit content off for your sub-account in their Family settings.",,200736,content_availability,False,STANDARD_TROUBLESHOOTING,TRAIN
200738,user_10369,True,Wed Nov 08 12:00:00 +0000 2023,@SpotifyCares I canceled Premium two weeks ago and I was still billed today. Fix this immediately.,200739,,subscription_billing,True,FINANCIAL_DISPUTE,TRAIN
200739,SpotifyCares,False,Wed Nov 08 12:05:00 +0000 2023,"We can look into double charges for you right away. Since this involves billing details, please send us a DM with your account email and the last 4 digits of the card charged.",,200738,subscription_billing,True,FINANCIAL_DISPUTE,TRAIN
200740,user_10370,True,Wed Nov 08 12:00:00 +0000 2023,@SpotifyCares someone accessed my account from Russia and deleted all my curated playlists!,200741,,account_access,True,SECURITY_RISK,TRAIN
200741,SpotifyCares,False,Wed Nov 08 12:05:00 +0000 2023,"Hey! Try clearing cookies and cache on your default mobile browser (Safari/Chrome), as the app uses browser webviews for authentication tokens.",,200740,account_access,True,SECURITY_RISK,TRAIN
200742,user_10371,True,Wed Nov 08 12:00:00 +0000 2023,@SpotifyCares why did you remove the entire discography of this indie artist today?,200743,,content_availability,False,STANDARD_TROUBLESHOOTING,TRAIN
200743,SpotifyCares,False,Wed Nov 08 12:05:00 +0000 2023,"Hey! When songs appear greyed out, it is typically due to regional licensing agreements or changes by the rights holders. If you have 'Show unplayable songs' turned on in Settings, that highlights tracks currently restricted.",,200742,content_availability,False,STANDARD_TROUBLESHOOTING,TRAIN
200744,user_10372,True,Wed Nov 08 12:00:00 +0000 2023,@SpotifyCares why are half the songs on this album greyed out and unplayable for me?,200745,,content_availability,False,STANDARD_TROUBLESHOOTING,TRAIN
200745,SpotifyCares,False,Wed Nov 08 12:05:00 +0000 2023,Hey! It can take a short while for newly published podcast episodes to propagate across all CDN servers. Try clearing your app cache and checking again in 30 minutes.,,200744,content_availability,False,STANDARD_TROUBLESHOOTING,TRAIN
200746,user_10373,True,Wed Nov 08 12:00:00 +0000 2023,@SpotifyCares app keeps crashing every time I open my downloaded playlist offline on Samsung S23.,200747,,playback_audio_bugs,False,STANDARD_TROUBLESHOOTING,TRAIN
200747,SpotifyCares,False,Wed Nov 08 12:05:00 +0000 2023,"Oh no! Could you check if your web player at open.spotify.com behaves the same way? If it only happens in the app, clearing cache in Settings > Storage usually does the trick.",,200746,playback_audio_bugs,False,STANDARD_TROUBLESHOOTING,TRAIN
200748,user_10374,True,Wed Nov 08 12:00:00 +0000 2023,@SpotifyCares where did the lyrics button go on iPad Pro? It disappeared from the Now Playing screen yesterday!,200749,,app_ui_features,False,STANDARD_TROUBLESHOOTING,TRAIN
200749,SpotifyCares,False,Wed Nov 08 12:05:00 +0000 2023,Hey! Swipe down slightly at the top of your Liked Songs playlist to reveal the search and 'Sort' bar. Tap 'Sort' and pick 'Artist' from the list.,,200748,app_ui_features,False,STANDARD_TROUBLESHOOTING,TRAIN
200750,user_10375,True,Wed Nov 08 12:00:00 +0000 2023,@SpotifyCares trying to add my family member to our Spotify Family Plan but it says her address doesn't match.,200751,,subscription_billing,True,FINANCIAL_DISPUTE,TRAIN
200751,SpotifyCares,False,Wed Nov 08 12:05:00 +0000 2023,"We can look into double charges for you right away. Since this involves billing details, please send us a DM with your account email and the last 4 digits of the card charged.",,200750,subscription_billing,True,FINANCIAL_DISPUTE,TRAIN
200752,user_10376,True,Wed Nov 08 12:00:00 +0000 2023,@SpotifyCares how do I sort my Liked Songs playlist by artist on iPhone 14? Can't find the filter option.,200753,,app_ui_features,False,STANDARD_TROUBLESHOOTING,TRAIN
200753,SpotifyCares,False,Wed Nov 08 12:05:00 +0000 2023,"Hi! The updated layout is permanent, but you can collapse or expand the Your Library view using the icon in the top-left of the sidebar to customize your view.",,200752,app_ui_features,False,STANDARD_TROUBLESHOOTING,TRAIN
200754,user_10377,True,Wed Nov 08 12:00:00 +0000 2023,@SpotifyCares why did you remove the entire discography of this indie artist today?,200755,,content_availability,False,STANDARD_TROUBLESHOOTING,TRAIN
200755,SpotifyCares,False,Wed Nov 08 12:05:00 +0000 2023,"Hi there! If you are on a Family Plan, make sure the Plan Manager hasn't toggled explicit content off for your sub-account in their Family settings.",,200754,content_availability,False,STANDARD_TROUBLESHOOTING,TRAIN
200756,user_10378,True,Wed Nov 08 12:00:00 +0000 2023,@SpotifyCares why can't I swipe to queue songs anymore on Android? That was the best feature.,200757,,app_ui_features,False,STANDARD_TROUBLESHOOTING,TRAIN
200757,SpotifyCares,False,Wed Nov 08 12:05:00 +0000 2023,"Hi! The updated layout is permanent, but you can collapse or expand the Your Library view using the icon in the top-left of the sidebar to customize your view.",,200756,app_ui_features,False,STANDARD_TROUBLESHOOTING,TRAIN
200758,user_10379,True,Wed Nov 08 12:00:00 +0000 2023,@SpotifyCares app keeps crashing every time I open my downloaded playlist offline on iPhone 14.,200759,,playback_audio_bugs,False,STANDARD_TROUBLESHOOTING,TRAIN
200759,SpotifyCares,False,Wed Nov 08 12:05:00 +0000 2023,"Oh no! Could you check if your web player at open.spotify.com behaves the same way? If it only happens in the app, clearing cache in Settings > Storage usually does the trick.",,200758,playback_audio_bugs,False,STANDARD_TROUBLESHOOTING,TRAIN
200760,user_10380,True,Wed Nov 08 12:00:00 +0000 2023,@SpotifyCares HELP! Someone changed the email on my account and I'm locked out.,200761,,account_access,True,SECURITY_RISK,TRAIN
200761,SpotifyCares,False,Wed Nov 08 12:05:00 +0000 2023,"Hi there. Make sure the email you entered matches the one on file. If you originally signed up via Facebook or Apple ID, use those buttons on the login screen instead!",,200760,account_access,True,SECURITY_RISK,TRAIN
200762,user_10381,True,Wed Nov 08 12:00:00 +0000 2023,@SpotifyCares I canceled Premium two weeks ago and I was still billed today. Fix this immediately.,200763,,subscription_billing,True,FINANCIAL_DISPUTE,TRAIN
200763,SpotifyCares,False,Wed Nov 08 12:05:00 +0000 2023,We understand your concern! Please DM us your account username and receipt date so a billing specialist can review your cancellation timestamp and process your refund.,,200762,subscription_billing,True,FINANCIAL_DISPUTE,TRAIN
200764,user_10382,True,Wed Nov 08 12:00:00 +0000 2023,"@SpotifyCares thanks for helping me fix my playlist yesterday, you guys rock! Have a great weekend!",200765,,chitchat_feedback_venting,True,HIGH_CHURN_RISK,TRAIN
200765,SpotifyCares,False,Wed Nov 08 12:05:00 +0000 2023,We appreciate the candid feedback and are always sharing user impressions with our design team. Let us know if a specific feature is causing trouble.,,200764,chitchat_feedback_venting,True,HIGH_CHURN_RISK,TRAIN
200766,user_10383,True,Wed Nov 08 12:00:00 +0000 2023,"@SpotifyCares who designs your UI? Fire them immediately, this update gave me a headache.",200767,,chitchat_feedback_venting,True,HIGH_CHURN_RISK,TRAIN
200767,SpotifyCares,False,Wed Nov 08 12:05:00 +0000 2023,We appreciate the candid feedback and are always sharing user impressions with our design team. Let us know if a specific feature is causing trouble.,,200766,chitchat_feedback_venting,True,HIGH_CHURN_RISK,TRAIN
200768,user_10384,True,Wed Nov 08 12:00:00 +0000 2023,@SpotifyCares Amazon Echo says 'Spotify is unavailable right now' when I ask Alexa to play music.,200769,,device_connectivity,False,STANDARD_TROUBLESHOOTING,TRAIN
200769,SpotifyCares,False,Wed Nov 08 12:05:00 +0000 2023,"Hey! In the Alexa app, go to More > Settings > Music & Podcasts, unlink Spotify, and re-link your account. A quick router reboot also helps refresh the handshake!",,200768,device_connectivity,False,STANDARD_TROUBLESHOOTING,TRAIN
200770,user_10385,True,Wed Nov 08 12:00:00 +0000 2023,"@SpotifyCares stuck in a login loop. I enter my credentials, it says success, and kicks me back to login on Samsung S23.",200771,,account_access,True,SECURITY_RISK,TRAIN
200771,SpotifyCares,False,Wed Nov 08 12:05:00 +0000 2023,"Hey! Try clearing cookies and cache on your default mobile browser (Safari/Chrome), as the app uses browser webviews for authentication tokens.",,200770,account_access,True,SECURITY_RISK,TRAIN
200772,user_10386,True,Wed Nov 08 12:00:00 +0000 2023,@SpotifyCares You charged me $11.99 TWICE this month on my credit card! I want an immediate refund.,200773,,subscription_billing,True,FINANCIAL_DISPUTE,TRAIN
200773,SpotifyCares,False,Wed Nov 08 12:05:00 +0000 2023,We understand your concern! Please DM us your account username and receipt date so a billing specialist can review your cancellation timestamp and process your refund.,,200772,subscription_billing,True,FINANCIAL_DISPUTE,TRAIN
200774,user_10387,True,Wed Nov 08 12:00:00 +0000 2023,@SpotifyCares clean versions of rap songs keep playing even though I turned 'Allow Explicit Content' ON in settings.,200775,,content_availability,False,STANDARD_TROUBLESHOOTING,TRAIN
200775,SpotifyCares,False,Wed Nov 08 12:05:00 +0000 2023,Hi! Content availability is managed directly by artists and their record labels or distributors. We hope to make their music available again soon!,,200774,content_availability,False,STANDARD_TROUBLESHOOTING,TRAIN
200776,user_10388,True,Wed Nov 08 12:00:00 +0000 2023,@SpotifyCares audio is crackling and stuttering through my headphones on Samsung S23 app.,200777,,playback_audio_bugs,False,STANDARD_TROUBLESHOOTING,TRAIN
200777,SpotifyCares,False,Wed Nov 08 12:05:00 +0000 2023,Thanks for reporting! Try disabling 'Hardware Acceleration' in Spotify Settings > Show Advanced Settings. Then restart the app and see if the audio clears up.,,200776,playback_audio_bugs,False,STANDARD_TROUBLESHOOTING,TRAIN
200778,user_10389,True,Wed Nov 08 12:00:00 +0000 2023,@SpotifyCares a podcast episode that came out an hour ago won't load or play on Windows 11 PC.,200779,,content_availability,False,STANDARD_TROUBLESHOOTING,TRAIN
200779,SpotifyCares,False,Wed Nov 08 12:05:00 +0000 2023,"Hi there! If you are on a Family Plan, make sure the Plan Manager hasn't toggled explicit content off for your sub-account in their Family settings.",,200778,content_availability,False,STANDARD_TROUBLESHOOTING,TRAIN
200780,user_10390,True,Wed Nov 08 12:00:00 +0000 2023,@SpotifyCares I canceled Premium two weeks ago and I was still billed today. Fix this immediately.,200781,,subscription_billing,True,FINANCIAL_DISPUTE,TRAIN
200781,SpotifyCares,False,Wed Nov 08 12:05:00 +0000 2023,"We can look into double charges for you right away. Since this involves billing details, please send us a DM with your account email and the last 4 digits of the card charged.",,200780,subscription_billing,True,FINANCIAL_DISPUTE,TRAIN
200782,user_10391,True,Wed Nov 08 12:00:00 +0000 2023,@SpotifyCares a podcast episode that came out an hour ago won't load or play on Windows 11 PC.,200783,,content_availability,False,STANDARD_TROUBLESHOOTING,TRAIN
200783,SpotifyCares,False,Wed Nov 08 12:05:00 +0000 2023,Hi! Content availability is managed directly by artists and their record labels or distributors. We hope to make their music available again soon!,,200782,content_availability,False,STANDARD_TROUBLESHOOTING,TRAIN
200784,user_10392,True,Wed Nov 08 12:00:00 +0000 2023,@SpotifyCares app keeps crashing every time I open my downloaded playlist offline on Samsung S23.,200785,,playback_audio_bugs,False,STANDARD_TROUBLESHOOTING,TRAIN
200785,SpotifyCares,False,Wed Nov 08 12:05:00 +0000 2023,"Oh no! Could you check if your web player at open.spotify.com behaves the same way? If it only happens in the app, clearing cache in Settings > Storage usually does the trick.",,200784,playback_audio_bugs,False,STANDARD_TROUBLESHOOTING,TRAIN
200786,user_10393,True,Wed Nov 08 12:00:00 +0000 2023,"@SpotifyCares thanks for helping me fix my playlist yesterday, you guys rock! Have a great weekend!",200787,,chitchat_feedback_venting,True,HIGH_CHURN_RISK,TRAIN
200787,SpotifyCares,False,Wed Nov 08 12:05:00 +0000 2023,"We're really sorry to hear you're frustrated. If there's a specific issue or bug you're experiencing, let us know and we'd love to help troubleshoot.",,200786,chitchat_feedback_venting,True,HIGH_CHURN_RISK,TRAIN
200788,user_10394,True,Wed Nov 08 12:00:00 +0000 2023,@SpotifyCares why can't I swipe to queue songs anymore on Android? That was the best feature.,200789,,app_ui_features,False,STANDARD_TROUBLESHOOTING,TRAIN
200789,SpotifyCares,False,Wed Nov 08 12:05:00 +0000 2023,"Hey! Lyrics are provided via Musixmatch and availability varies by track and territory. If lyrics are missing across all songs, try logging out and logging back in to refresh your app data.",,200788,app_ui_features,False,STANDARD_TROUBLESHOOTING,TRAIN
200790,user_10395,True,Wed Nov 08 12:00:00 +0000 2023,@SpotifyCares I think my account was hacked. There is random foreign music in my Recently Played.,200791,,account_access,True,SECURITY_RISK,TRAIN
200791,SpotifyCares,False,Wed Nov 08 12:05:00 +0000 2023,"Let's secure your account! Log in to your account page on spotify.com, click 'Sign out everywhere', and change your password right away. If you need more help, DM us.",,200790,account_access,True,SECURITY_RISK,TRAIN
200792,user_10396,True,Wed Nov 08 12:00:00 +0000 2023,@SpotifyCares my downloaded songs for offline mode are completely gone after the new update.,200793,,playback_audio_bugs,False,STANDARD_TROUBLESHOOTING,TRAIN
200793,SpotifyCares,False,Wed Nov 08 12:05:00 +0000 2023,"Hey! This usually happens due to battery optimization. Go to Windows 11 PC Settings > Apps > Spotify > Battery, and set it to 'Unrestricted'. That should prevent it from going to sleep.",,200792,playback_audio_bugs,False,STANDARD_TROUBLESHOOTING,TRAIN
200794,user_10397,True,Wed Nov 08 12:00:00 +0000 2023,@SpotifyCares my student verification failed through SheerID even though I uploaded my enrollment letter.,200795,,subscription_billing,True,FINANCIAL_DISPUTE,TRAIN
200795,SpotifyCares,False,Wed Nov 08 12:05:00 +0000 2023,We understand your concern! Please DM us your account username and receipt date so a billing specialist can review your cancellation timestamp and process your refund.,,200794,subscription_billing,True,FINANCIAL_DISPUTE,TRAIN
200796,user_10398,True,Wed Nov 08 12:00:00 +0000 2023,@SpotifyCares clean versions of rap songs keep playing even though I turned 'Allow Explicit Content' ON in settings.,200797,,content_availability,False,STANDARD_TROUBLESHOOTING,TRAIN
200797,SpotifyCares,False,Wed Nov 08 12:05:00 +0000 2023,Hi! Content availability is managed directly by artists and their record labels or distributors. We hope to make their music available again soon!,,200796,content_availability,False,STANDARD_TROUBLESHOOTING,TRAIN
200798,user_10399,True,Wed Nov 08 12:00:00 +0000 2023,@SpotifyCares how do I sort my Liked Songs playlist by artist on iPhone 14? Can't find the filter option.,200799,,app_ui_features,False,STANDARD_TROUBLESHOOTING,TRAIN
200799,SpotifyCares,False,Wed Nov 08 12:05:00 +0000 2023,"Hi! The updated layout is permanent, but you can collapse or expand the Your Library view using the icon in the top-left of the sidebar to customize your view.",,200798,app_ui_features,False,STANDARD_TROUBLESHOOTING,TRAIN
200800,user_10400,True,Wed Nov 08 12:00:00 +0000 2023,@SpotifyCares the new update completely ruined the playlist sidebar. Can I revert to the old UI layout?,200801,,app_ui_features,False,STANDARD_TROUBLESHOOTING,TRAIN
200801,SpotifyCares,False,Wed Nov 08 12:05:00 +0000 2023,Thanks for the feedback! Swipe to queue is currently available on iOS and select Android builds as part of ongoing UI testing.,,200800,app_ui_features,False,STANDARD_TROUBLESHOOTING,TRAIN
200802,user_10401,True,Wed Nov 08 12:00:00 +0000 2023,@SpotifyCares why are half the songs on this album greyed out and unplayable for me?,200803,,content_availability,False,STANDARD_TROUBLESHOOTING,TRAIN
200803,SpotifyCares,False,Wed Nov 08 12:05:00 +0000 2023,Hi! Content availability is managed directly by artists and their record labels or distributors. We hope to make their music available again soon!,,200802,content_availability,False,STANDARD_TROUBLESHOOTING,TRAIN
200804,user_10402,True,Wed Nov 08 12:00:00 +0000 2023,@SpotifyCares why can't I swipe to queue songs anymore on Android? That was the best feature.,200805,,app_ui_features,False,STANDARD_TROUBLESHOOTING,TRAIN
200805,SpotifyCares,False,Wed Nov 08 12:05:00 +0000 2023,"Hi! The updated layout is permanent, but you can collapse or expand the Your Library view using the icon in the top-left of the sidebar to customize your view.",,200804,app_ui_features,False,STANDARD_TROUBLESHOOTING,TRAIN
200806,user_10403,True,Wed Nov 08 12:00:00 +0000 2023,@SpotifyCares why can't I swipe to queue songs anymore on Android? That was the best feature.,200807,,app_ui_features,False,STANDARD_TROUBLESHOOTING,TRAIN
200807,SpotifyCares,False,Wed Nov 08 12:05:00 +0000 2023,"Hi! The updated layout is permanent, but you can collapse or expand the Your Library view using the icon in the top-left of the sidebar to customize your view.",,200806,app_ui_features,False,STANDARD_TROUBLESHOOTING,TRAIN
200808,user_10404,True,Wed Nov 08 12:00:00 +0000 2023,@SpotifyCares your app is literally trash. Worst update in history. Canceling my sub and going to Apple Music!,200809,,chitchat_feedback_venting,True,HIGH_CHURN_RISK,TRAIN
200809,SpotifyCares,False,Wed Nov 08 12:05:00 +0000 2023,Thank you so much! We are thrilled you're loving Wrapped this year! 🎧✨,,200808,chitchat_feedback_venting,True,HIGH_CHURN_RISK,TRAIN
200810,user_10405,True,Wed Nov 08 12:00:00 +0000 2023,@SpotifyCares app keeps crashing every time I open my downloaded playlist offline on Windows 11 PC.,200811,,playback_audio_bugs,False,STANDARD_TROUBLESHOOTING,TRAIN
200811,SpotifyCares,False,Wed Nov 08 12:05:00 +0000 2023,Thanks for reporting! Try disabling 'Hardware Acceleration' in Spotify Settings > Show Advanced Settings. Then restart the app and see if the audio clears up.,,200810,playback_audio_bugs,False,STANDARD_TROUBLESHOOTING,TRAIN
200812,user_10406,True,Wed Nov 08 12:00:00 +0000 2023,@SpotifyCares where did the lyrics button go on MacBook Pro? It disappeared from the Now Playing screen yesterday!,200813,,app_ui_features,False,STANDARD_TROUBLESHOOTING,TRAIN
200813,SpotifyCares,False,Wed Nov 08 12:05:00 +0000 2023,"Oh no! Try restarting your MacBook Pro and clearing cache in Settings > Storage > Clear Cache. If that doesn't fix the search bar, a clean reinstall will refresh the index.",,200812,app_ui_features,False,STANDARD_TROUBLESHOOTING,TRAIN
200814,user_10407,True,Wed Nov 08 12:00:00 +0000 2023,@SpotifyCares trying to add my family member to our Spotify Family Plan but it says her address doesn't match.,200815,,subscription_billing,True,FINANCIAL_DISPUTE,TRAIN
200815,SpotifyCares,False,Wed Nov 08 12:05:00 +0000 2023,Hey! All Family Plan members must reside at the exact same physical address. Make sure she types the address exactly character-for-character as shown in the plan manager's account page.,,200814,subscription_billing,True,FINANCIAL_DISPUTE,TRAIN
200816,user_10408,True,Wed Nov 08 12:00:00 +0000 2023,@SpotifyCares clean versions of rap songs keep playing even though I turned 'Allow Explicit Content' ON in settings.,200817,,content_availability,False,STANDARD_TROUBLESHOOTING,TRAIN
200817,SpotifyCares,False,Wed Nov 08 12:05:00 +0000 2023,"Hey! When songs appear greyed out, it is typically due to regional licensing agreements or changes by the rights holders. If you have 'Show unplayable songs' turned on in Settings, that highlights tracks currently restricted.",,200816,content_availability,False,STANDARD_TROUBLESHOOTING,TRAIN
200818,user_10409,True,Wed Nov 08 12:00:00 +0000 2023,"@SpotifyCares stuck in a login loop. I enter my credentials, it says success, and kicks me back to login on Samsung S23.",200819,,account_access,True,SECURITY_RISK,TRAIN
200819,SpotifyCares,False,Wed Nov 08 12:05:00 +0000 2023,We take account security very seriously! Please send us a DM immediately with your original email and receipt of purchase so our security team can lock and restore your account.,,200818,account_access,True,SECURITY_RISK,TRAIN
200820,user_10410,True,Wed Nov 08 12:00:00 +0000 2023,@SpotifyCares why did you remove the entire discography of this indie artist today?,200821,,content_availability,False,STANDARD_TROUBLESHOOTING,TRAIN
200821,SpotifyCares,False,Wed Nov 08 12:05:00 +0000 2023,Hey! It can take a short while for newly published podcast episodes to propagate across all CDN servers. Try clearing your app cache and checking again in 30 minutes.,,200820,content_availability,False,STANDARD_TROUBLESHOOTING,TRAIN
200822,user_10411,True,Wed Nov 08 12:00:00 +0000 2023,@SpotifyCares someone accessed my account from Russia and deleted all my curated playlists!,200823,,account_access,True,SECURITY_RISK,TRAIN
200823,SpotifyCares,False,Wed Nov 08 12:05:00 +0000 2023,We take account security very seriously! Please send us a DM immediately with your original email and receipt of purchase so our security team can lock and restore your account.,,200822,account_access,True,SECURITY_RISK,TRAIN
200824,user_10412,True,Wed Nov 08 12:00:00 +0000 2023,@SpotifyCares Amazon Echo says 'Spotify is unavailable right now' when I ask Alexa to play music.,200825,,device_connectivity,False,STANDARD_TROUBLESHOOTING,TRAIN
200825,SpotifyCares,False,Wed Nov 08 12:05:00 +0000 2023,"Hey! In the Alexa app, go to More > Settings > Music & Podcasts, unlink Spotify, and re-link your account. A quick router reboot also helps refresh the handshake!",,200824,device_connectivity,False,STANDARD_TROUBLESHOOTING,TRAIN
200826,user_10413,True,Wed Nov 08 12:00:00 +0000 2023,@SpotifyCares your app is literally trash. Worst update in history. Canceling my sub and going to Apple Music!,200827,,chitchat_feedback_venting,True,HIGH_CHURN_RISK,TRAIN
200827,SpotifyCares,False,Wed Nov 08 12:05:00 +0000 2023,You're very welcome! We're always here to help. Enjoy the tunes and have a fantastic weekend! 🎶,,200826,chitchat_feedback_venting,True,HIGH_CHURN_RISK,TRAIN
200828,user_10414,True,Wed Nov 08 12:00:00 +0000 2023,@SpotifyCares Amazon Echo says 'Spotify is unavailable right now' when I ask Alexa to play music.,200829,,device_connectivity,False,STANDARD_TROUBLESHOOTING,TRAIN
200829,SpotifyCares,False,Wed Nov 08 12:05:00 +0000 2023,"Thanks for reaching out. Try unpairing and re-pairing the Bluetooth connection, then toggle 'Car Mode' off in Spotify Settings > Car to test.",,200828,device_connectivity,False,STANDARD_TROUBLESHOOTING,TRAIN
200830,user_10415,True,Wed Nov 08 12:00:00 +0000 2023,@SpotifyCares search bar is completely frozen and doesn't register typing on iPad Pro.,200831,,app_ui_features,False,STANDARD_TROUBLESHOOTING,TRAIN
200831,SpotifyCares,False,Wed Nov 08 12:05:00 +0000 2023,"Hi! The updated layout is permanent, but you can collapse or expand the Your Library view using the icon in the top-left of the sidebar to customize your view.",,200830,app_ui_features,False,STANDARD_TROUBLESHOOTING,TRAIN
200832,user_10416,True,Wed Nov 08 12:00:00 +0000 2023,@SpotifyCares Spotify won't show up on my Apple CarPlay screen anymore after updating MacBook Pro.,200833,,device_connectivity,False,STANDARD_TROUBLESHOOTING,TRAIN
200833,SpotifyCares,False,Wed Nov 08 12:05:00 +0000 2023,"Hey! On your MacBook Pro, go to Settings > General > CarPlay, select your vehicle, and check if Spotify is listed under customized apps. Also try restarting your car head unit.",,200832,device_connectivity,False,STANDARD_TROUBLESHOOTING,TRAIN
200834,user_10417,True,Wed Nov 08 12:00:00 +0000 2023,@SpotifyCares trying to add my family member to our Spotify Family Plan but it says her address doesn't match.,200835,,subscription_billing,True,FINANCIAL_DISPUTE,TRAIN
200835,SpotifyCares,False,Wed Nov 08 12:05:00 +0000 2023,Hey! All Family Plan members must reside at the exact same physical address. Make sure she types the address exactly character-for-character as shown in the plan manager's account page.,,200834,subscription_billing,True,FINANCIAL_DISPUTE,TRAIN
200836,user_10418,True,Wed Nov 08 12:00:00 +0000 2023,@SpotifyCares my student verification failed through SheerID even though I uploaded my enrollment letter.,200837,,subscription_billing,True,FINANCIAL_DISPUTE,TRAIN
200837,SpotifyCares,False,Wed Nov 08 12:05:00 +0000 2023,"We can look into double charges for you right away. Since this involves billing details, please send us a DM with your account email and the last 4 digits of the card charged.",,200836,subscription_billing,True,FINANCIAL_DISPUTE,TRAIN
200838,user_10419,True,Wed Nov 08 12:00:00 +0000 2023,@SpotifyCares search bar is completely frozen and doesn't register typing on iPhone 15 Pro.,200839,,app_ui_features,False,STANDARD_TROUBLESHOOTING,TRAIN
200839,SpotifyCares,False,Wed Nov 08 12:05:00 +0000 2023,Hey! Swipe down slightly at the top of your Liked Songs playlist to reveal the search and 'Sort' bar. Tap 'Sort' and pick 'Artist' from the list.,,200838,app_ui_features,False,STANDARD_TROUBLESHOOTING,TRAIN
200840,user_10420,True,Wed Nov 08 12:00:00 +0000 2023,@SpotifyCares why are half the songs on this album greyed out and unplayable for me?,200841,,content_availability,False,STANDARD_TROUBLESHOOTING,TRAIN
200841,SpotifyCares,False,Wed Nov 08 12:05:00 +0000 2023,"Hi there! If you are on a Family Plan, make sure the Plan Manager hasn't toggled explicit content off for your sub-account in their Family settings.",,200840,content_availability,False,STANDARD_TROUBLESHOOTING,TRAIN
200842,user_10421,True,Wed Nov 08 12:00:00 +0000 2023,@SpotifyCares I'm not receiving the password reset email at all. Checked spam and trash.,200843,,account_access,True,SECURITY_RISK,TRAIN
200843,SpotifyCares,False,Wed Nov 08 12:05:00 +0000 2023,"Let's secure your account! Log in to your account page on spotify.com, click 'Sign out everywhere', and change your password right away. If you need more help, DM us.",,200842,account_access,True,SECURITY_RISK,TRAIN
200844,user_10422,True,Wed Nov 08 12:00:00 +0000 2023,@SpotifyCares my songs keep pausing after 10 seconds on my iPhone 14 Windows 11.,200845,,playback_audio_bugs,False,STANDARD_TROUBLESHOOTING,TRAIN
200845,SpotifyCares,False,Wed Nov 08 12:05:00 +0000 2023,"Hey there! Let's try performing a clean reinstall. Head to Settings > Storage > Clear Cache, delete the app, restart your iPhone 14, and reinstall. Let us know if that fixes it!",,200844,playback_audio_bugs,False,STANDARD_TROUBLESHOOTING,TRAIN
200846,user_10423,True,Wed Nov 08 12:00:00 +0000 2023,@SpotifyCares trying to add my family member to our Spotify Family Plan but it says her address doesn't match.,200847,,subscription_billing,True,FINANCIAL_DISPUTE,TRAIN
200847,SpotifyCares,False,Wed Nov 08 12:05:00 +0000 2023,We understand your concern! Please DM us your account username and receipt date so a billing specialist can review your cancellation timestamp and process your refund.,,200846,subscription_billing,True,FINANCIAL_DISPUTE,TRAIN
200848,user_10424,True,Wed Nov 08 12:00:00 +0000 2023,@SpotifyCares bluetooth in my car disconnects every 3 minutes only when playing Spotify.,200849,,device_connectivity,False,STANDARD_TROUBLESHOOTING,TRAIN
200849,SpotifyCares,False,Wed Nov 08 12:05:00 +0000 2023,"Thanks for reaching out. Try unpairing and re-pairing the Bluetooth connection, then toggle 'Car Mode' off in Spotify Settings > Car to test.",,200848,device_connectivity,False,STANDARD_TROUBLESHOOTING,TRAIN
200850,user_10425,True,Wed Nov 08 12:00:00 +0000 2023,@SpotifyCares love the new Wrapped statistics! Best feature of the year by far ❤️,200851,,chitchat_feedback_venting,True,HIGH_CHURN_RISK,TRAIN
200851,SpotifyCares,False,Wed Nov 08 12:05:00 +0000 2023,We appreciate the candid feedback and are always sharing user impressions with our design team. Let us know if a specific feature is causing trouble.,,200850,chitchat_feedback_venting,True,HIGH_CHURN_RISK,TRAIN
200852,user_10426,True,Wed Nov 08 12:00:00 +0000 2023,@SpotifyCares where did the lyrics button go on Pixel 8? It disappeared from the Now Playing screen yesterday!,200853,,app_ui_features,False,STANDARD_TROUBLESHOOTING,TRAIN
200853,SpotifyCares,False,Wed Nov 08 12:05:00 +0000 2023,"Hi! The updated layout is permanent, but you can collapse or expand the Your Library view using the icon in the top-left of the sidebar to customize your view.",,200852,app_ui_features,False,STANDARD_TROUBLESHOOTING,TRAIN
200854,user_10427,True,Wed Nov 08 12:00:00 +0000 2023,@SpotifyCares Amazon Echo says 'Spotify is unavailable right now' when I ask Alexa to play music.,200855,,device_connectivity,False,STANDARD_TROUBLESHOOTING,TRAIN
200855,SpotifyCares,False,Wed Nov 08 12:05:00 +0000 2023,"Hi! Some Sonos devices only communicate over 2.4GHz. Check if your router separates 2.4GHz and 5GHz bands, and make sure Local Network access is enabled in your Settings > Spotify.",,200854,device_connectivity,False,STANDARD_TROUBLESHOOTING,TRAIN
200856,user_10428,True,Wed Nov 08 12:00:00 +0000 2023,@SpotifyCares I think my account was hacked. There is random foreign music in my Recently Played.,200857,,account_access,True,SECURITY_RISK,TRAIN
200857,SpotifyCares,False,Wed Nov 08 12:05:00 +0000 2023,"Let's secure your account! Log in to your account page on spotify.com, click 'Sign out everywhere', and change your password right away. If you need more help, DM us.",,200856,account_access,True,SECURITY_RISK,TRAIN
200858,user_10429,True,Wed Nov 08 12:00:00 +0000 2023,@SpotifyCares Spotify Connect can't find my Sonos speakers even though we are on the exact same WiFi network.,200859,,device_connectivity,False,STANDARD_TROUBLESHOOTING,TRAIN
200859,SpotifyCares,False,Wed Nov 08 12:05:00 +0000 2023,"Thanks for reaching out. Try unpairing and re-pairing the Bluetooth connection, then toggle 'Car Mode' off in Spotify Settings > Car to test.",,200858,device_connectivity,False,STANDARD_TROUBLESHOOTING,TRAIN
200860,user_10430,True,Wed Nov 08 12:00:00 +0000 2023,@SpotifyCares audio is crackling and stuttering through my headphones on Pixel 8 app.,200861,,playback_audio_bugs,False,STANDARD_TROUBLESHOOTING,TRAIN
200861,SpotifyCares,False,Wed Nov 08 12:05:00 +0000 2023,"Hey! This usually happens due to battery optimization. Go to Pixel 8 Settings > Apps > Spotify > Battery, and set it to 'Unrestricted'. That should prevent it from going to sleep.",,200860,playback_audio_bugs,False,STANDARD_TROUBLESHOOTING,TRAIN
200862,user_10431,True,Wed Nov 08 12:00:00 +0000 2023,@SpotifyCares I canceled Premium two weeks ago and I was still billed today. Fix this immediately.,200863,,subscription_billing,True,FINANCIAL_DISPUTE,TRAIN
200863,SpotifyCares,False,Wed Nov 08 12:05:00 +0000 2023,Hey! All Family Plan members must reside at the exact same physical address. Make sure she types the address exactly character-for-character as shown in the plan manager's account page.,,200862,subscription_billing,True,FINANCIAL_DISPUTE,TRAIN
200864,user_10432,True,Wed Nov 08 12:00:00 +0000 2023,@SpotifyCares audio is crackling and stuttering through my headphones on iPad Pro app.,200865,,playback_audio_bugs,False,STANDARD_TROUBLESHOOTING,TRAIN
200865,SpotifyCares,False,Wed Nov 08 12:05:00 +0000 2023,"Oh no! Could you check if your web player at open.spotify.com behaves the same way? If it only happens in the app, clearing cache in Settings > Storage usually does the trick.",,200864,playback_audio_bugs,False,STANDARD_TROUBLESHOOTING,TRAIN
200866,user_10433,True,Wed Nov 08 12:00:00 +0000 2023,@SpotifyCares Spotify Connect can't find my Sonos speakers even though we are on the exact same WiFi network.,200867,,device_connectivity,False,STANDARD_TROUBLESHOOTING,TRAIN
200867,SpotifyCares,False,Wed Nov 08 12:05:00 +0000 2023,"Hi! Some Sonos devices only communicate over 2.4GHz. Check if your router separates 2.4GHz and 5GHz bands, and make sure Local Network access is enabled in your Settings > Spotify.",,200866,device_connectivity,False,STANDARD_TROUBLESHOOTING,TRAIN
200868,user_10434,True,Wed Nov 08 12:00:00 +0000 2023,@SpotifyCares why did you remove the entire discography of this indie artist today?,200869,,content_availability,False,STANDARD_TROUBLESHOOTING,TRAIN
200869,SpotifyCares,False,Wed Nov 08 12:05:00 +0000 2023,"Hi there! If you are on a Family Plan, make sure the Plan Manager hasn't toggled explicit content off for your sub-account in their Family settings.",,200868,content_availability,False,STANDARD_TROUBLESHOOTING,TRAIN
200870,user_10435,True,Wed Nov 08 12:00:00 +0000 2023,@SpotifyCares Amazon Echo says 'Spotify is unavailable right now' when I ask Alexa to play music.,200871,,device_connectivity,False,STANDARD_TROUBLESHOOTING,TRAIN
200871,SpotifyCares,False,Wed Nov 08 12:05:00 +0000 2023,"Hey! In the Alexa app, go to More > Settings > Music & Podcasts, unlink Spotify, and re-link your account. A quick router reboot also helps refresh the handshake!",,200870,device_connectivity,False,STANDARD_TROUBLESHOOTING,TRAIN
200872,user_10436,True,Wed Nov 08 12:00:00 +0000 2023,@SpotifyCares my songs keep pausing after 10 seconds on my MacBook Pro macOS Sonoma.,200873,,playback_audio_bugs,False,STANDARD_TROUBLESHOOTING,TRAIN
200873,SpotifyCares,False,Wed Nov 08 12:05:00 +0000 2023,"Oh no! Could you check if your web player at open.spotify.com behaves the same way? If it only happens in the app, clearing cache in Settings > Storage usually does the trick.",,200872,playback_audio_bugs,False,STANDARD_TROUBLESHOOTING,TRAIN
200874,user_10437,True,Wed Nov 08 12:00:00 +0000 2023,@SpotifyCares I'm not receiving the password reset email at all. Checked spam and trash.,200875,,account_access,True,SECURITY_RISK,TRAIN
200875,SpotifyCares,False,Wed Nov 08 12:05:00 +0000 2023,"Let's secure your account! Log in to your account page on spotify.com, click 'Sign out everywhere', and change your password right away. If you need more help, DM us.",,200874,account_access,True,SECURITY_RISK,TRAIN
200876,user_10438,True,Wed Nov 08 12:00:00 +0000 2023,@SpotifyCares I canceled Premium two weeks ago and I was still billed today. Fix this immediately.,200877,,subscription_billing,True,FINANCIAL_DISPUTE,TRAIN
200877,SpotifyCares,False,Wed Nov 08 12:05:00 +0000 2023,We understand your concern! Please DM us your account username and receipt date so a billing specialist can review your cancellation timestamp and process your refund.,,200876,subscription_billing,True,FINANCIAL_DISPUTE,TRAIN
200878,user_10439,True,Wed Nov 08 12:00:00 +0000 2023,@SpotifyCares my songs keep pausing after 10 seconds on my iPhone 15 Pro Android 14.,200879,,playback_audio_bugs,False,STANDARD_TROUBLESHOOTING,TRAIN
200879,SpotifyCares,False,Wed Nov 08 12:05:00 +0000 2023,"Oh no! Could you check if your web player at open.spotify.com behaves the same way? If it only happens in the app, clearing cache in Settings > Storage usually does the trick.",,200878,playback_audio_bugs,False,STANDARD_TROUBLESHOOTING,TRAIN
200880,user_10440,True,Wed Nov 08 12:00:00 +0000 2023,@SpotifyCares how do I sort my Liked Songs playlist by artist on Samsung S23? Can't find the filter option.,200881,,app_ui_features,False,STANDARD_TROUBLESHOOTING,TRAIN
200881,SpotifyCares,False,Wed Nov 08 12:05:00 +0000 2023,Thanks for the feedback! Swipe to queue is currently available on iOS and select Android builds as part of ongoing UI testing.,,200880,app_ui_features,False,STANDARD_TROUBLESHOOTING,TRAIN
200882,user_10441,True,Wed Nov 08 12:00:00 +0000 2023,@SpotifyCares Spotify won't show up on my Apple CarPlay screen anymore after updating Samsung S23.,200883,,device_connectivity,False,STANDARD_TROUBLESHOOTING,TRAIN
200883,SpotifyCares,False,Wed Nov 08 12:05:00 +0000 2023,"Hi! Some Sonos devices only communicate over 2.4GHz. Check if your router separates 2.4GHz and 5GHz bands, and make sure Local Network access is enabled in your Settings > Spotify.",,200882,device_connectivity,False,STANDARD_TROUBLESHOOTING,TRAIN
200884,user_10442,True,Wed Nov 08 12:00:00 +0000 2023,@SpotifyCares You charged me $11.99 TWICE this month on my credit card! I want an immediate refund.,200885,,subscription_billing,True,FINANCIAL_DISPUTE,TRAIN
200885,SpotifyCares,False,Wed Nov 08 12:05:00 +0000 2023,We understand your concern! Please DM us your account username and receipt date so a billing specialist can review your cancellation timestamp and process your refund.,,200884,subscription_billing,True,FINANCIAL_DISPUTE,TRAIN
200886,user_10443,True,Wed Nov 08 12:00:00 +0000 2023,"@SpotifyCares who designs your UI? Fire them immediately, this update gave me a headache.",200887,,chitchat_feedback_venting,True,HIGH_CHURN_RISK,TRAIN
200887,SpotifyCares,False,Wed Nov 08 12:05:00 +0000 2023,"We're really sorry to hear you're frustrated. If there's a specific issue or bug you're experiencing, let us know and we'd love to help troubleshoot.",,200886,chitchat_feedback_venting,True,HIGH_CHURN_RISK,TRAIN
200888,user_10444,True,Wed Nov 08 12:00:00 +0000 2023,@SpotifyCares bluetooth in my car disconnects every 3 minutes only when playing Spotify.,200889,,device_connectivity,False,STANDARD_TROUBLESHOOTING,TRAIN
200889,SpotifyCares,False,Wed Nov 08 12:05:00 +0000 2023,"Thanks for reaching out. Try unpairing and re-pairing the Bluetooth connection, then toggle 'Car Mode' off in Spotify Settings > Car to test.",,200888,device_connectivity,False,STANDARD_TROUBLESHOOTING,TRAIN
200890,user_10445,True,Wed Nov 08 12:00:00 +0000 2023,"@SpotifyCares thanks for helping me fix my playlist yesterday, you guys rock! Have a great weekend!",200891,,chitchat_feedback_venting,True,HIGH_CHURN_RISK,TRAIN
200891,SpotifyCares,False,Wed Nov 08 12:05:00 +0000 2023,You're very welcome! We're always here to help. Enjoy the tunes and have a fantastic weekend! 🎶,,200890,chitchat_feedback_venting,True,HIGH_CHURN_RISK,TRAIN
200892,user_10446,True,Wed Nov 08 12:00:00 +0000 2023,@SpotifyCares Spotify won't show up on my Apple CarPlay screen anymore after updating iPhone 14.,200893,,device_connectivity,False,STANDARD_TROUBLESHOOTING,TRAIN
200893,SpotifyCares,False,Wed Nov 08 12:05:00 +0000 2023,"Hey! On your iPhone 14, go to Settings > General > CarPlay, select your vehicle, and check if Spotify is listed under customized apps. Also try restarting your car head unit.",,200892,device_connectivity,False,STANDARD_TROUBLESHOOTING,TRAIN
200894,user_10447,True,Wed Nov 08 12:00:00 +0000 2023,@SpotifyCares how do I sort my Liked Songs playlist by artist on MacBook Pro? Can't find the filter option.,200895,,app_ui_features,False,STANDARD_TROUBLESHOOTING,TRAIN
200895,SpotifyCares,False,Wed Nov 08 12:05:00 +0000 2023,Thanks for the feedback! Swipe to queue is currently available on iOS and select Android builds as part of ongoing UI testing.,,200894,app_ui_features,False,STANDARD_TROUBLESHOOTING,TRAIN
200896,user_10448,True,Wed Nov 08 12:00:00 +0000 2023,@SpotifyCares someone accessed my account from Russia and deleted all my curated playlists!,200897,,account_access,True,SECURITY_RISK,TRAIN
200897,SpotifyCares,False,Wed Nov 08 12:05:00 +0000 2023,"Hi there. Make sure the email you entered matches the one on file. If you originally signed up via Facebook or Apple ID, use those buttons on the login screen instead!",,200896,account_access,True,SECURITY_RISK,TRAIN
200898,user_10449,True,Wed Nov 08 12:00:00 +0000 2023,@SpotifyCares trying to add my family member to our Spotify Family Plan but it says her address doesn't match.,200899,,subscription_billing,True,FINANCIAL_DISPUTE,TRAIN
200899,SpotifyCares,False,Wed Nov 08 12:05:00 +0000 2023,We understand your concern! Please DM us your account username and receipt date so a billing specialist can review your cancellation timestamp and process your refund.,,200898,subscription_billing,True,FINANCIAL_DISPUTE,TRAIN
200900,user_10450,True,Wed Nov 08 12:00:00 +0000 2023,@SpotifyCares why did you remove the entire discography of this indie artist today?,200901,,content_availability,False,STANDARD_TROUBLESHOOTING,TRAIN
200901,SpotifyCares,False,Wed Nov 08 12:05:00 +0000 2023,Hey! It can take a short while for newly published podcast episodes to propagate across all CDN servers. Try clearing your app cache and checking again in 30 minutes.,,200900,content_availability,False,STANDARD_TROUBLESHOOTING,TRAIN
200902,user_10451,True,Wed Nov 08 12:00:00 +0000 2023,@SpotifyCares I canceled Premium two weeks ago and I was still billed today. Fix this immediately.,200903,,subscription_billing,True,FINANCIAL_DISPUTE,TRAIN
200903,SpotifyCares,False,Wed Nov 08 12:05:00 +0000 2023,"We can look into double charges for you right away. Since this involves billing details, please send us a DM with your account email and the last 4 digits of the card charged.",,200902,subscription_billing,True,FINANCIAL_DISPUTE,TRAIN
200904,user_10452,True,Wed Nov 08 12:00:00 +0000 2023,@SpotifyCares where did the lyrics button go on MacBook Pro? It disappeared from the Now Playing screen yesterday!,200905,,app_ui_features,False,STANDARD_TROUBLESHOOTING,TRAIN
200905,SpotifyCares,False,Wed Nov 08 12:05:00 +0000 2023,Thanks for the feedback! Swipe to queue is currently available on iOS and select Android builds as part of ongoing UI testing.,,200904,app_ui_features,False,STANDARD_TROUBLESHOOTING,TRAIN
200906,user_10453,True,Wed Nov 08 12:00:00 +0000 2023,@SpotifyCares your app is literally trash. Worst update in history. Canceling my sub and going to Apple Music!,200907,,chitchat_feedback_venting,True,HIGH_CHURN_RISK,TRAIN
200907,SpotifyCares,False,Wed Nov 08 12:05:00 +0000 2023,Thank you so much! We are thrilled you're loving Wrapped this year! 🎧✨,,200906,chitchat_feedback_venting,True,HIGH_CHURN_RISK,TRAIN
200908,user_10454,True,Wed Nov 08 12:00:00 +0000 2023,@SpotifyCares clean versions of rap songs keep playing even though I turned 'Allow Explicit Content' ON in settings.,200909,,content_availability,False,STANDARD_TROUBLESHOOTING,TRAIN
200909,SpotifyCares,False,Wed Nov 08 12:05:00 +0000 2023,"Hey! When songs appear greyed out, it is typically due to regional licensing agreements or changes by the rights holders. If you have 'Show unplayable songs' turned on in Settings, that highlights tracks currently restricted.",,200908,content_availability,False,STANDARD_TROUBLESHOOTING,TRAIN
200910,user_10455,True,Wed Nov 08 12:00:00 +0000 2023,@SpotifyCares someone accessed my account from Russia and deleted all my curated playlists!,200911,,account_access,True,SECURITY_RISK,TRAIN
200911,SpotifyCares,False,Wed Nov 08 12:05:00 +0000 2023,"Hey! Try clearing cookies and cache on your default mobile browser (Safari/Chrome), as the app uses browser webviews for authentication tokens.",,200910,account_access,True,SECURITY_RISK,TRAIN
200912,user_10456,True,Wed Nov 08 12:00:00 +0000 2023,@SpotifyCares my downloaded songs for offline mode are completely gone after the new update.,200913,,playback_audio_bugs,False,STANDARD_TROUBLESHOOTING,TRAIN
200913,SpotifyCares,False,Wed Nov 08 12:05:00 +0000 2023,"Hey there! Let's try performing a clean reinstall. Head to Settings > Storage > Clear Cache, delete the app, restart your iPhone 15 Pro, and reinstall. Let us know if that fixes it!",,200912,playback_audio_bugs,False,STANDARD_TROUBLESHOOTING,TRAIN
200914,user_10457,True,Wed Nov 08 12:00:00 +0000 2023,@SpotifyCares bluetooth in my car disconnects every 3 minutes only when playing Spotify.,200915,,device_connectivity,False,STANDARD_TROUBLESHOOTING,TRAIN
200915,SpotifyCares,False,Wed Nov 08 12:05:00 +0000 2023,"Hey! In the Alexa app, go to More > Settings > Music & Podcasts, unlink Spotify, and re-link your account. A quick router reboot also helps refresh the handshake!",,200914,device_connectivity,False,STANDARD_TROUBLESHOOTING,TRAIN
200916,user_10458,True,Wed Nov 08 12:00:00 +0000 2023,@SpotifyCares the new update completely ruined the playlist sidebar. Can I revert to the old UI layout?,200917,,app_ui_features,False,STANDARD_TROUBLESHOOTING,TRAIN
200917,SpotifyCares,False,Wed Nov 08 12:05:00 +0000 2023,Thanks for the feedback! Swipe to queue is currently available on iOS and select Android builds as part of ongoing UI testing.,,200916,app_ui_features,False,STANDARD_TROUBLESHOOTING,TRAIN
200918,user_10459,True,Wed Nov 08 12:00:00 +0000 2023,@SpotifyCares Spotify won't show up on my Apple CarPlay screen anymore after updating MacBook Pro.,200919,,device_connectivity,False,STANDARD_TROUBLESHOOTING,TRAIN
200919,SpotifyCares,False,Wed Nov 08 12:05:00 +0000 2023,"Hi! Some Sonos devices only communicate over 2.4GHz. Check if your router separates 2.4GHz and 5GHz bands, and make sure Local Network access is enabled in your Settings > Spotify.",,200918,device_connectivity,False,STANDARD_TROUBLESHOOTING,TRAIN
200920,user_10460,True,Wed Nov 08 12:00:00 +0000 2023,@SpotifyCares why did you remove the entire discography of this indie artist today?,200921,,content_availability,False,STANDARD_TROUBLESHOOTING,TRAIN
200921,SpotifyCares,False,Wed Nov 08 12:05:00 +0000 2023,Hey! It can take a short while for newly published podcast episodes to propagate across all CDN servers. Try clearing your app cache and checking again in 30 minutes.,,200920,content_availability,False,STANDARD_TROUBLESHOOTING,TRAIN
200922,user_10461,True,Wed Nov 08 12:00:00 +0000 2023,@SpotifyCares trying to add my family member to our Spotify Family Plan but it says her address doesn't match.,200923,,subscription_billing,True,FINANCIAL_DISPUTE,TRAIN
200923,SpotifyCares,False,Wed Nov 08 12:05:00 +0000 2023,We understand your concern! Please DM us your account username and receipt date so a billing specialist can review your cancellation timestamp and process your refund.,,200922,subscription_billing,True,FINANCIAL_DISPUTE,TRAIN
200924,user_10462,True,Wed Nov 08 12:00:00 +0000 2023,@SpotifyCares why did you remove the entire discography of this indie artist today?,200925,,content_availability,False,STANDARD_TROUBLESHOOTING,TRAIN
200925,SpotifyCares,False,Wed Nov 08 12:05:00 +0000 2023,Hi! Content availability is managed directly by artists and their record labels or distributors. We hope to make their music available again soon!,,200924,content_availability,False,STANDARD_TROUBLESHOOTING,TRAIN
200926,user_10463,True,Wed Nov 08 12:00:00 +0000 2023,@SpotifyCares I'm not receiving the password reset email at all. Checked spam and trash.,200927,,account_access,True,SECURITY_RISK,TRAIN
200927,SpotifyCares,False,Wed Nov 08 12:05:00 +0000 2023,"Let's secure your account! Log in to your account page on spotify.com, click 'Sign out everywhere', and change your password right away. If you need more help, DM us.",,200926,account_access,True,SECURITY_RISK,TRAIN
200928,user_10464,True,Wed Nov 08 12:00:00 +0000 2023,@SpotifyCares I think my account was hacked. There is random foreign music in my Recently Played.,200929,,account_access,True,SECURITY_RISK,TRAIN
200929,SpotifyCares,False,Wed Nov 08 12:05:00 +0000 2023,"Let's secure your account! Log in to your account page on spotify.com, click 'Sign out everywhere', and change your password right away. If you need more help, DM us.",,200928,account_access,True,SECURITY_RISK,TRAIN
200930,user_10465,True,Wed Nov 08 12:00:00 +0000 2023,@SpotifyCares why can't I swipe to queue songs anymore on Android? That was the best feature.,200931,,app_ui_features,False,STANDARD_TROUBLESHOOTING,TRAIN
200931,SpotifyCares,False,Wed Nov 08 12:05:00 +0000 2023,Hey! Swipe down slightly at the top of your Liked Songs playlist to reveal the search and 'Sort' bar. Tap 'Sort' and pick 'Artist' from the list.,,200930,app_ui_features,False,STANDARD_TROUBLESHOOTING,TRAIN
200932,user_10466,True,Wed Nov 08 12:00:00 +0000 2023,@SpotifyCares why did you remove the entire discography of this indie artist today?,200933,,content_availability,False,STANDARD_TROUBLESHOOTING,TRAIN
200933,SpotifyCares,False,Wed Nov 08 12:05:00 +0000 2023,Hi! Content availability is managed directly by artists and their record labels or distributors. We hope to make their music available again soon!,,200932,content_availability,False,STANDARD_TROUBLESHOOTING,TRAIN
200934,user_10467,True,Wed Nov 08 12:00:00 +0000 2023,@SpotifyCares search bar is completely frozen and doesn't register typing on Pixel 8.,200935,,app_ui_features,False,STANDARD_TROUBLESHOOTING,TRAIN
200935,SpotifyCares,False,Wed Nov 08 12:05:00 +0000 2023,Thanks for the feedback! Swipe to queue is currently available on iOS and select Android builds as part of ongoing UI testing.,,200934,app_ui_features,False,STANDARD_TROUBLESHOOTING,TRAIN
200936,user_10468,True,Wed Nov 08 12:00:00 +0000 2023,"@SpotifyCares thanks for helping me fix my playlist yesterday, you guys rock! Have a great weekend!",200937,,chitchat_feedback_venting,True,HIGH_CHURN_RISK,TRAIN
200937,SpotifyCares,False,Wed Nov 08 12:05:00 +0000 2023,We appreciate the candid feedback and are always sharing user impressions with our design team. Let us know if a specific feature is causing trouble.,,200936,chitchat_feedback_venting,True,HIGH_CHURN_RISK,TRAIN
200938,user_10469,True,Wed Nov 08 12:00:00 +0000 2023,@SpotifyCares where did the lyrics button go on Pixel 8? It disappeared from the Now Playing screen yesterday!,200939,,app_ui_features,False,STANDARD_TROUBLESHOOTING,TRAIN
200939,SpotifyCares,False,Wed Nov 08 12:05:00 +0000 2023,Hey! Swipe down slightly at the top of your Liked Songs playlist to reveal the search and 'Sort' bar. Tap 'Sort' and pick 'Artist' from the list.,,200938,app_ui_features,False,STANDARD_TROUBLESHOOTING,TRAIN
200940,user_10470,True,Wed Nov 08 12:00:00 +0000 2023,@SpotifyCares why can't I swipe to queue songs anymore on Android? That was the best feature.,200941,,app_ui_features,False,STANDARD_TROUBLESHOOTING,TRAIN
200941,SpotifyCares,False,Wed Nov 08 12:05:00 +0000 2023,"Hi! The updated layout is permanent, but you can collapse or expand the Your Library view using the icon in the top-left of the sidebar to customize your view.",,200940,app_ui_features,False,STANDARD_TROUBLESHOOTING,TRAIN
200942,user_10471,True,Wed Nov 08 12:00:00 +0000 2023,@SpotifyCares my student verification failed through SheerID even though I uploaded my enrollment letter.,200943,,subscription_billing,True,FINANCIAL_DISPUTE,TRAIN
200943,SpotifyCares,False,Wed Nov 08 12:05:00 +0000 2023,Hey! All Family Plan members must reside at the exact same physical address. Make sure she types the address exactly character-for-character as shown in the plan manager's account page.,,200942,subscription_billing,True,FINANCIAL_DISPUTE,TRAIN
200944,user_10472,True,Wed Nov 08 12:00:00 +0000 2023,@SpotifyCares search bar is completely frozen and doesn't register typing on iPhone 15 Pro.,200945,,app_ui_features,False,STANDARD_TROUBLESHOOTING,TRAIN
200945,SpotifyCares,False,Wed Nov 08 12:05:00 +0000 2023,"Hi! The updated layout is permanent, but you can collapse or expand the Your Library view using the icon in the top-left of the sidebar to customize your view.",,200944,app_ui_features,False,STANDARD_TROUBLESHOOTING,TRAIN
200946,user_10473,True,Wed Nov 08 12:00:00 +0000 2023,@SpotifyCares search bar is completely frozen and doesn't register typing on Windows 11 PC.,200947,,app_ui_features,False,STANDARD_TROUBLESHOOTING,TRAIN
200947,SpotifyCares,False,Wed Nov 08 12:05:00 +0000 2023,"Hi! The updated layout is permanent, but you can collapse or expand the Your Library view using the icon in the top-left of the sidebar to customize your view.",,200946,app_ui_features,False,STANDARD_TROUBLESHOOTING,TRAIN
200948,user_10474,True,Wed Nov 08 12:00:00 +0000 2023,@SpotifyCares my songs keep pausing after 10 seconds on my Samsung S23 macOS Sonoma.,200949,,playback_audio_bugs,False,STANDARD_TROUBLESHOOTING,TRAIN
200949,SpotifyCares,False,Wed Nov 08 12:05:00 +0000 2023,"Oh no! Could you check if your web player at open.spotify.com behaves the same way? If it only happens in the app, clearing cache in Settings > Storage usually does the trick.",,200948,playback_audio_bugs,False,STANDARD_TROUBLESHOOTING,TRAIN
200950,user_10475,True,Wed Nov 08 12:00:00 +0000 2023,@SpotifyCares app keeps crashing every time I open my downloaded playlist offline on iPhone 14.,200951,,playback_audio_bugs,False,STANDARD_TROUBLESHOOTING,TRAIN
200951,SpotifyCares,False,Wed Nov 08 12:05:00 +0000 2023,"Hey! This usually happens due to battery optimization. Go to iPhone 14 Settings > Apps > Spotify > Battery, and set it to 'Unrestricted'. That should prevent it from going to sleep.",,200950,playback_audio_bugs,False,STANDARD_TROUBLESHOOTING,TRAIN
200952,user_10476,True,Wed Nov 08 12:00:00 +0000 2023,"@SpotifyCares stuck in a login loop. I enter my credentials, it says success, and kicks me back to login on Pixel 8.",200953,,account_access,True,SECURITY_RISK,TRAIN
200953,SpotifyCares,False,Wed Nov 08 12:05:00 +0000 2023,"Hey! Try clearing cookies and cache on your default mobile browser (Safari/Chrome), as the app uses browser webviews for authentication tokens.",,200952,account_access,True,SECURITY_RISK,TRAIN
200954,user_10477,True,Wed Nov 08 12:00:00 +0000 2023,"@SpotifyCares who designs your UI? Fire them immediately, this update gave me a headache.",200955,,chitchat_feedback_venting,True,HIGH_CHURN_RISK,TRAIN
200955,SpotifyCares,False,Wed Nov 08 12:05:00 +0000 2023,We appreciate the candid feedback and are always sharing user impressions with our design team. Let us know if a specific feature is causing trouble.,,200954,chitchat_feedback_venting,True,HIGH_CHURN_RISK,TRAIN
200956,user_10478,True,Wed Nov 08 12:00:00 +0000 2023,@SpotifyCares your app is literally trash. Worst update in history. Canceling my sub and going to Apple Music!,200957,,chitchat_feedback_venting,True,HIGH_CHURN_RISK,TRAIN
200957,SpotifyCares,False,Wed Nov 08 12:05:00 +0000 2023,You're very welcome! We're always here to help. Enjoy the tunes and have a fantastic weekend! 🎶,,200956,chitchat_feedback_venting,True,HIGH_CHURN_RISK,TRAIN
200958,user_10479,True,Wed Nov 08 12:00:00 +0000 2023,"@SpotifyCares stuck in a login loop. I enter my credentials, it says success, and kicks me back to login on iPhone 14.",200959,,account_access,True,SECURITY_RISK,TRAIN
200959,SpotifyCares,False,Wed Nov 08 12:05:00 +0000 2023,"Hi there. Make sure the email you entered matches the one on file. If you originally signed up via Facebook or Apple ID, use those buttons on the login screen instead!",,200958,account_access,True,SECURITY_RISK,TRAIN
200960,user_10480,True,Wed Nov 08 12:00:00 +0000 2023,@SpotifyCares love the new Wrapped statistics! Best feature of the year by far ❤️,200961,,chitchat_feedback_venting,True,HIGH_CHURN_RISK,TRAIN
200961,SpotifyCares,False,Wed Nov 08 12:05:00 +0000 2023,You're very welcome! We're always here to help. Enjoy the tunes and have a fantastic weekend! 🎶,,200960,chitchat_feedback_venting,True,HIGH_CHURN_RISK,TRAIN
200962,user_10481,True,Wed Nov 08 12:00:00 +0000 2023,@SpotifyCares my songs keep pausing after 10 seconds on my MacBook Pro Windows 11.,200963,,playback_audio_bugs,False,STANDARD_TROUBLESHOOTING,TRAIN
200963,SpotifyCares,False,Wed Nov 08 12:05:00 +0000 2023,Thanks for reporting! Try disabling 'Hardware Acceleration' in Spotify Settings > Show Advanced Settings. Then restart the app and see if the audio clears up.,,200962,playback_audio_bugs,False,STANDARD_TROUBLESHOOTING,TRAIN
200964,user_10482,True,Wed Nov 08 12:00:00 +0000 2023,@SpotifyCares audio is crackling and stuttering through my headphones on Pixel 8 app.,200965,,playback_audio_bugs,False,STANDARD_TROUBLESHOOTING,TRAIN
200965,SpotifyCares,False,Wed Nov 08 12:05:00 +0000 2023,Thanks for reporting! Try disabling 'Hardware Acceleration' in Spotify Settings > Show Advanced Settings. Then restart the app and see if the audio clears up.,,200964,playback_audio_bugs,False,STANDARD_TROUBLESHOOTING,TRAIN
200966,user_10483,True,Wed Nov 08 12:00:00 +0000 2023,@SpotifyCares a podcast episode that came out an hour ago won't load or play on iPad Pro.,200967,,content_availability,False,STANDARD_TROUBLESHOOTING,TRAIN
200967,SpotifyCares,False,Wed Nov 08 12:05:00 +0000 2023,"Hi there! If you are on a Family Plan, make sure the Plan Manager hasn't toggled explicit content off for your sub-account in their Family settings.",,200966,content_availability,False,STANDARD_TROUBLESHOOTING,TRAIN
200968,user_10484,True,Wed Nov 08 12:00:00 +0000 2023,@SpotifyCares bluetooth in my car disconnects every 3 minutes only when playing Spotify.,200969,,device_connectivity,False,STANDARD_TROUBLESHOOTING,TRAIN
200969,SpotifyCares,False,Wed Nov 08 12:05:00 +0000 2023,"Hi! Some Sonos devices only communicate over 2.4GHz. Check if your router separates 2.4GHz and 5GHz bands, and make sure Local Network access is enabled in your Settings > Spotify.",,200968,device_connectivity,False,STANDARD_TROUBLESHOOTING,TRAIN
200970,user_10485,True,Wed Nov 08 12:00:00 +0000 2023,@SpotifyCares trying to add my family member to our Spotify Family Plan but it says her address doesn't match.,200971,,subscription_billing,True,FINANCIAL_DISPUTE,TRAIN
200971,SpotifyCares,False,Wed Nov 08 12:05:00 +0000 2023,We understand your concern! Please DM us your account username and receipt date so a billing specialist can review your cancellation timestamp and process your refund.,,200970,subscription_billing,True,FINANCIAL_DISPUTE,TRAIN
200972,user_10486,True,Wed Nov 08 12:00:00 +0000 2023,@SpotifyCares the new update completely ruined the playlist sidebar. Can I revert to the old UI layout?,200973,,app_ui_features,False,STANDARD_TROUBLESHOOTING,TRAIN
200973,SpotifyCares,False,Wed Nov 08 12:05:00 +0000 2023,"Hey! Lyrics are provided via Musixmatch and availability varies by track and territory. If lyrics are missing across all songs, try logging out and logging back in to refresh your app data.",,200972,app_ui_features,False,STANDARD_TROUBLESHOOTING,TRAIN
200974,user_10487,True,Wed Nov 08 12:00:00 +0000 2023,"@SpotifyCares who designs your UI? Fire them immediately, this update gave me a headache.",200975,,chitchat_feedback_venting,True,HIGH_CHURN_RISK,TRAIN
200975,SpotifyCares,False,Wed Nov 08 12:05:00 +0000 2023,You're very welcome! We're always here to help. Enjoy the tunes and have a fantastic weekend! 🎶,,200974,chitchat_feedback_venting,True,HIGH_CHURN_RISK,TRAIN
200976,user_10488,True,Wed Nov 08 12:00:00 +0000 2023,@SpotifyCares love the new Wrapped statistics! Best feature of the year by far ❤️,200977,,chitchat_feedback_venting,True,HIGH_CHURN_RISK,TRAIN
200977,SpotifyCares,False,Wed Nov 08 12:05:00 +0000 2023,Thank you so much! We are thrilled you're loving Wrapped this year! 🎧✨,,200976,chitchat_feedback_venting,True,HIGH_CHURN_RISK,TRAIN
200978,user_10489,True,Wed Nov 08 12:00:00 +0000 2023,@SpotifyCares playback keeps skipping tracks continuously without playing anything on iPhone 15 Pro!,200979,,playback_audio_bugs,False,STANDARD_TROUBLESHOOTING,TRAIN
200979,SpotifyCares,False,Wed Nov 08 12:05:00 +0000 2023,"Hey there! Let's try performing a clean reinstall. Head to Settings > Storage > Clear Cache, delete the app, restart your iPhone 15 Pro, and reinstall. Let us know if that fixes it!",,200978,playback_audio_bugs,False,STANDARD_TROUBLESHOOTING,TRAIN
200980,user_10490,True,Wed Nov 08 12:00:00 +0000 2023,@SpotifyCares bluetooth in my car disconnects every 3 minutes only when playing Spotify.,200981,,device_connectivity,False,STANDARD_TROUBLESHOOTING,TRAIN
200981,SpotifyCares,False,Wed Nov 08 12:05:00 +0000 2023,"Hi! Some Sonos devices only communicate over 2.4GHz. Check if your router separates 2.4GHz and 5GHz bands, and make sure Local Network access is enabled in your Settings > Spotify.",,200980,device_connectivity,False,STANDARD_TROUBLESHOOTING,TRAIN
200982,user_10491,True,Wed Nov 08 12:00:00 +0000 2023,@SpotifyCares Spotify Connect can't find my Sonos speakers even though we are on the exact same WiFi network.,200983,,device_connectivity,False,STANDARD_TROUBLESHOOTING,TRAIN
200983,SpotifyCares,False,Wed Nov 08 12:05:00 +0000 2023,"Hey! In the Alexa app, go to More > Settings > Music & Podcasts, unlink Spotify, and re-link your account. A quick router reboot also helps refresh the handshake!",,200982,device_connectivity,False,STANDARD_TROUBLESHOOTING,TRAIN
200984,user_10492,True,Wed Nov 08 12:00:00 +0000 2023,@SpotifyCares my student verification failed through SheerID even though I uploaded my enrollment letter.,200985,,subscription_billing,True,FINANCIAL_DISPUTE,TRAIN
200985,SpotifyCares,False,Wed Nov 08 12:05:00 +0000 2023,"We can look into double charges for you right away. Since this involves billing details, please send us a DM with your account email and the last 4 digits of the card charged.",,200984,subscription_billing,True,FINANCIAL_DISPUTE,TRAIN
200986,user_10493,True,Wed Nov 08 12:00:00 +0000 2023,@SpotifyCares the new update completely ruined the playlist sidebar. Can I revert to the old UI layout?,200987,,app_ui_features,False,STANDARD_TROUBLESHOOTING,TRAIN
200987,SpotifyCares,False,Wed Nov 08 12:05:00 +0000 2023,"Hey! Lyrics are provided via Musixmatch and availability varies by track and territory. If lyrics are missing across all songs, try logging out and logging back in to refresh your app data.",,200986,app_ui_features,False,STANDARD_TROUBLESHOOTING,TRAIN
200988,user_10494,True,Wed Nov 08 12:00:00 +0000 2023,@SpotifyCares bluetooth in my car disconnects every 3 minutes only when playing Spotify.,200989,,device_connectivity,False,STANDARD_TROUBLESHOOTING,TRAIN
200989,SpotifyCares,False,Wed Nov 08 12:05:00 +0000 2023,"Hi! Some Sonos devices only communicate over 2.4GHz. Check if your router separates 2.4GHz and 5GHz bands, and make sure Local Network access is enabled in your Settings > Spotify.",,200988,device_connectivity,False,STANDARD_TROUBLESHOOTING,TRAIN
200990,user_10495,True,Wed Nov 08 12:00:00 +0000 2023,@SpotifyCares how do I sort my Liked Songs playlist by artist on Windows 11 PC? Can't find the filter option.,200991,,app_ui_features,False,STANDARD_TROUBLESHOOTING,TRAIN
200991,SpotifyCares,False,Wed Nov 08 12:05:00 +0000 2023,"Hey! Lyrics are provided via Musixmatch and availability varies by track and territory. If lyrics are missing across all songs, try logging out and logging back in to refresh your app data.",,200990,app_ui_features,False,STANDARD_TROUBLESHOOTING,TRAIN
200992,user_10496,True,Wed Nov 08 12:00:00 +0000 2023,@SpotifyCares trying to add my family member to our Spotify Family Plan but it says her address doesn't match.,200993,,subscription_billing,True,FINANCIAL_DISPUTE,TRAIN
200993,SpotifyCares,False,Wed Nov 08 12:05:00 +0000 2023,Hey! All Family Plan members must reside at the exact same physical address. Make sure she types the address exactly character-for-character as shown in the plan manager's account page.,,200992,subscription_billing,True,FINANCIAL_DISPUTE,TRAIN
200994,user_10497,True,Wed Nov 08 12:00:00 +0000 2023,"@SpotifyCares stuck in a login loop. I enter my credentials, it says success, and kicks me back to login on Pixel 8.",200995,,account_access,True,SECURITY_RISK,TRAIN
200995,SpotifyCares,False,Wed Nov 08 12:05:00 +0000 2023,"Let's secure your account! Log in to your account page on spotify.com, click 'Sign out everywhere', and change your password right away. If you need more help, DM us.",,200994,account_access,True,SECURITY_RISK,TRAIN
200996,user_10498,True,Wed Nov 08 12:00:00 +0000 2023,@SpotifyCares Spotify Connect can't find my Sonos speakers even though we are on the exact same WiFi network.,200997,,device_connectivity,False,STANDARD_TROUBLESHOOTING,TRAIN
200997,SpotifyCares,False,Wed Nov 08 12:05:00 +0000 2023,"Hi! Some Sonos devices only communicate over 2.4GHz. Check if your router separates 2.4GHz and 5GHz bands, and make sure Local Network access is enabled in your Settings > Spotify.",,200996,device_connectivity,False,STANDARD_TROUBLESHOOTING,TRAIN
200998,user_10499,True,Wed Nov 08 12:00:00 +0000 2023,@SpotifyCares your app is literally trash. Worst update in history. Canceling my sub and going to Apple Music!,200999,,chitchat_feedback_venting,True,HIGH_CHURN_RISK,TRAIN
200999,SpotifyCares,False,Wed Nov 08 12:05:00 +0000 2023,Thank you so much! We are thrilled you're loving Wrapped this year! 🎧✨,,200998,chitchat_feedback_venting,True,HIGH_CHURN_RISK,TRAIN
201000,user_10500,True,Wed Nov 08 12:00:00 +0000 2023,@SpotifyCares my downloaded songs for offline mode are completely gone after the new update.,201001,,playback_audio_bugs,False,STANDARD_TROUBLESHOOTING,TRAIN
201001,SpotifyCares,False,Wed Nov 08 12:05:00 +0000 2023,"Hey there! Let's try performing a clean reinstall. Head to Settings > Storage > Clear Cache, delete the app, restart your iPhone 14, and reinstall. Let us know if that fixes it!",,201000,playback_audio_bugs,False,STANDARD_TROUBLESHOOTING,TRAIN
201002,user_10501,True,Wed Nov 08 12:00:00 +0000 2023,@SpotifyCares clean versions of rap songs keep playing even though I turned 'Allow Explicit Content' ON in settings.,201003,,content_availability,False,STANDARD_TROUBLESHOOTING,TRAIN
201003,SpotifyCares,False,Wed Nov 08 12:05:00 +0000 2023,"Hi there! If you are on a Family Plan, make sure the Plan Manager hasn't toggled explicit content off for your sub-account in their Family settings.",,201002,content_availability,False,STANDARD_TROUBLESHOOTING,TRAIN
201004,user_10502,True,Wed Nov 08 12:00:00 +0000 2023,@SpotifyCares love the new Wrapped statistics! Best feature of the year by far ❤️,201005,,chitchat_feedback_venting,True,HIGH_CHURN_RISK,TRAIN
201005,SpotifyCares,False,Wed Nov 08 12:05:00 +0000 2023,"We're really sorry to hear you're frustrated. If there's a specific issue or bug you're experiencing, let us know and we'd love to help troubleshoot.",,201004,chitchat_feedback_venting,True,HIGH_CHURN_RISK,TRAIN
201006,user_10503,True,Wed Nov 08 12:00:00 +0000 2023,@SpotifyCares search bar is completely frozen and doesn't register typing on iPhone 14.,201007,,app_ui_features,False,STANDARD_TROUBLESHOOTING,TRAIN
201007,SpotifyCares,False,Wed Nov 08 12:05:00 +0000 2023,Thanks for the feedback! Swipe to queue is currently available on iOS and select Android builds as part of ongoing UI testing.,,201006,app_ui_features,False,STANDARD_TROUBLESHOOTING,TRAIN
201008,user_10504,True,Wed Nov 08 12:00:00 +0000 2023,@SpotifyCares Spotify won't show up on my Apple CarPlay screen anymore after updating iPhone 15 Pro.,201009,,device_connectivity,False,STANDARD_TROUBLESHOOTING,TRAIN
201009,SpotifyCares,False,Wed Nov 08 12:05:00 +0000 2023,"Hey! In the Alexa app, go to More > Settings > Music & Podcasts, unlink Spotify, and re-link your account. A quick router reboot also helps refresh the handshake!",,201008,device_connectivity,False,STANDARD_TROUBLESHOOTING,TRAIN
201010,user_10505,True,Wed Nov 08 12:00:00 +0000 2023,@SpotifyCares Amazon Echo says 'Spotify is unavailable right now' when I ask Alexa to play music.,201011,,device_connectivity,False,STANDARD_TROUBLESHOOTING,TRAIN
201011,SpotifyCares,False,Wed Nov 08 12:05:00 +0000 2023,"Hey! On your MacBook Pro, go to Settings > General > CarPlay, select your vehicle, and check if Spotify is listed under customized apps. Also try restarting your car head unit.",,201010,device_connectivity,False,STANDARD_TROUBLESHOOTING,TRAIN
201012,user_10506,True,Wed Nov 08 12:00:00 +0000 2023,@SpotifyCares how do I sort my Liked Songs playlist by artist on Pixel 8? Can't find the filter option.,201013,,app_ui_features,False,STANDARD_TROUBLESHOOTING,TRAIN
201013,SpotifyCares,False,Wed Nov 08 12:05:00 +0000 2023,"Hey! Lyrics are provided via Musixmatch and availability varies by track and territory. If lyrics are missing across all songs, try logging out and logging back in to refresh your app data.",,201012,app_ui_features,False,STANDARD_TROUBLESHOOTING,TRAIN
201014,user_10507,True,Wed Nov 08 12:00:00 +0000 2023,@SpotifyCares your app is literally trash. Worst update in history. Canceling my sub and going to Apple Music!,201015,,chitchat_feedback_venting,True,HIGH_CHURN_RISK,TRAIN
201015,SpotifyCares,False,Wed Nov 08 12:05:00 +0000 2023,You're very welcome! We're always here to help. Enjoy the tunes and have a fantastic weekend! 🎶,,201014,chitchat_feedback_venting,True,HIGH_CHURN_RISK,TRAIN
201016,user_10508,True,Wed Nov 08 12:00:00 +0000 2023,@SpotifyCares playback keeps skipping tracks continuously without playing anything on Windows 11 PC!,201017,,playback_audio_bugs,False,STANDARD_TROUBLESHOOTING,TRAIN
201017,SpotifyCares,False,Wed Nov 08 12:05:00 +0000 2023,Thanks for reporting! Try disabling 'Hardware Acceleration' in Spotify Settings > Show Advanced Settings. Then restart the app and see if the audio clears up.,,201016,playback_audio_bugs,False,STANDARD_TROUBLESHOOTING,TRAIN
201018,user_10509,True,Wed Nov 08 12:00:00 +0000 2023,@SpotifyCares why are half the songs on this album greyed out and unplayable for me?,201019,,content_availability,False,STANDARD_TROUBLESHOOTING,TRAIN
201019,SpotifyCares,False,Wed Nov 08 12:05:00 +0000 2023,"Hey! When songs appear greyed out, it is typically due to regional licensing agreements or changes by the rights holders. If you have 'Show unplayable songs' turned on in Settings, that highlights tracks currently restricted.",,201018,content_availability,False,STANDARD_TROUBLESHOOTING,TRAIN
201020,user_10510,True,Wed Nov 08 12:00:00 +0000 2023,@SpotifyCares I canceled Premium two weeks ago and I was still billed today. Fix this immediately.,201021,,subscription_billing,True,FINANCIAL_DISPUTE,TRAIN
201021,SpotifyCares,False,Wed Nov 08 12:05:00 +0000 2023,Hey! All Family Plan members must reside at the exact same physical address. Make sure she types the address exactly character-for-character as shown in the plan manager's account page.,,201020,subscription_billing,True,FINANCIAL_DISPUTE,TRAIN
201022,user_10511,True,Wed Nov 08 12:00:00 +0000 2023,@SpotifyCares love the new Wrapped statistics! Best feature of the year by far ❤️,201023,,chitchat_feedback_venting,True,HIGH_CHURN_RISK,TRAIN
201023,SpotifyCares,False,Wed Nov 08 12:05:00 +0000 2023,We appreciate the candid feedback and are always sharing user impressions with our design team. Let us know if a specific feature is causing trouble.,,201022,chitchat_feedback_venting,True,HIGH_CHURN_RISK,TRAIN
201024,user_10512,True,Wed Nov 08 12:00:00 +0000 2023,@SpotifyCares love the new Wrapped statistics! Best feature of the year by far ❤️,201025,,chitchat_feedback_venting,True,HIGH_CHURN_RISK,TRAIN
201025,SpotifyCares,False,Wed Nov 08 12:05:00 +0000 2023,Thank you so much! We are thrilled you're loving Wrapped this year! 🎧✨,,201024,chitchat_feedback_venting,True,HIGH_CHURN_RISK,TRAIN
201026,user_10513,True,Wed Nov 08 12:00:00 +0000 2023,@SpotifyCares I think my account was hacked. There is random foreign music in my Recently Played.,201027,,account_access,True,SECURITY_RISK,TRAIN
201027,SpotifyCares,False,Wed Nov 08 12:05:00 +0000 2023,We take account security very seriously! Please send us a DM immediately with your original email and receipt of purchase so our security team can lock and restore your account.,,201026,account_access,True,SECURITY_RISK,TRAIN
201028,user_10514,True,Wed Nov 08 12:00:00 +0000 2023,@SpotifyCares Spotify Connect can't find my Sonos speakers even though we are on the exact same WiFi network.,201029,,device_connectivity,False,STANDARD_TROUBLESHOOTING,TRAIN
201029,SpotifyCares,False,Wed Nov 08 12:05:00 +0000 2023,"Hi! Some Sonos devices only communicate over 2.4GHz. Check if your router separates 2.4GHz and 5GHz bands, and make sure Local Network access is enabled in your Settings > Spotify.",,201028,device_connectivity,False,STANDARD_TROUBLESHOOTING,TRAIN
201030,user_10515,True,Wed Nov 08 12:00:00 +0000 2023,@SpotifyCares your app is literally trash. Worst update in history. Canceling my sub and going to Apple Music!,201031,,chitchat_feedback_venting,True,HIGH_CHURN_RISK,TRAIN
201031,SpotifyCares,False,Wed Nov 08 12:05:00 +0000 2023,We appreciate the candid feedback and are always sharing user impressions with our design team. Let us know if a specific feature is causing trouble.,,201030,chitchat_feedback_venting,True,HIGH_CHURN_RISK,TRAIN
201032,user_10516,True,Wed Nov 08 12:00:00 +0000 2023,@SpotifyCares Amazon Echo says 'Spotify is unavailable right now' when I ask Alexa to play music.,201033,,device_connectivity,False,STANDARD_TROUBLESHOOTING,TRAIN
201033,SpotifyCares,False,Wed Nov 08 12:05:00 +0000 2023,"Hi! Some Sonos devices only communicate over 2.4GHz. Check if your router separates 2.4GHz and 5GHz bands, and make sure Local Network access is enabled in your Settings > Spotify.",,201032,device_connectivity,False,STANDARD_TROUBLESHOOTING,TRAIN
201034,user_10517,True,Wed Nov 08 12:00:00 +0000 2023,@SpotifyCares trying to add my family member to our Spotify Family Plan but it says her address doesn't match.,201035,,subscription_billing,True,FINANCIAL_DISPUTE,TRAIN
201035,SpotifyCares,False,Wed Nov 08 12:05:00 +0000 2023,"Hi! SheerID requires the document to clearly display your full name, university name, and an issue date within the current academic term. Check out support.spotify.com/article/student-discount/ for details.",,201034,subscription_billing,True,FINANCIAL_DISPUTE,TRAIN
201036,user_10518,True,Wed Nov 08 12:00:00 +0000 2023,@SpotifyCares app keeps crashing every time I open my downloaded playlist offline on MacBook Pro.,201037,,playback_audio_bugs,False,STANDARD_TROUBLESHOOTING,TRAIN
201037,SpotifyCares,False,Wed Nov 08 12:05:00 +0000 2023,"Oh no! Could you check if your web player at open.spotify.com behaves the same way? If it only happens in the app, clearing cache in Settings > Storage usually does the trick.",,201036,playback_audio_bugs,False,STANDARD_TROUBLESHOOTING,TRAIN
201038,user_10519,True,Wed Nov 08 12:00:00 +0000 2023,@SpotifyCares I'm not receiving the password reset email at all. Checked spam and trash.,201039,,account_access,True,SECURITY_RISK,TRAIN
201039,SpotifyCares,False,Wed Nov 08 12:05:00 +0000 2023,We take account security very seriously! Please send us a DM immediately with your original email and receipt of purchase so our security team can lock and restore your account.,,201038,account_access,True,SECURITY_RISK,TRAIN
201040,user_10520,True,Wed Nov 08 12:00:00 +0000 2023,@SpotifyCares playback keeps skipping tracks continuously without playing anything on Windows 11 PC!,201041,,playback_audio_bugs,False,STANDARD_TROUBLESHOOTING,TRAIN
201041,SpotifyCares,False,Wed Nov 08 12:05:00 +0000 2023,"Hi! Downloads can be removed if you switch offline mode off for over 30 days or reinstall the app. Try toggling Offline Mode off and on in Settings > Playback, then re-download over WiFi.",,201040,playback_audio_bugs,False,STANDARD_TROUBLESHOOTING,TRAIN
201042,user_10521,True,Wed Nov 08 12:00:00 +0000 2023,@SpotifyCares HELP! Someone changed the email on my account and I'm locked out.,201043,,account_access,True,SECURITY_RISK,TRAIN
201043,SpotifyCares,False,Wed Nov 08 12:05:00 +0000 2023,"Hey! Try clearing cookies and cache on your default mobile browser (Safari/Chrome), as the app uses browser webviews for authentication tokens.",,201042,account_access,True,SECURITY_RISK,TRAIN
201044,user_10522,True,Wed Nov 08 12:00:00 +0000 2023,@SpotifyCares clean versions of rap songs keep playing even though I turned 'Allow Explicit Content' ON in settings.,201045,,content_availability,False,STANDARD_TROUBLESHOOTING,TRAIN
201045,SpotifyCares,False,Wed Nov 08 12:05:00 +0000 2023,"Hey! When songs appear greyed out, it is typically due to regional licensing agreements or changes by the rights holders. If you have 'Show unplayable songs' turned on in Settings, that highlights tracks currently restricted.",,201044,content_availability,False,STANDARD_TROUBLESHOOTING,TRAIN
201046,user_10523,True,Wed Nov 08 12:00:00 +0000 2023,@SpotifyCares trying to add my family member to our Spotify Family Plan but it says her address doesn't match.,201047,,subscription_billing,True,FINANCIAL_DISPUTE,TRAIN
201047,SpotifyCares,False,Wed Nov 08 12:05:00 +0000 2023,"Hi! SheerID requires the document to clearly display your full name, university name, and an issue date within the current academic term. Check out support.spotify.com/article/student-discount/ for details.",,201046,subscription_billing,True,FINANCIAL_DISPUTE,TRAIN
201048,user_10524,True,Wed Nov 08 12:00:00 +0000 2023,"@SpotifyCares who designs your UI? Fire them immediately, this update gave me a headache.",201049,,chitchat_feedback_venting,True,HIGH_CHURN_RISK,TRAIN
201049,SpotifyCares,False,Wed Nov 08 12:05:00 +0000 2023,You're very welcome! We're always here to help. Enjoy the tunes and have a fantastic weekend! 🎶,,201048,chitchat_feedback_venting,True,HIGH_CHURN_RISK,TRAIN
201050,user_10525,True,Wed Nov 08 12:00:00 +0000 2023,@SpotifyCares search bar is completely frozen and doesn't register typing on Pixel 8.,201051,,app_ui_features,False,STANDARD_TROUBLESHOOTING,TRAIN
201051,SpotifyCares,False,Wed Nov 08 12:05:00 +0000 2023,"Hi! The updated layout is permanent, but you can collapse or expand the Your Library view using the icon in the top-left of the sidebar to customize your view.",,201050,app_ui_features,False,STANDARD_TROUBLESHOOTING,TRAIN
201052,user_10526,True,Wed Nov 08 12:00:00 +0000 2023,@SpotifyCares You charged me $11.99 TWICE this month on my credit card! I want an immediate refund.,201053,,subscription_billing,True,FINANCIAL_DISPUTE,TRAIN
201053,SpotifyCares,False,Wed Nov 08 12:05:00 +0000 2023,Hey! All Family Plan members must reside at the exact same physical address. Make sure she types the address exactly character-for-character as shown in the plan manager's account page.,,201052,subscription_billing,True,FINANCIAL_DISPUTE,TRAIN
201054,user_10527,True,Wed Nov 08 12:00:00 +0000 2023,@SpotifyCares a podcast episode that came out an hour ago won't load or play on Samsung S23.,201055,,content_availability,False,STANDARD_TROUBLESHOOTING,TRAIN
201055,SpotifyCares,False,Wed Nov 08 12:05:00 +0000 2023,"Hey! When songs appear greyed out, it is typically due to regional licensing agreements or changes by the rights holders. If you have 'Show unplayable songs' turned on in Settings, that highlights tracks currently restricted.",,201054,content_availability,False,STANDARD_TROUBLESHOOTING,TRAIN
201056,user_10528,True,Wed Nov 08 12:00:00 +0000 2023,"@SpotifyCares who designs your UI? Fire them immediately, this update gave me a headache.",201057,,chitchat_feedback_venting,True,HIGH_CHURN_RISK,TRAIN
201057,SpotifyCares,False,Wed Nov 08 12:05:00 +0000 2023,Thank you so much! We are thrilled you're loving Wrapped this year! 🎧✨,,201056,chitchat_feedback_venting,True,HIGH_CHURN_RISK,TRAIN
201058,user_10529,True,Wed Nov 08 12:00:00 +0000 2023,@SpotifyCares I canceled Premium two weeks ago and I was still billed today. Fix this immediately.,201059,,subscription_billing,True,FINANCIAL_DISPUTE,TRAIN
201059,SpotifyCares,False,Wed Nov 08 12:05:00 +0000 2023,Hey! All Family Plan members must reside at the exact same physical address. Make sure she types the address exactly character-for-character as shown in the plan manager's account page.,,201058,subscription_billing,True,FINANCIAL_DISPUTE,TRAIN
201060,user_10530,True,Wed Nov 08 12:00:00 +0000 2023,@SpotifyCares Spotify Connect can't find my Sonos speakers even though we are on the exact same WiFi network.,201061,,device_connectivity,False,STANDARD_TROUBLESHOOTING,TRAIN
201061,SpotifyCares,False,Wed Nov 08 12:05:00 +0000 2023,"Hi! Some Sonos devices only communicate over 2.4GHz. Check if your router separates 2.4GHz and 5GHz bands, and make sure Local Network access is enabled in your Settings > Spotify.",,201060,device_connectivity,False,STANDARD_TROUBLESHOOTING,TRAIN
201062,user_10531,True,Wed Nov 08 12:00:00 +0000 2023,@SpotifyCares love the new Wrapped statistics! Best feature of the year by far ❤️,201063,,chitchat_feedback_venting,True,HIGH_CHURN_RISK,TRAIN
201063,SpotifyCares,False,Wed Nov 08 12:05:00 +0000 2023,"We're really sorry to hear you're frustrated. If there's a specific issue or bug you're experiencing, let us know and we'd love to help troubleshoot.",,201062,chitchat_feedback_venting,True,HIGH_CHURN_RISK,TRAIN
201064,user_10532,True,Wed Nov 08 12:00:00 +0000 2023,@SpotifyCares Spotify Connect can't find my Sonos speakers even though we are on the exact same WiFi network.,201065,,device_connectivity,False,STANDARD_TROUBLESHOOTING,TRAIN
201065,SpotifyCares,False,Wed Nov 08 12:05:00 +0000 2023,"Hey! In the Alexa app, go to More > Settings > Music & Podcasts, unlink Spotify, and re-link your account. A quick router reboot also helps refresh the handshake!",,201064,device_connectivity,False,STANDARD_TROUBLESHOOTING,TRAIN
201066,user_10533,True,Wed Nov 08 12:00:00 +0000 2023,@SpotifyCares I think my account was hacked. There is random foreign music in my Recently Played.,201067,,account_access,True,SECURITY_RISK,TRAIN
201067,SpotifyCares,False,Wed Nov 08 12:05:00 +0000 2023,We take account security very seriously! Please send us a DM immediately with your original email and receipt of purchase so our security team can lock and restore your account.,,201066,account_access,True,SECURITY_RISK,TRAIN
201068,user_10534,True,Wed Nov 08 12:00:00 +0000 2023,@SpotifyCares my downloaded songs for offline mode are completely gone after the new update.,201069,,playback_audio_bugs,False,STANDARD_TROUBLESHOOTING,TRAIN
201069,SpotifyCares,False,Wed Nov 08 12:05:00 +0000 2023,"Hey! This usually happens due to battery optimization. Go to iPhone 14 Settings > Apps > Spotify > Battery, and set it to 'Unrestricted'. That should prevent it from going to sleep.",,201068,playback_audio_bugs,False,STANDARD_TROUBLESHOOTING,TRAIN
201070,user_10535,True,Wed Nov 08 12:00:00 +0000 2023,@SpotifyCares Spotify won't show up on my Apple CarPlay screen anymore after updating iPhone 15 Pro.,201071,,device_connectivity,False,STANDARD_TROUBLESHOOTING,TRAIN
201071,SpotifyCares,False,Wed Nov 08 12:05:00 +0000 2023,"Hey! On your iPhone 15 Pro, go to Settings > General > CarPlay, select your vehicle, and check if Spotify is listed under customized apps. Also try restarting your car head unit.",,201070,device_connectivity,False,STANDARD_TROUBLESHOOTING,TRAIN
201072,user_10536,True,Wed Nov 08 12:00:00 +0000 2023,@SpotifyCares search bar is completely frozen and doesn't register typing on Pixel 8.,201073,,app_ui_features,False,STANDARD_TROUBLESHOOTING,TRAIN
201073,SpotifyCares,False,Wed Nov 08 12:05:00 +0000 2023,"Hi! The updated layout is permanent, but you can collapse or expand the Your Library view using the icon in the top-left of the sidebar to customize your view.",,201072,app_ui_features,False,STANDARD_TROUBLESHOOTING,TRAIN
201074,user_10537,True,Wed Nov 08 12:00:00 +0000 2023,"@SpotifyCares who designs your UI? Fire them immediately, this update gave me a headache.",201075,,chitchat_feedback_venting,True,HIGH_CHURN_RISK,TRAIN
201075,SpotifyCares,False,Wed Nov 08 12:05:00 +0000 2023,We appreciate the candid feedback and are always sharing user impressions with our design team. Let us know if a specific feature is causing trouble.,,201074,chitchat_feedback_venting,True,HIGH_CHURN_RISK,TRAIN
201076,user_10538,True,Wed Nov 08 12:00:00 +0000 2023,@SpotifyCares HELP! Someone changed the email on my account and I'm locked out.,201077,,account_access,True,SECURITY_RISK,TRAIN
201077,SpotifyCares,False,Wed Nov 08 12:05:00 +0000 2023,"Hey! Try clearing cookies and cache on your default mobile browser (Safari/Chrome), as the app uses browser webviews for authentication tokens.",,201076,account_access,True,SECURITY_RISK,TRAIN
201078,user_10539,True,Wed Nov 08 12:00:00 +0000 2023,@SpotifyCares the new update completely ruined the playlist sidebar. Can I revert to the old UI layout?,201079,,app_ui_features,False,STANDARD_TROUBLESHOOTING,TRAIN
201079,SpotifyCares,False,Wed Nov 08 12:05:00 +0000 2023,Thanks for the feedback! Swipe to queue is currently available on iOS and select Android builds as part of ongoing UI testing.,,201078,app_ui_features,False,STANDARD_TROUBLESHOOTING,TRAIN
201080,user_10540,True,Wed Nov 08 12:00:00 +0000 2023,@SpotifyCares my student verification failed through SheerID even though I uploaded my enrollment letter.,201081,,subscription_billing,True,FINANCIAL_DISPUTE,TRAIN
201081,SpotifyCares,False,Wed Nov 08 12:05:00 +0000 2023,We understand your concern! Please DM us your account username and receipt date so a billing specialist can review your cancellation timestamp and process your refund.,,201080,subscription_billing,True,FINANCIAL_DISPUTE,TRAIN
201082,user_10541,True,Wed Nov 08 12:00:00 +0000 2023,@SpotifyCares how do I sort my Liked Songs playlist by artist on Samsung S23? Can't find the filter option.,201083,,app_ui_features,False,STANDARD_TROUBLESHOOTING,TRAIN
201083,SpotifyCares,False,Wed Nov 08 12:05:00 +0000 2023,Hey! Swipe down slightly at the top of your Liked Songs playlist to reveal the search and 'Sort' bar. Tap 'Sort' and pick 'Artist' from the list.,,201082,app_ui_features,False,STANDARD_TROUBLESHOOTING,TRAIN
201084,user_10542,True,Wed Nov 08 12:00:00 +0000 2023,@SpotifyCares a podcast episode that came out an hour ago won't load or play on iPhone 14.,201085,,content_availability,False,STANDARD_TROUBLESHOOTING,TRAIN
201085,SpotifyCares,False,Wed Nov 08 12:05:00 +0000 2023,Hey! It can take a short while for newly published podcast episodes to propagate across all CDN servers. Try clearing your app cache and checking again in 30 minutes.,,201084,content_availability,False,STANDARD_TROUBLESHOOTING,TRAIN
201086,user_10543,True,Wed Nov 08 12:00:00 +0000 2023,"@SpotifyCares who designs your UI? Fire them immediately, this update gave me a headache.",201087,,chitchat_feedback_venting,True,HIGH_CHURN_RISK,TRAIN
201087,SpotifyCares,False,Wed Nov 08 12:05:00 +0000 2023,You're very welcome! We're always here to help. Enjoy the tunes and have a fantastic weekend! 🎶,,201086,chitchat_feedback_venting,True,HIGH_CHURN_RISK,TRAIN
201088,user_10544,True,Wed Nov 08 12:00:00 +0000 2023,@SpotifyCares Spotify won't show up on my Apple CarPlay screen anymore after updating Windows 11 PC.,201089,,device_connectivity,False,STANDARD_TROUBLESHOOTING,TRAIN
201089,SpotifyCares,False,Wed Nov 08 12:05:00 +0000 2023,"Hi! Some Sonos devices only communicate over 2.4GHz. Check if your router separates 2.4GHz and 5GHz bands, and make sure Local Network access is enabled in your Settings > Spotify.",,201088,device_connectivity,False,STANDARD_TROUBLESHOOTING,TRAIN
201090,user_10545,True,Wed Nov 08 12:00:00 +0000 2023,@SpotifyCares audio is crackling and stuttering through my headphones on MacBook Pro app.,201091,,playback_audio_bugs,False,STANDARD_TROUBLESHOOTING,TRAIN
201091,SpotifyCares,False,Wed Nov 08 12:05:00 +0000 2023,"Hi! Downloads can be removed if you switch offline mode off for over 30 days or reinstall the app. Try toggling Offline Mode off and on in Settings > Playback, then re-download over WiFi.",,201090,playback_audio_bugs,False,STANDARD_TROUBLESHOOTING,TRAIN
201092,user_10546,True,Wed Nov 08 12:00:00 +0000 2023,@SpotifyCares why can't I swipe to queue songs anymore on Android? That was the best feature.,201093,,app_ui_features,False,STANDARD_TROUBLESHOOTING,TRAIN
201093,SpotifyCares,False,Wed Nov 08 12:05:00 +0000 2023,Hey! Swipe down slightly at the top of your Liked Songs playlist to reveal the search and 'Sort' bar. Tap 'Sort' and pick 'Artist' from the list.,,201092,app_ui_features,False,STANDARD_TROUBLESHOOTING,TRAIN
201094,user_10547,True,Wed Nov 08 12:00:00 +0000 2023,@SpotifyCares trying to add my family member to our Spotify Family Plan but it says her address doesn't match.,201095,,subscription_billing,True,FINANCIAL_DISPUTE,TRAIN
201095,SpotifyCares,False,Wed Nov 08 12:05:00 +0000 2023,We understand your concern! Please DM us your account username and receipt date so a billing specialist can review your cancellation timestamp and process your refund.,,201094,subscription_billing,True,FINANCIAL_DISPUTE,TRAIN
201096,user_10548,True,Wed Nov 08 12:00:00 +0000 2023,@SpotifyCares bluetooth in my car disconnects every 3 minutes only when playing Spotify.,201097,,device_connectivity,False,STANDARD_TROUBLESHOOTING,TRAIN
201097,SpotifyCares,False,Wed Nov 08 12:05:00 +0000 2023,"Thanks for reaching out. Try unpairing and re-pairing the Bluetooth connection, then toggle 'Car Mode' off in Spotify Settings > Car to test.",,201096,device_connectivity,False,STANDARD_TROUBLESHOOTING,TRAIN
201098,user_10549,True,Wed Nov 08 12:00:00 +0000 2023,@SpotifyCares why can't I swipe to queue songs anymore on Android? That was the best feature.,201099,,app_ui_features,False,STANDARD_TROUBLESHOOTING,TRAIN
201099,SpotifyCares,False,Wed Nov 08 12:05:00 +0000 2023,Thanks for the feedback! Swipe to queue is currently available on iOS and select Android builds as part of ongoing UI testing.,,201098,app_ui_features,False,STANDARD_TROUBLESHOOTING,TRAIN
201100,user_10550,True,Wed Nov 08 12:00:00 +0000 2023,@SpotifyCares I'm not receiving the password reset email at all. Checked spam and trash.,201101,,account_access,True,SECURITY_RISK,TRAIN
201101,SpotifyCares,False,Wed Nov 08 12:05:00 +0000 2023,"Hey! Try clearing cookies and cache on your default mobile browser (Safari/Chrome), as the app uses browser webviews for authentication tokens.",,201100,account_access,True,SECURITY_RISK,TRAIN
201102,user_10551,True,Wed Nov 08 12:00:00 +0000 2023,@SpotifyCares where did the lyrics button go on iPhone 14? It disappeared from the Now Playing screen yesterday!,201103,,app_ui_features,False,STANDARD_TROUBLESHOOTING,TRAIN
201103,SpotifyCares,False,Wed Nov 08 12:05:00 +0000 2023,"Oh no! Try restarting your iPhone 14 and clearing cache in Settings > Storage > Clear Cache. If that doesn't fix the search bar, a clean reinstall will refresh the index.",,201102,app_ui_features,False,STANDARD_TROUBLESHOOTING,TRAIN
201104,user_10552,True,Wed Nov 08 12:00:00 +0000 2023,@SpotifyCares your app is literally trash. Worst update in history. Canceling my sub and going to Apple Music!,201105,,chitchat_feedback_venting,True,HIGH_CHURN_RISK,TRAIN
201105,SpotifyCares,False,Wed Nov 08 12:05:00 +0000 2023,"We're really sorry to hear you're frustrated. If there's a specific issue or bug you're experiencing, let us know and we'd love to help troubleshoot.",,201104,chitchat_feedback_venting,True,HIGH_CHURN_RISK,TRAIN
201106,user_10553,True,Wed Nov 08 12:00:00 +0000 2023,"@SpotifyCares thanks for helping me fix my playlist yesterday, you guys rock! Have a great weekend!",201107,,chitchat_feedback_venting,True,HIGH_CHURN_RISK,TRAIN
201107,SpotifyCares,False,Wed Nov 08 12:05:00 +0000 2023,"We're really sorry to hear you're frustrated. If there's a specific issue or bug you're experiencing, let us know and we'd love to help troubleshoot.",,201106,chitchat_feedback_venting,True,HIGH_CHURN_RISK,TRAIN
201108,user_10554,True,Wed Nov 08 12:00:00 +0000 2023,@SpotifyCares music stops playing every time my screen locks on Pixel 8.,201109,,playback_audio_bugs,False,STANDARD_TROUBLESHOOTING,TRAIN
201109,SpotifyCares,False,Wed Nov 08 12:05:00 +0000 2023,"Hi! Downloads can be removed if you switch offline mode off for over 30 days or reinstall the app. Try toggling Offline Mode off and on in Settings > Playback, then re-download over WiFi.",,201108,playback_audio_bugs,False,STANDARD_TROUBLESHOOTING,TRAIN
201110,user_10555,True,Wed Nov 08 12:00:00 +0000 2023,@SpotifyCares my downloaded songs for offline mode are completely gone after the new update.,201111,,playback_audio_bugs,False,STANDARD_TROUBLESHOOTING,TRAIN
201111,SpotifyCares,False,Wed Nov 08 12:05:00 +0000 2023,"Hi! Downloads can be removed if you switch offline mode off for over 30 days or reinstall the app. Try toggling Offline Mode off and on in Settings > Playback, then re-download over WiFi.",,201110,playback_audio_bugs,False,STANDARD_TROUBLESHOOTING,TRAIN
201112,user_10556,True,Wed Nov 08 12:00:00 +0000 2023,@SpotifyCares my songs keep pausing after 10 seconds on my MacBook Pro macOS Sonoma.,201113,,playback_audio_bugs,False,STANDARD_TROUBLESHOOTING,TRAIN
201113,SpotifyCares,False,Wed Nov 08 12:05:00 +0000 2023,"Hi! Downloads can be removed if you switch offline mode off for over 30 days or reinstall the app. Try toggling Offline Mode off and on in Settings > Playback, then re-download over WiFi.",,201112,playback_audio_bugs,False,STANDARD_TROUBLESHOOTING,TRAIN
201114,user_10557,True,Wed Nov 08 12:00:00 +0000 2023,@SpotifyCares my songs keep pausing after 10 seconds on my Windows 11 PC Android 14.,201115,,playback_audio_bugs,False,STANDARD_TROUBLESHOOTING,TRAIN
201115,SpotifyCares,False,Wed Nov 08 12:05:00 +0000 2023,"Hi! Downloads can be removed if you switch offline mode off for over 30 days or reinstall the app. Try toggling Offline Mode off and on in Settings > Playback, then re-download over WiFi.",,201114,playback_audio_bugs,False,STANDARD_TROUBLESHOOTING,TRAIN
201116,user_10558,True,Wed Nov 08 12:00:00 +0000 2023,@SpotifyCares why did you remove the entire discography of this indie artist today?,201117,,content_availability,False,STANDARD_TROUBLESHOOTING,TRAIN
201117,SpotifyCares,False,Wed Nov 08 12:05:00 +0000 2023,"Hey! When songs appear greyed out, it is typically due to regional licensing agreements or changes by the rights holders. If you have 'Show unplayable songs' turned on in Settings, that highlights tracks currently restricted.",,201116,content_availability,False,STANDARD_TROUBLESHOOTING,TRAIN
201118,user_10559,True,Wed Nov 08 12:00:00 +0000 2023,"@SpotifyCares thanks for helping me fix my playlist yesterday, you guys rock! Have a great weekend!",201119,,chitchat_feedback_venting,True,HIGH_CHURN_RISK,TRAIN
201119,SpotifyCares,False,Wed Nov 08 12:05:00 +0000 2023,"We're really sorry to hear you're frustrated. If there's a specific issue or bug you're experiencing, let us know and we'd love to help troubleshoot.",,201118,chitchat_feedback_venting,True,HIGH_CHURN_RISK,TRAIN
201120,user_10560,True,Wed Nov 08 12:00:00 +0000 2023,@SpotifyCares I'm not receiving the password reset email at all. Checked spam and trash.,201121,,account_access,True,SECURITY_RISK,TRAIN
201121,SpotifyCares,False,Wed Nov 08 12:05:00 +0000 2023,"Hi there. Make sure the email you entered matches the one on file. If you originally signed up via Facebook or Apple ID, use those buttons on the login screen instead!",,201120,account_access,True,SECURITY_RISK,TRAIN
201122,user_10561,True,Wed Nov 08 12:00:00 +0000 2023,@SpotifyCares my student verification failed through SheerID even though I uploaded my enrollment letter.,201123,,subscription_billing,True,FINANCIAL_DISPUTE,TRAIN
201123,SpotifyCares,False,Wed Nov 08 12:05:00 +0000 2023,"Hi! SheerID requires the document to clearly display your full name, university name, and an issue date within the current academic term. Check out support.spotify.com/article/student-discount/ for details.",,201122,subscription_billing,True,FINANCIAL_DISPUTE,TRAIN
201124,user_10562,True,Wed Nov 08 12:00:00 +0000 2023,@SpotifyCares audio is crackling and stuttering through my headphones on Pixel 8 app.,201125,,playback_audio_bugs,False,STANDARD_TROUBLESHOOTING,TRAIN
201125,SpotifyCares,False,Wed Nov 08 12:05:00 +0000 2023,"Oh no! Could you check if your web player at open.spotify.com behaves the same way? If it only happens in the app, clearing cache in Settings > Storage usually does the trick.",,201124,playback_audio_bugs,False,STANDARD_TROUBLESHOOTING,TRAIN
201126,user_10563,True,Wed Nov 08 12:00:00 +0000 2023,@SpotifyCares I'm not receiving the password reset email at all. Checked spam and trash.,201127,,account_access,True,SECURITY_RISK,TRAIN
201127,SpotifyCares,False,Wed Nov 08 12:05:00 +0000 2023,"Let's secure your account! Log in to your account page on spotify.com, click 'Sign out everywhere', and change your password right away. If you need more help, DM us.",,201126,account_access,True,SECURITY_RISK,TRAIN
201128,user_10564,True,Wed Nov 08 12:00:00 +0000 2023,@SpotifyCares where did the lyrics button go on Pixel 8? It disappeared from the Now Playing screen yesterday!,201129,,app_ui_features,False,STANDARD_TROUBLESHOOTING,TRAIN
201129,SpotifyCares,False,Wed Nov 08 12:05:00 +0000 2023,"Hey! Lyrics are provided via Musixmatch and availability varies by track and territory. If lyrics are missing across all songs, try logging out and logging back in to refresh your app data.",,201128,app_ui_features,False,STANDARD_TROUBLESHOOTING,TRAIN
201130,user_10565,True,Wed Nov 08 12:00:00 +0000 2023,@SpotifyCares Amazon Echo says 'Spotify is unavailable right now' when I ask Alexa to play music.,201131,,device_connectivity,False,STANDARD_TROUBLESHOOTING,TRAIN
201131,SpotifyCares,False,Wed Nov 08 12:05:00 +0000 2023,"Hey! On your Windows 11 PC, go to Settings > General > CarPlay, select your vehicle, and check if Spotify is listed under customized apps. Also try restarting your car head unit.",,201130,device_connectivity,False,STANDARD_TROUBLESHOOTING,TRAIN
201132,user_10566,True,Wed Nov 08 12:00:00 +0000 2023,@SpotifyCares the new update completely ruined the playlist sidebar. Can I revert to the old UI layout?,201133,,app_ui_features,False,STANDARD_TROUBLESHOOTING,TRAIN
201133,SpotifyCares,False,Wed Nov 08 12:05:00 +0000 2023,"Hey! Lyrics are provided via Musixmatch and availability varies by track and territory. If lyrics are missing across all songs, try logging out and logging back in to refresh your app data.",,201132,app_ui_features,False,STANDARD_TROUBLESHOOTING,TRAIN
201134,user_10567,True,Wed Nov 08 12:00:00 +0000 2023,@SpotifyCares how do I sort my Liked Songs playlist by artist on iPad Pro? Can't find the filter option.,201135,,app_ui_features,False,STANDARD_TROUBLESHOOTING,TRAIN
201135,SpotifyCares,False,Wed Nov 08 12:05:00 +0000 2023,"Oh no! Try restarting your iPad Pro and clearing cache in Settings > Storage > Clear Cache. If that doesn't fix the search bar, a clean reinstall will refresh the index.",,201134,app_ui_features,False,STANDARD_TROUBLESHOOTING,TRAIN
201136,user_10568,True,Wed Nov 08 12:00:00 +0000 2023,@SpotifyCares why are half the songs on this album greyed out and unplayable for me?,201137,,content_availability,False,STANDARD_TROUBLESHOOTING,TRAIN
201137,SpotifyCares,False,Wed Nov 08 12:05:00 +0000 2023,"Hi there! If you are on a Family Plan, make sure the Plan Manager hasn't toggled explicit content off for your sub-account in their Family settings.",,201136,content_availability,False,STANDARD_TROUBLESHOOTING,TRAIN
201138,user_10569,True,Wed Nov 08 12:00:00 +0000 2023,@SpotifyCares bluetooth in my car disconnects every 3 minutes only when playing Spotify.,201139,,device_connectivity,False,STANDARD_TROUBLESHOOTING,TRAIN
201139,SpotifyCares,False,Wed Nov 08 12:05:00 +0000 2023,"Hey! On your iPhone 14, go to Settings > General > CarPlay, select your vehicle, and check if Spotify is listed under customized apps. Also try restarting your car head unit.",,201138,device_connectivity,False,STANDARD_TROUBLESHOOTING,TRAIN
201140,user_10570,True,Wed Nov 08 12:00:00 +0000 2023,@SpotifyCares why are half the songs on this album greyed out and unplayable for me?,201141,,content_availability,False,STANDARD_TROUBLESHOOTING,TRAIN
201141,SpotifyCares,False,Wed Nov 08 12:05:00 +0000 2023,"Hi there! If you are on a Family Plan, make sure the Plan Manager hasn't toggled explicit content off for your sub-account in their Family settings.",,201140,content_availability,False,STANDARD_TROUBLESHOOTING,TRAIN
201142,user_10571,True,Wed Nov 08 12:00:00 +0000 2023,@SpotifyCares music stops playing every time my screen locks on iPhone 15 Pro.,201143,,playback_audio_bugs,False,STANDARD_TROUBLESHOOTING,TRAIN
201143,SpotifyCares,False,Wed Nov 08 12:05:00 +0000 2023,"Hi! Downloads can be removed if you switch offline mode off for over 30 days or reinstall the app. Try toggling Offline Mode off and on in Settings > Playback, then re-download over WiFi.",,201142,playback_audio_bugs,False,STANDARD_TROUBLESHOOTING,TRAIN
201144,user_10572,True,Wed Nov 08 12:00:00 +0000 2023,@SpotifyCares audio is crackling and stuttering through my headphones on MacBook Pro app.,201145,,playback_audio_bugs,False,STANDARD_TROUBLESHOOTING,TRAIN
201145,SpotifyCares,False,Wed Nov 08 12:05:00 +0000 2023,"Hey! This usually happens due to battery optimization. Go to MacBook Pro Settings > Apps > Spotify > Battery, and set it to 'Unrestricted'. That should prevent it from going to sleep.",,201144,playback_audio_bugs,False,STANDARD_TROUBLESHOOTING,TRAIN
201146,user_10573,True,Wed Nov 08 12:00:00 +0000 2023,@SpotifyCares a podcast episode that came out an hour ago won't load or play on Pixel 8.,201147,,content_availability,False,STANDARD_TROUBLESHOOTING,TRAIN
201147,SpotifyCares,False,Wed Nov 08 12:05:00 +0000 2023,Hi! Content availability is managed directly by artists and their record labels or distributors. We hope to make their music available again soon!,,201146,content_availability,False,STANDARD_TROUBLESHOOTING,TRAIN
201148,user_10574,True,Wed Nov 08 12:00:00 +0000 2023,@SpotifyCares your app is literally trash. Worst update in history. Canceling my sub and going to Apple Music!,201149,,chitchat_feedback_venting,True,HIGH_CHURN_RISK,TRAIN
201149,SpotifyCares,False,Wed Nov 08 12:05:00 +0000 2023,We appreciate the candid feedback and are always sharing user impressions with our design team. Let us know if a specific feature is causing trouble.,,201148,chitchat_feedback_venting,True,HIGH_CHURN_RISK,TRAIN
201150,user_10575,True,Wed Nov 08 12:00:00 +0000 2023,@SpotifyCares Spotify Connect can't find my Sonos speakers even though we are on the exact same WiFi network.,201151,,device_connectivity,False,STANDARD_TROUBLESHOOTING,TRAIN
201151,SpotifyCares,False,Wed Nov 08 12:05:00 +0000 2023,"Hey! On your Samsung S23, go to Settings > General > CarPlay, select your vehicle, and check if Spotify is listed under customized apps. Also try restarting your car head unit.",,201150,device_connectivity,False,STANDARD_TROUBLESHOOTING,TRAIN
201152,user_10576,True,Wed Nov 08 12:00:00 +0000 2023,@SpotifyCares love the new Wrapped statistics! Best feature of the year by far ❤️,201153,,chitchat_feedback_venting,True,HIGH_CHURN_RISK,TRAIN
201153,SpotifyCares,False,Wed Nov 08 12:05:00 +0000 2023,We appreciate the candid feedback and are always sharing user impressions with our design team. Let us know if a specific feature is causing trouble.,,201152,chitchat_feedback_venting,True,HIGH_CHURN_RISK,TRAIN
201154,user_10577,True,Wed Nov 08 12:00:00 +0000 2023,@SpotifyCares love the new Wrapped statistics! Best feature of the year by far ❤️,201155,,chitchat_feedback_venting,True,HIGH_CHURN_RISK,TRAIN
201155,SpotifyCares,False,Wed Nov 08 12:05:00 +0000 2023,Thank you so much! We are thrilled you're loving Wrapped this year! 🎧✨,,201154,chitchat_feedback_venting,True,HIGH_CHURN_RISK,TRAIN
201156,user_10578,True,Wed Nov 08 12:00:00 +0000 2023,@SpotifyCares a podcast episode that came out an hour ago won't load or play on iPhone 15 Pro.,201157,,content_availability,False,STANDARD_TROUBLESHOOTING,TRAIN
201157,SpotifyCares,False,Wed Nov 08 12:05:00 +0000 2023,Hey! It can take a short while for newly published podcast episodes to propagate across all CDN servers. Try clearing your app cache and checking again in 30 minutes.,,201156,content_availability,False,STANDARD_TROUBLESHOOTING,TRAIN
201158,user_10579,True,Wed Nov 08 12:00:00 +0000 2023,@SpotifyCares why can't I swipe to queue songs anymore on Android? That was the best feature.,201159,,app_ui_features,False,STANDARD_TROUBLESHOOTING,TRAIN
201159,SpotifyCares,False,Wed Nov 08 12:05:00 +0000 2023,"Hey! Lyrics are provided via Musixmatch and availability varies by track and territory. If lyrics are missing across all songs, try logging out and logging back in to refresh your app data.",,201158,app_ui_features,False,STANDARD_TROUBLESHOOTING,TRAIN
201160,user_10580,True,Wed Nov 08 12:00:00 +0000 2023,@SpotifyCares trying to add my family member to our Spotify Family Plan but it says her address doesn't match.,201161,,subscription_billing,True,FINANCIAL_DISPUTE,TRAIN
201161,SpotifyCares,False,Wed Nov 08 12:05:00 +0000 2023,"We can look into double charges for you right away. Since this involves billing details, please send us a DM with your account email and the last 4 digits of the card charged.",,201160,subscription_billing,True,FINANCIAL_DISPUTE,TRAIN
201162,user_10581,True,Wed Nov 08 12:00:00 +0000 2023,"@SpotifyCares stuck in a login loop. I enter my credentials, it says success, and kicks me back to login on Windows 11 PC.",201163,,account_access,True,SECURITY_RISK,TRAIN
201163,SpotifyCares,False,Wed Nov 08 12:05:00 +0000 2023,"Hi there. Make sure the email you entered matches the one on file. If you originally signed up via Facebook or Apple ID, use those buttons on the login screen instead!",,201162,account_access,True,SECURITY_RISK,TRAIN
201164,user_10582,True,Wed Nov 08 12:00:00 +0000 2023,@SpotifyCares my student verification failed through SheerID even though I uploaded my enrollment letter.,201165,,subscription_billing,True,FINANCIAL_DISPUTE,TRAIN
201165,SpotifyCares,False,Wed Nov 08 12:05:00 +0000 2023,"We can look into double charges for you right away. Since this involves billing details, please send us a DM with your account email and the last 4 digits of the card charged.",,201164,subscription_billing,True,FINANCIAL_DISPUTE,TRAIN
201166,user_10583,True,Wed Nov 08 12:00:00 +0000 2023,@SpotifyCares I canceled Premium two weeks ago and I was still billed today. Fix this immediately.,201167,,subscription_billing,True,FINANCIAL_DISPUTE,TRAIN
201167,SpotifyCares,False,Wed Nov 08 12:05:00 +0000 2023,"Hi! SheerID requires the document to clearly display your full name, university name, and an issue date within the current academic term. Check out support.spotify.com/article/student-discount/ for details.",,201166,subscription_billing,True,FINANCIAL_DISPUTE,TRAIN
201168,user_10584,True,Wed Nov 08 12:00:00 +0000 2023,@SpotifyCares music stops playing every time my screen locks on iPhone 15 Pro.,201169,,playback_audio_bugs,False,STANDARD_TROUBLESHOOTING,TRAIN
201169,SpotifyCares,False,Wed Nov 08 12:05:00 +0000 2023,"Hey there! Let's try performing a clean reinstall. Head to Settings > Storage > Clear Cache, delete the app, restart your iPhone 15 Pro, and reinstall. Let us know if that fixes it!",,201168,playback_audio_bugs,False,STANDARD_TROUBLESHOOTING,TRAIN
201170,user_10585,True,Wed Nov 08 12:00:00 +0000 2023,@SpotifyCares Amazon Echo says 'Spotify is unavailable right now' when I ask Alexa to play music.,201171,,device_connectivity,False,STANDARD_TROUBLESHOOTING,TRAIN
201171,SpotifyCares,False,Wed Nov 08 12:05:00 +0000 2023,"Hey! On your iPhone 14, go to Settings > General > CarPlay, select your vehicle, and check if Spotify is listed under customized apps. Also try restarting your car head unit.",,201170,device_connectivity,False,STANDARD_TROUBLESHOOTING,TRAIN
201172,user_10586,True,Wed Nov 08 12:00:00 +0000 2023,@SpotifyCares You charged me $11.99 TWICE this month on my credit card! I want an immediate refund.,201173,,subscription_billing,True,FINANCIAL_DISPUTE,TRAIN
201173,SpotifyCares,False,Wed Nov 08 12:05:00 +0000 2023,"Hi! SheerID requires the document to clearly display your full name, university name, and an issue date within the current academic term. Check out support.spotify.com/article/student-discount/ for details.",,201172,subscription_billing,True,FINANCIAL_DISPUTE,TRAIN
201174,user_10587,True,Wed Nov 08 12:00:00 +0000 2023,@SpotifyCares audio is crackling and stuttering through my headphones on Pixel 8 app.,201175,,playback_audio_bugs,False,STANDARD_TROUBLESHOOTING,TRAIN
201175,SpotifyCares,False,Wed Nov 08 12:05:00 +0000 2023,"Oh no! Could you check if your web player at open.spotify.com behaves the same way? If it only happens in the app, clearing cache in Settings > Storage usually does the trick.",,201174,playback_audio_bugs,False,STANDARD_TROUBLESHOOTING,TRAIN
201176,user_10588,True,Wed Nov 08 12:00:00 +0000 2023,@SpotifyCares search bar is completely frozen and doesn't register typing on MacBook Pro.,201177,,app_ui_features,False,STANDARD_TROUBLESHOOTING,TRAIN
201177,SpotifyCares,False,Wed Nov 08 12:05:00 +0000 2023,"Hi! The updated layout is permanent, but you can collapse or expand the Your Library view using the icon in the top-left of the sidebar to customize your view.",,201176,app_ui_features,False,STANDARD_TROUBLESHOOTING,TRAIN
201178,user_10589,True,Wed Nov 08 12:00:00 +0000 2023,"@SpotifyCares stuck in a login loop. I enter my credentials, it says success, and kicks me back to login on iPhone 15 Pro.",201179,,account_access,True,SECURITY_RISK,TRAIN
201179,SpotifyCares,False,Wed Nov 08 12:05:00 +0000 2023,"Hi there. Make sure the email you entered matches the one on file. If you originally signed up via Facebook or Apple ID, use those buttons on the login screen instead!",,201178,account_access,True,SECURITY_RISK,TRAIN
201180,user_10590,True,Wed Nov 08 12:00:00 +0000 2023,@SpotifyCares my student verification failed through SheerID even though I uploaded my enrollment letter.,201181,,subscription_billing,True,FINANCIAL_DISPUTE,TRAIN
201181,SpotifyCares,False,Wed Nov 08 12:05:00 +0000 2023,We understand your concern! Please DM us your account username and receipt date so a billing specialist can review your cancellation timestamp and process your refund.,,201180,subscription_billing,True,FINANCIAL_DISPUTE,TRAIN
201182,user_10591,True,Wed Nov 08 12:00:00 +0000 2023,"@SpotifyCares stuck in a login loop. I enter my credentials, it says success, and kicks me back to login on Pixel 8.",201183,,account_access,True,SECURITY_RISK,TRAIN
201183,SpotifyCares,False,Wed Nov 08 12:05:00 +0000 2023,"Let's secure your account! Log in to your account page on spotify.com, click 'Sign out everywhere', and change your password right away. If you need more help, DM us.",,201182,account_access,True,SECURITY_RISK,TRAIN
201184,user_10592,True,Wed Nov 08 12:00:00 +0000 2023,@SpotifyCares Spotify won't show up on my Apple CarPlay screen anymore after updating Samsung S23.,201185,,device_connectivity,False,STANDARD_TROUBLESHOOTING,TRAIN
201185,SpotifyCares,False,Wed Nov 08 12:05:00 +0000 2023,"Thanks for reaching out. Try unpairing and re-pairing the Bluetooth connection, then toggle 'Car Mode' off in Spotify Settings > Car to test.",,201184,device_connectivity,False,STANDARD_TROUBLESHOOTING,TRAIN
201186,user_10593,True,Wed Nov 08 12:00:00 +0000 2023,@SpotifyCares why can't I swipe to queue songs anymore on Android? That was the best feature.,201187,,app_ui_features,False,STANDARD_TROUBLESHOOTING,TRAIN
201187,SpotifyCares,False,Wed Nov 08 12:05:00 +0000 2023,"Oh no! Try restarting your MacBook Pro and clearing cache in Settings > Storage > Clear Cache. If that doesn't fix the search bar, a clean reinstall will refresh the index.",,201186,app_ui_features,False,STANDARD_TROUBLESHOOTING,TRAIN
201188,user_10594,True,Wed Nov 08 12:00:00 +0000 2023,@SpotifyCares Spotify won't show up on my Apple CarPlay screen anymore after updating Samsung S23.,201189,,device_connectivity,False,STANDARD_TROUBLESHOOTING,TRAIN
201189,SpotifyCares,False,Wed Nov 08 12:05:00 +0000 2023,"Hi! Some Sonos devices only communicate over 2.4GHz. Check if your router separates 2.4GHz and 5GHz bands, and make sure Local Network access is enabled in your Settings > Spotify.",,201188,device_connectivity,False,STANDARD_TROUBLESHOOTING,TRAIN
201190,user_10595,True,Wed Nov 08 12:00:00 +0000 2023,@SpotifyCares bluetooth in my car disconnects every 3 minutes only when playing Spotify.,201191,,device_connectivity,False,STANDARD_TROUBLESHOOTING,TRAIN
201191,SpotifyCares,False,Wed Nov 08 12:05:00 +0000 2023,"Hey! In the Alexa app, go to More > Settings > Music & Podcasts, unlink Spotify, and re-link your account. A quick router reboot also helps refresh the handshake!",,201190,device_connectivity,False,STANDARD_TROUBLESHOOTING,TRAIN
201192,user_10596,True,Wed Nov 08 12:00:00 +0000 2023,@SpotifyCares bluetooth in my car disconnects every 3 minutes only when playing Spotify.,201193,,device_connectivity,False,STANDARD_TROUBLESHOOTING,TRAIN
201193,SpotifyCares,False,Wed Nov 08 12:05:00 +0000 2023,"Hey! In the Alexa app, go to More > Settings > Music & Podcasts, unlink Spotify, and re-link your account. A quick router reboot also helps refresh the handshake!",,201192,device_connectivity,False,STANDARD_TROUBLESHOOTING,TRAIN
201194,user_10597,True,Wed Nov 08 12:00:00 +0000 2023,@SpotifyCares I think my account was hacked. There is random foreign music in my Recently Played.,201195,,account_access,True,SECURITY_RISK,TRAIN
201195,SpotifyCares,False,Wed Nov 08 12:05:00 +0000 2023,"Let's secure your account! Log in to your account page on spotify.com, click 'Sign out everywhere', and change your password right away. If you need more help, DM us.",,201194,account_access,True,SECURITY_RISK,TRAIN
201196,user_10598,True,Wed Nov 08 12:00:00 +0000 2023,@SpotifyCares bluetooth in my car disconnects every 3 minutes only when playing Spotify.,201197,,device_connectivity,False,STANDARD_TROUBLESHOOTING,TRAIN
201197,SpotifyCares,False,Wed Nov 08 12:05:00 +0000 2023,"Hi! Some Sonos devices only communicate over 2.4GHz. Check if your router separates 2.4GHz and 5GHz bands, and make sure Local Network access is enabled in your Settings > Spotify.",,201196,device_connectivity,False,STANDARD_TROUBLESHOOTING,TRAIN
201198,user_10599,True,Wed Nov 08 12:00:00 +0000 2023,@SpotifyCares I canceled Premium two weeks ago and I was still billed today. Fix this immediately.,201199,,subscription_billing,True,FINANCIAL_DISPUTE,TRAIN
201199,SpotifyCares,False,Wed Nov 08 12:05:00 +0000 2023,Hey! All Family Plan members must reside at the exact same physical address. Make sure she types the address exactly character-for-character as shown in the plan manager's account page.,,201198,subscription_billing,True,FINANCIAL_DISPUTE,TRAIN
201200,eval_user_20000,True,Thu Nov 09 14:00:00 +0000 2023,@SpotifyCares tracks keep buffering forever on wifi even though youtube works fine,201201,,playback_audio_bugs,False,STANDARD_TROUBLESHOOTING,EVAL
201201,SpotifyCares,False,Thu Nov 09 14:05:00 +0000 2023,"Oh no! Could you check if your web player at open.spotify.com behaves the same way? If it only happens in the app, clearing cache in Settings > Storage usually does the trick.",,201200,playback_audio_bugs,False,STANDARD_TROUBLESHOOTING,EVAL
201202,eval_user_20001,True,Thu Nov 09 14:00:00 +0000 2023,@SpotifyCares locked out of my account after attempting to sign in while abroad in Japan,201203,,account_access,True,SECURITY_RISK,EVAL
201203,SpotifyCares,False,Thu Nov 09 14:05:00 +0000 2023,"Hi there. Make sure the email you entered matches the one on file. If you originally signed up via Facebook or Apple ID, use those buttons on the login screen instead!",,201202,account_access,True,SECURITY_RISK,EVAL
201204,eval_user_20002,True,Thu Nov 09 14:00:00 +0000 2023,@SpotifyCares why was my Visa charged full price when I submitted my university enrollment proof?,201205,,subscription_billing,True,FINANCIAL_DISPUTE,EVAL
201205,SpotifyCares,False,Thu Nov 09 14:05:00 +0000 2023,"We can look into double charges for you right away. Since this involves billing details, please send us a DM with your account email and the last 4 digits of the card charged.",,201204,subscription_billing,True,FINANCIAL_DISPUTE,EVAL
201206,eval_user_20003,True,Thu Nov 09 14:00:00 +0000 2023,@SpotifyCares car dashboard media player shows song info but no sound comes out of the vehicle speakers,201207,,device_connectivity,False,STANDARD_TROUBLESHOOTING,EVAL
201207,SpotifyCares,False,Thu Nov 09 14:05:00 +0000 2023,"Hey! In the Alexa app, go to More > Settings > Music & Podcasts, unlink Spotify, and re-link your account. A quick router reboot also helps refresh the handshake!",,201206,device_connectivity,False,STANDARD_TROUBLESHOOTING,EVAL
201208,eval_user_20004,True,Thu Nov 09 14:00:00 +0000 2023,@SpotifyCares certain tracks in my playlist are dimmed and skip automatically without playing,201209,,content_availability,False,STANDARD_TROUBLESHOOTING,EVAL
201209,SpotifyCares,False,Thu Nov 09 14:05:00 +0000 2023,Hey! It can take a short while for newly published podcast episodes to propagate across all CDN servers. Try clearing your app cache and checking again in 30 minutes.,,201208,content_availability,False,STANDARD_TROUBLESHOOTING,EVAL
201210,eval_user_20005,True,Thu Nov 09 14:00:00 +0000 2023,@SpotifyCares font size on the desktop client is ridiculously tiny after the latest patch,201211,,app_ui_features,False,STANDARD_TROUBLESHOOTING,EVAL
201211,SpotifyCares,False,Thu Nov 09 14:05:00 +0000 2023,Hey! Swipe down slightly at the top of your Liked Songs playlist to reveal the search and 'Sort' bar. Tap 'Sort' and pick 'Artist' from the list.,,201210,app_ui_features,False,STANDARD_TROUBLESHOOTING,EVAL
201212,eval_user_20006,True,Thu Nov 09 14:00:00 +0000 2023,@SpotifyCares your service is an absolute joke compared to Tidal,201213,,chitchat_feedback_venting,True,HIGH_CHURN_RISK,EVAL
201213,SpotifyCares,False,Thu Nov 09 14:05:00 +0000 2023,You're very welcome! We're always here to help. Enjoy the tunes and have a fantastic weekend! 🎶,,201212,chitchat_feedback_venting,True,HIGH_CHURN_RISK,EVAL
201214,eval_user_20007,True,Thu Nov 09 14:00:00 +0000 2023,@SpotifyCares paid for my subscription today but my tracks still refuse to play offline on Pixel 8,201215,,playback_audio_bugs,False,STANDARD_TROUBLESHOOTING,EVAL
201215,SpotifyCares,False,Thu Nov 09 14:05:00 +0000 2023,"Hey there! Let's try performing a clean reinstall. Head to Settings > Storage > Clear Cache, delete the app, restart your Pixel 8, and reinstall. Let us know if that fixes it!",,201214,playback_audio_bugs,False,STANDARD_TROUBLESHOOTING,EVAL
201216,eval_user_20008,True,Thu Nov 09 14:00:00 +0000 2023,@SpotifyCares 2-factor authentication code is arriving on a phone number I don't recognize,201217,,account_access,True,SECURITY_RISK,EVAL
201217,SpotifyCares,False,Thu Nov 09 14:05:00 +0000 2023,"Hey! Try clearing cookies and cache on your default mobile browser (Safari/Chrome), as the app uses browser webviews for authentication tokens.",,201216,account_access,True,SECURITY_RISK,EVAL
201218,eval_user_20009,True,Thu Nov 09 14:00:00 +0000 2023,@SpotifyCares how come my subscription cost increased by $2 without any prior notification?,201219,,subscription_billing,True,FINANCIAL_DISPUTE,EVAL
201219,SpotifyCares,False,Thu Nov 09 14:05:00 +0000 2023,We understand your concern! Please DM us your account username and receipt date so a billing specialist can review your cancellation timestamp and process your refund.,,201218,subscription_billing,True,FINANCIAL_DISPUTE,EVAL
201220,eval_user_20010,True,Thu Nov 09 14:00:00 +0000 2023,@SpotifyCares wireless airplay stream drops whenever I switch apps on my phone,201221,,device_connectivity,False,STANDARD_TROUBLESHOOTING,EVAL
201221,SpotifyCares,False,Thu Nov 09 14:05:00 +0000 2023,"Hey! On your iPhone 14, go to Settings > General > CarPlay, select your vehicle, and check if Spotify is listed under customized apps. Also try restarting your car head unit.",,201220,device_connectivity,False,STANDARD_TROUBLESHOOTING,EVAL
201222,eval_user_20011,True,Thu Nov 09 14:00:00 +0000 2023,@SpotifyCares licensing restriction says content not available in your region when traveling abroad,201223,,content_availability,False,STANDARD_TROUBLESHOOTING,EVAL
201223,SpotifyCares,False,Thu Nov 09 14:05:00 +0000 2023,"Hi there! If you are on a Family Plan, make sure the Plan Manager hasn't toggled explicit content off for your sub-account in their Family settings.",,201222,content_availability,False,STANDARD_TROUBLESHOOTING,EVAL
201224,eval_user_20012,True,Thu Nov 09 14:00:00 +0000 2023,@SpotifyCares library interface was redesigned and now I can't find my custom folders anywhere,201225,,app_ui_features,False,STANDARD_TROUBLESHOOTING,EVAL
201225,SpotifyCares,False,Thu Nov 09 14:05:00 +0000 2023,"Oh no! Try restarting your Windows 11 PC and clearing cache in Settings > Storage > Clear Cache. If that doesn't fix the search bar, a clean reinstall will refresh the index.",,201224,app_ui_features,False,STANDARD_TROUBLESHOOTING,EVAL
201226,eval_user_20013,True,Thu Nov 09 14:00:00 +0000 2023,@SpotifyCares I swear this platform becomes more clunky with every single revision,201227,,chitchat_feedback_venting,True,HIGH_CHURN_RISK,EVAL
201227,SpotifyCares,False,Thu Nov 09 14:05:00 +0000 2023,Thank you so much! We are thrilled you're loving Wrapped this year! 🎧✨,,201226,chitchat_feedback_venting,True,HIGH_CHURN_RISK,EVAL
201228,eval_user_20014,True,Thu Nov 09 14:00:00 +0000 2023,"@SpotifyCares tunes freeze every minute on my phone, app is totally buggin out today",201229,,playback_audio_bugs,False,STANDARD_TROUBLESHOOTING,EVAL
201229,SpotifyCares,False,Thu Nov 09 14:05:00 +0000 2023,Thanks for reporting! Try disabling 'Hardware Acceleration' in Spotify Settings > Show Advanced Settings. Then restart the app and see if the audio clears up.,,201228,playback_audio_bugs,False,STANDARD_TROUBLESHOOTING,EVAL
201230,eval_user_20015,True,Thu Nov 09 14:00:00 +0000 2023,@SpotifyCares locked out of my account after attempting to sign in while abroad in Japan,201231,,account_access,True,SECURITY_RISK,EVAL
201231,SpotifyCares,False,Thu Nov 09 14:05:00 +0000 2023,"Hi there. Make sure the email you entered matches the one on file. If you originally signed up via Facebook or Apple ID, use those buttons on the login screen instead!",,201230,account_access,True,SECURITY_RISK,EVAL
201232,eval_user_20016,True,Thu Nov 09 14:00:00 +0000 2023,@SpotifyCares card declined for monthly renewal even though balance is sufficient,201233,,subscription_billing,True,FINANCIAL_DISPUTE,EVAL
201233,SpotifyCares,False,Thu Nov 09 14:05:00 +0000 2023,We understand your concern! Please DM us your account username and receipt date so a billing specialist can review your cancellation timestamp and process your refund.,,201232,subscription_billing,True,FINANCIAL_DISPUTE,EVAL
201234,eval_user_20017,True,Thu Nov 09 14:00:00 +0000 2023,@SpotifyCares receiver displays 'Connecting...' indefinitely when selecting it via Spotify Connect,201235,,device_connectivity,False,STANDARD_TROUBLESHOOTING,EVAL
201235,SpotifyCares,False,Thu Nov 09 14:05:00 +0000 2023,"Hi! Some Sonos devices only communicate over 2.4GHz. Check if your router separates 2.4GHz and 5GHz bands, and make sure Local Network access is enabled in your Settings > Spotify.",,201234,device_connectivity,False,STANDARD_TROUBLESHOOTING,EVAL
201236,eval_user_20018,True,Thu Nov 09 14:00:00 +0000 2023,@SpotifyCares why is the instrumental bonus version of this single unavailable in Canada?,201237,,content_availability,False,STANDARD_TROUBLESHOOTING,EVAL
201237,SpotifyCares,False,Thu Nov 09 14:05:00 +0000 2023,"Hey! When songs appear greyed out, it is typically due to regional licensing agreements or changes by the rights holders. If you have 'Show unplayable songs' turned on in Settings, that highlights tracks currently restricted.",,201236,content_availability,False,STANDARD_TROUBLESHOOTING,EVAL
201238,eval_user_20019,True,Thu Nov 09 14:00:00 +0000 2023,@SpotifyCares library interface was redesigned and now I can't find my custom folders anywhere,201239,,app_ui_features,False,STANDARD_TROUBLESHOOTING,EVAL
201239,SpotifyCares,False,Thu Nov 09 14:05:00 +0000 2023,"Hey! Lyrics are provided via Musixmatch and availability varies by track and territory. If lyrics are missing across all songs, try logging out and logging back in to refresh your app data.",,201238,app_ui_features,False,STANDARD_TROUBLESHOOTING,EVAL
201240,eval_user_20020,True,Thu Nov 09 14:00:00 +0000 2023,@SpotifyCares I swear this platform becomes more clunky with every single revision,201241,,chitchat_feedback_venting,True,HIGH_CHURN_RISK,EVAL
201241,SpotifyCares,False,Thu Nov 09 14:05:00 +0000 2023,We appreciate the candid feedback and are always sharing user impressions with our design team. Let us know if a specific feature is causing trouble.,,201240,chitchat_feedback_venting,True,HIGH_CHURN_RISK,EVAL
201242,eval_user_20021,True,Thu Nov 09 14:00:00 +0000 2023,@SpotifyCares earphones making weird robotic static noise whenever high quality streaming is active,201243,,playback_audio_bugs,False,STANDARD_TROUBLESHOOTING,EVAL
201243,SpotifyCares,False,Thu Nov 09 14:05:00 +0000 2023,"Hi! Downloads can be removed if you switch offline mode off for over 30 days or reinstall the app. Try toggling Offline Mode off and on in Settings > Playback, then re-download over WiFi.",,201242,playback_audio_bugs,False,STANDARD_TROUBLESHOOTING,EVAL
201244,eval_user_20022,True,Thu Nov 09 14:00:00 +0000 2023,@SpotifyCares 2-factor authentication code is arriving on a phone number I don't recognize,201245,,account_access,True,SECURITY_RISK,EVAL
201245,SpotifyCares,False,Thu Nov 09 14:05:00 +0000 2023,We take account security very seriously! Please send us a DM immediately with your original email and receipt of purchase so our security team can lock and restore your account.,,201244,account_access,True,SECURITY_RISK,EVAL
201246,eval_user_20023,True,Thu Nov 09 14:00:00 +0000 2023,@SpotifyCares invited my roommate to our multi-user bundle and it keeps saying territory mismatch,201247,,subscription_billing,True,FINANCIAL_DISPUTE,EVAL
201247,SpotifyCares,False,Thu Nov 09 14:05:00 +0000 2023,"We can look into double charges for you right away. Since this involves billing details, please send us a DM with your account email and the last 4 digits of the card charged.",,201246,subscription_billing,True,FINANCIAL_DISPUTE,EVAL
201248,eval_user_20024,True,Thu Nov 09 14:00:00 +0000 2023,@SpotifyCares smart speaker casting disconnects after one song on iPad Pro,201249,,device_connectivity,False,STANDARD_TROUBLESHOOTING,EVAL
201249,SpotifyCares,False,Thu Nov 09 14:05:00 +0000 2023,"Hey! On your iPad Pro, go to Settings > General > CarPlay, select your vehicle, and check if Spotify is listed under customized apps. Also try restarting your car head unit.",,201248,device_connectivity,False,STANDARD_TROUBLESHOOTING,EVAL
201250,eval_user_20025,True,Thu Nov 09 14:00:00 +0000 2023,@SpotifyCares certain tracks in my playlist are dimmed and skip automatically without playing,201251,,content_availability,False,STANDARD_TROUBLESHOOTING,EVAL
201251,SpotifyCares,False,Thu Nov 09 14:05:00 +0000 2023,"Hi there! If you are on a Family Plan, make sure the Plan Manager hasn't toggled explicit content off for your sub-account in their Family settings.",,201250,content_availability,False,STANDARD_TROUBLESHOOTING,EVAL
201252,eval_user_20026,True,Thu Nov 09 14:00:00 +0000 2023,@SpotifyCares album artwork covers are blurry and low-resolution in full screen mode,201253,,app_ui_features,False,STANDARD_TROUBLESHOOTING,EVAL
201253,SpotifyCares,False,Thu Nov 09 14:05:00 +0000 2023,"Hi! The updated layout is permanent, but you can collapse or expand the Your Library view using the icon in the top-left of the sidebar to customize your view.",,201252,app_ui_features,False,STANDARD_TROUBLESHOOTING,EVAL
201254,eval_user_20027,True,Thu Nov 09 14:00:00 +0000 2023,@SpotifyCares I swear this platform becomes more clunky with every single revision,201255,,chitchat_feedback_venting,True,HIGH_CHURN_RISK,EVAL
201255,SpotifyCares,False,Thu Nov 09 14:05:00 +0000 2023,Thank you so much! We are thrilled you're loving Wrapped this year! 🎧✨,,201254,chitchat_feedback_venting,True,HIGH_CHURN_RISK,EVAL
201256,eval_user_20028,True,Thu Nov 09 14:00:00 +0000 2023,@SpotifyCares paid for my subscription today but my tracks still refuse to play offline on iPhone 15 Pro,201257,,playback_audio_bugs,False,STANDARD_TROUBLESHOOTING,EVAL
201257,SpotifyCares,False,Thu Nov 09 14:05:00 +0000 2023,"Hey! This usually happens due to battery optimization. Go to iPhone 15 Pro Settings > Apps > Spotify > Battery, and set it to 'Unrestricted'. That should prevent it from going to sleep.",,201256,playback_audio_bugs,False,STANDARD_TROUBLESHOOTING,EVAL
201258,eval_user_20029,True,Thu Nov 09 14:00:00 +0000 2023,@SpotifyCares 2-factor authentication code is arriving on a phone number I don't recognize,201259,,account_access,True,SECURITY_RISK,EVAL
201259,SpotifyCares,False,Thu Nov 09 14:05:00 +0000 2023,We take account security very seriously! Please send us a DM immediately with your original email and receipt of purchase so our security team can lock and restore your account.,,201258,account_access,True,SECURITY_RISK,EVAL
201260,eval_user_20030,True,Thu Nov 09 14:00:00 +0000 2023,@SpotifyCares why was my Visa charged full price when I submitted my university enrollment proof?,201261,,subscription_billing,True,FINANCIAL_DISPUTE,EVAL
201261,SpotifyCares,False,Thu Nov 09 14:05:00 +0000 2023,We understand your concern! Please DM us your account username and receipt date so a billing specialist can review your cancellation timestamp and process your refund.,,201260,subscription_billing,True,FINANCIAL_DISPUTE,EVAL
201262,eval_user_20031,True,Thu Nov 09 14:00:00 +0000 2023,@SpotifyCares Google Nest audio group keeps desyncing when streaming Spotify playlists,201263,,device_connectivity,False,STANDARD_TROUBLESHOOTING,EVAL
201263,SpotifyCares,False,Thu Nov 09 14:05:00 +0000 2023,"Hey! On your Windows 11 PC, go to Settings > General > CarPlay, select your vehicle, and check if Spotify is listed under customized apps. Also try restarting your car head unit.",,201262,device_connectivity,False,STANDARD_TROUBLESHOOTING,EVAL
201264,eval_user_20032,True,Thu Nov 09 14:00:00 +0000 2023,@SpotifyCares explicit lyrics toggle is stuck and keeps filtering profanity on my favorite hip hop album,201265,,content_availability,False,STANDARD_TROUBLESHOOTING,EVAL
201265,SpotifyCares,False,Thu Nov 09 14:05:00 +0000 2023,Hi! Content availability is managed directly by artists and their record labels or distributors. We hope to make their music available again soon!,,201264,content_availability,False,STANDARD_TROUBLESHOOTING,EVAL
201266,eval_user_20033,True,Thu Nov 09 14:00:00 +0000 2023,@SpotifyCares album artwork covers are blurry and low-resolution in full screen mode,201267,,app_ui_features,False,STANDARD_TROUBLESHOOTING,EVAL
201267,SpotifyCares,False,Thu Nov 09 14:05:00 +0000 2023,"Hey! Lyrics are provided via Musixmatch and availability varies by track and territory. If lyrics are missing across all songs, try logging out and logging back in to refresh your app data.",,201266,app_ui_features,False,STANDARD_TROUBLESHOOTING,EVAL
201268,eval_user_20034,True,Thu Nov 09 14:00:00 +0000 2023,"@SpotifyCares shoutout to whoever curated the new indie playlist, absolute perfection",201269,,chitchat_feedback_venting,True,HIGH_CHURN_RISK,EVAL
201269,SpotifyCares,False,Thu Nov 09 14:05:00 +0000 2023,We appreciate the candid feedback and are always sharing user impressions with our design team. Let us know if a specific feature is causing trouble.,,201268,chitchat_feedback_venting,True,HIGH_CHURN_RISK,EVAL
201270,eval_user_20035,True,Thu Nov 09 14:00:00 +0000 2023,@SpotifyCares paid for my subscription today but my tracks still refuse to play offline on Samsung S23,201271,,playback_audio_bugs,False,STANDARD_TROUBLESHOOTING,EVAL
201271,SpotifyCares,False,Thu Nov 09 14:05:00 +0000 2023,"Hey there! Let's try performing a clean reinstall. Head to Settings > Storage > Clear Cache, delete the app, restart your Samsung S23, and reinstall. Let us know if that fixes it!",,201270,playback_audio_bugs,False,STANDARD_TROUBLESHOOTING,EVAL
201272,eval_user_20036,True,Thu Nov 09 14:00:00 +0000 2023,@SpotifyCares locked out of my account after attempting to sign in while abroad in Japan,201273,,account_access,True,SECURITY_RISK,EVAL
201273,SpotifyCares,False,Thu Nov 09 14:05:00 +0000 2023,"Let's secure your account! Log in to your account page on spotify.com, click 'Sign out everywhere', and change your password right away. If you need more help, DM us.",,201272,account_access,True,SECURITY_RISK,EVAL
201274,eval_user_20037,True,Thu Nov 09 14:00:00 +0000 2023,@SpotifyCares got an email saying my premium tier was downgraded unexpectedly,201275,,subscription_billing,True,FINANCIAL_DISPUTE,EVAL
201275,SpotifyCares,False,Thu Nov 09 14:05:00 +0000 2023,We understand your concern! Please DM us your account username and receipt date so a billing specialist can review your cancellation timestamp and process your refund.,,201274,subscription_billing,True,FINANCIAL_DISPUTE,EVAL
201276,eval_user_20038,True,Thu Nov 09 14:00:00 +0000 2023,@SpotifyCares wireless airplay stream drops whenever I switch apps on my phone,201277,,device_connectivity,False,STANDARD_TROUBLESHOOTING,EVAL
201277,SpotifyCares,False,Thu Nov 09 14:05:00 +0000 2023,"Thanks for reaching out. Try unpairing and re-pairing the Bluetooth connection, then toggle 'Car Mode' off in Spotify Settings > Car to test.",,201276,device_connectivity,False,STANDARD_TROUBLESHOOTING,EVAL
201278,eval_user_20039,True,Thu Nov 09 14:00:00 +0000 2023,"@SpotifyCares whole artist page is blank except for two live recordings, did copyright expire?",201279,,content_availability,False,STANDARD_TROUBLESHOOTING,EVAL
201279,SpotifyCares,False,Thu Nov 09 14:05:00 +0000 2023,"Hi there! If you are on a Family Plan, make sure the Plan Manager hasn't toggled explicit content off for your sub-account in their Family settings.",,201278,content_availability,False,STANDARD_TROUBLESHOOTING,EVAL
201280,eval_user_20040,True,Thu Nov 09 14:00:00 +0000 2023,@SpotifyCares album artwork covers are blurry and low-resolution in full screen mode,201281,,app_ui_features,False,STANDARD_TROUBLESHOOTING,EVAL
201281,SpotifyCares,False,Thu Nov 09 14:05:00 +0000 2023,"Oh no! Try restarting your iPhone 14 and clearing cache in Settings > Storage > Clear Cache. If that doesn't fix the search bar, a clean reinstall will refresh the index.",,201280,app_ui_features,False,STANDARD_TROUBLESHOOTING,EVAL
201282,eval_user_20041,True,Thu Nov 09 14:00:00 +0000 2023,@SpotifyCares I swear this platform becomes more clunky with every single revision,201283,,chitchat_feedback_venting,True,HIGH_CHURN_RISK,EVAL
201283,SpotifyCares,False,Thu Nov 09 14:05:00 +0000 2023,"We're really sorry to hear you're frustrated. If there's a specific issue or bug you're experiencing, let us know and we'd love to help troubleshoot.",,201282,chitchat_feedback_venting,True,HIGH_CHURN_RISK,EVAL
201284,eval_user_20042,True,Thu Nov 09 14:00:00 +0000 2023,"@SpotifyCares tunes freeze every minute on my phone, app is totally buggin out today",201285,,playback_audio_bugs,False,STANDARD_TROUBLESHOOTING,EVAL
201285,SpotifyCares,False,Thu Nov 09 14:05:00 +0000 2023,"Hey! This usually happens due to battery optimization. Go to Samsung S23 Settings > Apps > Spotify > Battery, and set it to 'Unrestricted'. That should prevent it from going to sleep.",,201284,playback_audio_bugs,False,STANDARD_TROUBLESHOOTING,EVAL
201286,eval_user_20043,True,Thu Nov 09 14:00:00 +0000 2023,@SpotifyCares locked out of my account after attempting to sign in while abroad in Japan,201287,,account_access,True,SECURITY_RISK,EVAL
201287,SpotifyCares,False,Thu Nov 09 14:05:00 +0000 2023,"Hey! Try clearing cookies and cache on your default mobile browser (Safari/Chrome), as the app uses browser webviews for authentication tokens.",,201286,account_access,True,SECURITY_RISK,EVAL
201288,eval_user_20044,True,Thu Nov 09 14:00:00 +0000 2023,@SpotifyCares why was my Visa charged full price when I submitted my university enrollment proof?,201289,,subscription_billing,True,FINANCIAL_DISPUTE,EVAL
201289,SpotifyCares,False,Thu Nov 09 14:05:00 +0000 2023,We understand your concern! Please DM us your account username and receipt date so a billing specialist can review your cancellation timestamp and process your refund.,,201288,subscription_billing,True,FINANCIAL_DISPUTE,EVAL
201290,eval_user_20045,True,Thu Nov 09 14:00:00 +0000 2023,@SpotifyCares Google Nest audio group keeps desyncing when streaming Spotify playlists,201291,,device_connectivity,False,STANDARD_TROUBLESHOOTING,EVAL
201291,SpotifyCares,False,Thu Nov 09 14:05:00 +0000 2023,"Hi! Some Sonos devices only communicate over 2.4GHz. Check if your router separates 2.4GHz and 5GHz bands, and make sure Local Network access is enabled in your Settings > Spotify.",,201290,device_connectivity,False,STANDARD_TROUBLESHOOTING,EVAL
201292,eval_user_20046,True,Thu Nov 09 14:00:00 +0000 2023,@SpotifyCares why is the instrumental bonus version of this single unavailable in Canada?,201293,,content_availability,False,STANDARD_TROUBLESHOOTING,EVAL
201293,SpotifyCares,False,Thu Nov 09 14:05:00 +0000 2023,Hi! Content availability is managed directly by artists and their record labels or distributors. We hope to make their music available again soon!,,201292,content_availability,False,STANDARD_TROUBLESHOOTING,EVAL
201294,eval_user_20047,True,Thu Nov 09 14:00:00 +0000 2023,@SpotifyCares how do I pin an album to the top of my library view on MacBook Pro?,201295,,app_ui_features,False,STANDARD_TROUBLESHOOTING,EVAL
201295,SpotifyCares,False,Thu Nov 09 14:05:00 +0000 2023,Thanks for the feedback! Swipe to queue is currently available on iOS and select Android builds as part of ongoing UI testing.,,201294,app_ui_features,False,STANDARD_TROUBLESHOOTING,EVAL
201296,eval_user_20048,True,Thu Nov 09 14:00:00 +0000 2023,@SpotifyCares I swear this platform becomes more clunky with every single revision,201297,,chitchat_feedback_venting,True,HIGH_CHURN_RISK,EVAL
201297,SpotifyCares,False,Thu Nov 09 14:05:00 +0000 2023,"We're really sorry to hear you're frustrated. If there's a specific issue or bug you're experiencing, let us know and we'd love to help troubleshoot.",,201296,chitchat_feedback_venting,True,HIGH_CHURN_RISK,EVAL
201298,eval_user_20049,True,Thu Nov 09 14:00:00 +0000 2023,@SpotifyCares earphones making weird robotic static noise whenever high quality streaming is active,201299,,playback_audio_bugs,False,STANDARD_TROUBLESHOOTING,EVAL
201299,SpotifyCares,False,Thu Nov 09 14:05:00 +0000 2023,"Oh no! Could you check if your web player at open.spotify.com behaves the same way? If it only happens in the app, clearing cache in Settings > Storage usually does the trick.",,201298,playback_audio_bugs,False,STANDARD_TROUBLESHOOTING,EVAL
201300,eval_user_20050,True,Thu Nov 09 14:00:00 +0000 2023,@SpotifyCares 2-factor authentication code is arriving on a phone number I don't recognize,201301,,account_access,True,SECURITY_RISK,EVAL
201301,SpotifyCares,False,Thu Nov 09 14:05:00 +0000 2023,"Hey! Try clearing cookies and cache on your default mobile browser (Safari/Chrome), as the app uses browser webviews for authentication tokens.",,201300,account_access,True,SECURITY_RISK,EVAL
201302,eval_user_20051,True,Thu Nov 09 14:00:00 +0000 2023,@SpotifyCares card declined for monthly renewal even though balance is sufficient,201303,,subscription_billing,True,FINANCIAL_DISPUTE,EVAL
201303,SpotifyCares,False,Thu Nov 09 14:05:00 +0000 2023,We understand your concern! Please DM us your account username and receipt date so a billing specialist can review your cancellation timestamp and process your refund.,,201302,subscription_billing,True,FINANCIAL_DISPUTE,EVAL
201304,eval_user_20052,True,Thu Nov 09 14:00:00 +0000 2023,@SpotifyCares smart speaker casting disconnects after one song on iPad Pro,201305,,device_connectivity,False,STANDARD_TROUBLESHOOTING,EVAL
201305,SpotifyCares,False,Thu Nov 09 14:05:00 +0000 2023,"Hey! On your iPad Pro, go to Settings > General > CarPlay, select your vehicle, and check if Spotify is listed under customized apps. Also try restarting your car head unit.",,201304,device_connectivity,False,STANDARD_TROUBLESHOOTING,EVAL
201306,eval_user_20053,True,Thu Nov 09 14:00:00 +0000 2023,@SpotifyCares licensing restriction says content not available in your region when traveling abroad,201307,,content_availability,False,STANDARD_TROUBLESHOOTING,EVAL
201307,SpotifyCares,False,Thu Nov 09 14:05:00 +0000 2023,"Hey! When songs appear greyed out, it is typically due to regional licensing agreements or changes by the rights holders. If you have 'Show unplayable songs' turned on in Settings, that highlights tracks currently restricted.",,201306,content_availability,False,STANDARD_TROUBLESHOOTING,EVAL
201308,eval_user_20054,True,Thu Nov 09 14:00:00 +0000 2023,@SpotifyCares album artwork covers are blurry and low-resolution in full screen mode,201309,,app_ui_features,False,STANDARD_TROUBLESHOOTING,EVAL
201309,SpotifyCares,False,Thu Nov 09 14:05:00 +0000 2023,Hey! Swipe down slightly at the top of your Liked Songs playlist to reveal the search and 'Sort' bar. Tap 'Sort' and pick 'Artist' from the list.,,201308,app_ui_features,False,STANDARD_TROUBLESHOOTING,EVAL
201310,eval_user_20055,True,Thu Nov 09 14:00:00 +0000 2023,@SpotifyCares my head hurts from dealing with this app all day,201311,,chitchat_feedback_venting,True,HIGH_CHURN_RISK,EVAL
201311,SpotifyCares,False,Thu Nov 09 14:05:00 +0000 2023,Thank you so much! We are thrilled you're loving Wrapped this year! 🎧✨,,201310,chitchat_feedback_venting,True,HIGH_CHURN_RISK,EVAL
201312,eval_user_20056,True,Thu Nov 09 14:00:00 +0000 2023,"@SpotifyCares tunes freeze every minute on my phone, app is totally buggin out today",201313,,playback_audio_bugs,False,STANDARD_TROUBLESHOOTING,EVAL
201313,SpotifyCares,False,Thu Nov 09 14:05:00 +0000 2023,"Hi! Downloads can be removed if you switch offline mode off for over 30 days or reinstall the app. Try toggling Offline Mode off and on in Settings > Playback, then re-download over WiFi.",,201312,playback_audio_bugs,False,STANDARD_TROUBLESHOOTING,EVAL
201314,eval_user_20057,True,Thu Nov 09 14:00:00 +0000 2023,@SpotifyCares locked out of my account after attempting to sign in while abroad in Japan,201315,,account_access,True,SECURITY_RISK,EVAL
201315,SpotifyCares,False,Thu Nov 09 14:05:00 +0000 2023,"Let's secure your account! Log in to your account page on spotify.com, click 'Sign out everywhere', and change your password right away. If you need more help, DM us.",,201314,account_access,True,SECURITY_RISK,EVAL
201316,eval_user_20058,True,Thu Nov 09 14:00:00 +0000 2023,@SpotifyCares how come my subscription cost increased by $2 without any prior notification?,201317,,subscription_billing,True,FINANCIAL_DISPUTE,EVAL
201317,SpotifyCares,False,Thu Nov 09 14:05:00 +0000 2023,We understand your concern! Please DM us your account username and receipt date so a billing specialist can review your cancellation timestamp and process your refund.,,201316,subscription_billing,True,FINANCIAL_DISPUTE,EVAL
201318,eval_user_20059,True,Thu Nov 09 14:00:00 +0000 2023,@SpotifyCares Google Nest audio group keeps desyncing when streaming Spotify playlists,201319,,device_connectivity,False,STANDARD_TROUBLESHOOTING,EVAL
201319,SpotifyCares,False,Thu Nov 09 14:05:00 +0000 2023,"Hey! On your Windows 11 PC, go to Settings > General > CarPlay, select your vehicle, and check if Spotify is listed under customized apps. Also try restarting your car head unit.",,201318,device_connectivity,False,STANDARD_TROUBLESHOOTING,EVAL
201320,eval_user_20060,True,Thu Nov 09 14:00:00 +0000 2023,@SpotifyCares licensing restriction says content not available in your region when traveling abroad,201321,,content_availability,False,STANDARD_TROUBLESHOOTING,EVAL
201321,SpotifyCares,False,Thu Nov 09 14:05:00 +0000 2023,"Hey! When songs appear greyed out, it is typically due to regional licensing agreements or changes by the rights holders. If you have 'Show unplayable songs' turned on in Settings, that highlights tracks currently restricted.",,201320,content_availability,False,STANDARD_TROUBLESHOOTING,EVAL
201322,eval_user_20061,True,Thu Nov 09 14:00:00 +0000 2023,@SpotifyCares how do I pin an album to the top of my library view on Pixel 8?,201323,,app_ui_features,False,STANDARD_TROUBLESHOOTING,EVAL
201323,SpotifyCares,False,Thu Nov 09 14:05:00 +0000 2023,"Hey! Lyrics are provided via Musixmatch and availability varies by track and territory. If lyrics are missing across all songs, try logging out and logging back in to refresh your app data.",,201322,app_ui_features,False,STANDARD_TROUBLESHOOTING,EVAL
201324,eval_user_20062,True,Thu Nov 09 14:00:00 +0000 2023,"@SpotifyCares shoutout to whoever curated the new indie playlist, absolute perfection",201325,,chitchat_feedback_venting,True,HIGH_CHURN_RISK,EVAL
201325,SpotifyCares,False,Thu Nov 09 14:05:00 +0000 2023,You're very welcome! We're always here to help. Enjoy the tunes and have a fantastic weekend! 🎶,,201324,chitchat_feedback_venting,True,HIGH_CHURN_RISK,EVAL
201326,eval_user_20063,True,Thu Nov 09 14:00:00 +0000 2023,@SpotifyCares volume randomly drops to zero halfway through every podcast episode,201327,,playback_audio_bugs,False,STANDARD_TROUBLESHOOTING,EVAL
201327,SpotifyCares,False,Thu Nov 09 14:05:00 +0000 2023,Thanks for reporting! Try disabling 'Hardware Acceleration' in Spotify Settings > Show Advanced Settings. Then restart the app and see if the audio clears up.,,201326,playback_audio_bugs,False,STANDARD_TROUBLESHOOTING,EVAL
201328,eval_user_20064,True,Thu Nov 09 14:00:00 +0000 2023,@SpotifyCares 2-factor authentication code is arriving on a phone number I don't recognize,201329,,account_access,True,SECURITY_RISK,EVAL
201329,SpotifyCares,False,Thu Nov 09 14:05:00 +0000 2023,"Hi there. Make sure the email you entered matches the one on file. If you originally signed up via Facebook or Apple ID, use those buttons on the login screen instead!",,201328,account_access,True,SECURITY_RISK,EVAL
201330,eval_user_20065,True,Thu Nov 09 14:00:00 +0000 2023,@SpotifyCares why was my Visa charged full price when I submitted my university enrollment proof?,201331,,subscription_billing,True,FINANCIAL_DISPUTE,EVAL
201331,SpotifyCares,False,Thu Nov 09 14:05:00 +0000 2023,Hey! All Family Plan members must reside at the exact same physical address. Make sure she types the address exactly character-for-character as shown in the plan manager's account page.,,201330,subscription_billing,True,FINANCIAL_DISPUTE,EVAL
201332,eval_user_20066,True,Thu Nov 09 14:00:00 +0000 2023,@SpotifyCares receiver displays 'Connecting...' indefinitely when selecting it via Spotify Connect,201333,,device_connectivity,False,STANDARD_TROUBLESHOOTING,EVAL
201333,SpotifyCares,False,Thu Nov 09 14:05:00 +0000 2023,"Thanks for reaching out. Try unpairing and re-pairing the Bluetooth connection, then toggle 'Car Mode' off in Spotify Settings > Car to test.",,201332,device_connectivity,False,STANDARD_TROUBLESHOOTING,EVAL
201334,eval_user_20067,True,Thu Nov 09 14:00:00 +0000 2023,"@SpotifyCares whole artist page is blank except for two live recordings, did copyright expire?",201335,,content_availability,False,STANDARD_TROUBLESHOOTING,EVAL
201335,SpotifyCares,False,Thu Nov 09 14:05:00 +0000 2023,"Hi there! If you are on a Family Plan, make sure the Plan Manager hasn't toggled explicit content off for your sub-account in their Family settings.",,201334,content_availability,False,STANDARD_TROUBLESHOOTING,EVAL
201336,eval_user_20068,True,Thu Nov 09 14:00:00 +0000 2023,@SpotifyCares how do I pin an album to the top of my library view on Samsung S23?,201337,,app_ui_features,False,STANDARD_TROUBLESHOOTING,EVAL
201337,SpotifyCares,False,Thu Nov 09 14:05:00 +0000 2023,"Oh no! Try restarting your Samsung S23 and clearing cache in Settings > Storage > Clear Cache. If that doesn't fix the search bar, a clean reinstall will refresh the index.",,201336,app_ui_features,False,STANDARD_TROUBLESHOOTING,EVAL
201338,eval_user_20069,True,Thu Nov 09 14:00:00 +0000 2023,@SpotifyCares your service is an absolute joke compared to Tidal,201339,,chitchat_feedback_venting,True,HIGH_CHURN_RISK,EVAL
201339,SpotifyCares,False,Thu Nov 09 14:05:00 +0000 2023,"We're really sorry to hear you're frustrated. If there's a specific issue or bug you're experiencing, let us know and we'd love to help troubleshoot.",,201338,chitchat_feedback_venting,True,HIGH_CHURN_RISK,EVAL
201340,eval_user_20070,True,Thu Nov 09 14:00:00 +0000 2023,"@SpotifyCares tunes freeze every minute on my phone, app is totally buggin out today",201341,,playback_audio_bugs,False,STANDARD_TROUBLESHOOTING,EVAL
201341,SpotifyCares,False,Thu Nov 09 14:05:00 +0000 2023,Thanks for reporting! Try disabling 'Hardware Acceleration' in Spotify Settings > Show Advanced Settings. Then restart the app and see if the audio clears up.,,201340,playback_audio_bugs,False,STANDARD_TROUBLESHOOTING,EVAL
201342,eval_user_20071,True,Thu Nov 09 14:00:00 +0000 2023,@SpotifyCares oauth token expired when trying to authenticate via third party credentials,201343,,account_access,True,SECURITY_RISK,EVAL
201343,SpotifyCares,False,Thu Nov 09 14:05:00 +0000 2023,"Hi there. Make sure the email you entered matches the one on file. If you originally signed up via Facebook or Apple ID, use those buttons on the login screen instead!",,201342,account_access,True,SECURITY_RISK,EVAL
201344,eval_user_20072,True,Thu Nov 09 14:00:00 +0000 2023,@SpotifyCares why was my Visa charged full price when I submitted my university enrollment proof?,201345,,subscription_billing,True,FINANCIAL_DISPUTE,EVAL
201345,SpotifyCares,False,Thu Nov 09 14:05:00 +0000 2023,We understand your concern! Please DM us your account username and receipt date so a billing specialist can review your cancellation timestamp and process your refund.,,201344,subscription_billing,True,FINANCIAL_DISPUTE,EVAL
201346,eval_user_20073,True,Thu Nov 09 14:00:00 +0000 2023,@SpotifyCares receiver displays 'Connecting...' indefinitely when selecting it via Spotify Connect,201347,,device_connectivity,False,STANDARD_TROUBLESHOOTING,EVAL
201347,SpotifyCares,False,Thu Nov 09 14:05:00 +0000 2023,"Thanks for reaching out. Try unpairing and re-pairing the Bluetooth connection, then toggle 'Car Mode' off in Spotify Settings > Car to test.",,201346,device_connectivity,False,STANDARD_TROUBLESHOOTING,EVAL
201348,eval_user_20074,True,Thu Nov 09 14:00:00 +0000 2023,@SpotifyCares why is the instrumental bonus version of this single unavailable in Canada?,201349,,content_availability,False,STANDARD_TROUBLESHOOTING,EVAL
201349,SpotifyCares,False,Thu Nov 09 14:05:00 +0000 2023,Hey! It can take a short while for newly published podcast episodes to propagate across all CDN servers. Try clearing your app cache and checking again in 30 minutes.,,201348,content_availability,False,STANDARD_TROUBLESHOOTING,EVAL
201350,eval_user_20075,True,Thu Nov 09 14:00:00 +0000 2023,@SpotifyCares mini-player widget on lockscreen vanished after updating Windows 11 PC,201351,,app_ui_features,False,STANDARD_TROUBLESHOOTING,EVAL
201351,SpotifyCares,False,Thu Nov 09 14:05:00 +0000 2023,"Oh no! Try restarting your Windows 11 PC and clearing cache in Settings > Storage > Clear Cache. If that doesn't fix the search bar, a clean reinstall will refresh the index.",,201350,app_ui_features,False,STANDARD_TROUBLESHOOTING,EVAL
201352,eval_user_20076,True,Thu Nov 09 14:00:00 +0000 2023,@SpotifyCares your service is an absolute joke compared to Tidal,201353,,chitchat_feedback_venting,True,HIGH_CHURN_RISK,EVAL
201353,SpotifyCares,False,Thu Nov 09 14:05:00 +0000 2023,We appreciate the candid feedback and are always sharing user impressions with our design team. Let us know if a specific feature is causing trouble.,,201352,chitchat_feedback_venting,True,HIGH_CHURN_RISK,EVAL
201354,eval_user_20077,True,Thu Nov 09 14:00:00 +0000 2023,@SpotifyCares tracks keep buffering forever on wifi even though youtube works fine,201355,,playback_audio_bugs,False,STANDARD_TROUBLESHOOTING,EVAL
201355,SpotifyCares,False,Thu Nov 09 14:05:00 +0000 2023,"Hi! Downloads can be removed if you switch offline mode off for over 30 days or reinstall the app. Try toggling Offline Mode off and on in Settings > Playback, then re-download over WiFi.",,201354,playback_audio_bugs,False,STANDARD_TROUBLESHOOTING,EVAL
201356,eval_user_20078,True,Thu Nov 09 14:00:00 +0000 2023,@SpotifyCares 2-factor authentication code is arriving on a phone number I don't recognize,201357,,account_access,True,SECURITY_RISK,EVAL
201357,SpotifyCares,False,Thu Nov 09 14:05:00 +0000 2023,"Let's secure your account! Log in to your account page on spotify.com, click 'Sign out everywhere', and change your password right away. If you need more help, DM us.",,201356,account_access,True,SECURITY_RISK,EVAL
201358,eval_user_20079,True,Thu Nov 09 14:00:00 +0000 2023,@SpotifyCares got an email saying my premium tier was downgraded unexpectedly,201359,,subscription_billing,True,FINANCIAL_DISPUTE,EVAL
201359,SpotifyCares,False,Thu Nov 09 14:05:00 +0000 2023,We understand your concern! Please DM us your account username and receipt date so a billing specialist can review your cancellation timestamp and process your refund.,,201358,subscription_billing,True,FINANCIAL_DISPUTE,EVAL
201360,eval_user_20080,True,Thu Nov 09 14:00:00 +0000 2023,@SpotifyCares car dashboard media player shows song info but no sound comes out of the vehicle speakers,201361,,device_connectivity,False,STANDARD_TROUBLESHOOTING,EVAL
201361,SpotifyCares,False,Thu Nov 09 14:05:00 +0000 2023,"Hey! In the Alexa app, go to More > Settings > Music & Podcasts, unlink Spotify, and re-link your account. A quick router reboot also helps refresh the handshake!",,201360,device_connectivity,False,STANDARD_TROUBLESHOOTING,EVAL
201362,eval_user_20081,True,Thu Nov 09 14:00:00 +0000 2023,@SpotifyCares licensing restriction says content not available in your region when traveling abroad,201363,,content_availability,False,STANDARD_TROUBLESHOOTING,EVAL
201363,SpotifyCares,False,Thu Nov 09 14:05:00 +0000 2023,Hi! Content availability is managed directly by artists and their record labels or distributors. We hope to make their music available again soon!,,201362,content_availability,False,STANDARD_TROUBLESHOOTING,EVAL
201364,eval_user_20082,True,Thu Nov 09 14:00:00 +0000 2023,@SpotifyCares font size on the desktop client is ridiculously tiny after the latest patch,201365,,app_ui_features,False,STANDARD_TROUBLESHOOTING,EVAL
201365,SpotifyCares,False,Thu Nov 09 14:05:00 +0000 2023,"Oh no! Try restarting your iPad Pro and clearing cache in Settings > Storage > Clear Cache. If that doesn't fix the search bar, a clean reinstall will refresh the index.",,201364,app_ui_features,False,STANDARD_TROUBLESHOOTING,EVAL
201366,eval_user_20083,True,Thu Nov 09 14:00:00 +0000 2023,@SpotifyCares I swear this platform becomes more clunky with every single revision,201367,,chitchat_feedback_venting,True,HIGH_CHURN_RISK,EVAL
201367,SpotifyCares,False,Thu Nov 09 14:05:00 +0000 2023,"We're really sorry to hear you're frustrated. If there's a specific issue or bug you're experiencing, let us know and we'd love to help troubleshoot.",,201366,chitchat_feedback_venting,True,HIGH_CHURN_RISK,EVAL
201368,eval_user_20084,True,Thu Nov 09 14:00:00 +0000 2023,@SpotifyCares volume randomly drops to zero halfway through every podcast episode,201369,,playback_audio_bugs,False,STANDARD_TROUBLESHOOTING,EVAL
201369,SpotifyCares,False,Thu Nov 09 14:05:00 +0000 2023,"Oh no! Could you check if your web player at open.spotify.com behaves the same way? If it only happens in the app, clearing cache in Settings > Storage usually does the trick.",,201368,playback_audio_bugs,False,STANDARD_TROUBLESHOOTING,EVAL
201370,eval_user_20085,True,Thu Nov 09 14:00:00 +0000 2023,@SpotifyCares oauth token expired when trying to authenticate via third party credentials,201371,,account_access,True,SECURITY_RISK,EVAL
201371,SpotifyCares,False,Thu Nov 09 14:05:00 +0000 2023,"Hey! Try clearing cookies and cache on your default mobile browser (Safari/Chrome), as the app uses browser webviews for authentication tokens.",,201370,account_access,True,SECURITY_RISK,EVAL
201372,eval_user_20086,True,Thu Nov 09 14:00:00 +0000 2023,@SpotifyCares card declined for monthly renewal even though balance is sufficient,201373,,subscription_billing,True,FINANCIAL_DISPUTE,EVAL
201373,SpotifyCares,False,Thu Nov 09 14:05:00 +0000 2023,Hey! All Family Plan members must reside at the exact same physical address. Make sure she types the address exactly character-for-character as shown in the plan manager's account page.,,201372,subscription_billing,True,FINANCIAL_DISPUTE,EVAL
201374,eval_user_20087,True,Thu Nov 09 14:00:00 +0000 2023,@SpotifyCares wireless airplay stream drops whenever I switch apps on my phone,201375,,device_connectivity,False,STANDARD_TROUBLESHOOTING,EVAL
201375,SpotifyCares,False,Thu Nov 09 14:05:00 +0000 2023,"Hi! Some Sonos devices only communicate over 2.4GHz. Check if your router separates 2.4GHz and 5GHz bands, and make sure Local Network access is enabled in your Settings > Spotify.",,201374,device_connectivity,False,STANDARD_TROUBLESHOOTING,EVAL
201376,eval_user_20088,True,Thu Nov 09 14:00:00 +0000 2023,@SpotifyCares certain tracks in my playlist are dimmed and skip automatically without playing,201377,,content_availability,False,STANDARD_TROUBLESHOOTING,EVAL
201377,SpotifyCares,False,Thu Nov 09 14:05:00 +0000 2023,Hi! Content availability is managed directly by artists and their record labels or distributors. We hope to make their music available again soon!,,201376,content_availability,False,STANDARD_TROUBLESHOOTING,EVAL
201378,eval_user_20089,True,Thu Nov 09 14:00:00 +0000 2023,@SpotifyCares how do I pin an album to the top of my library view on iPhone 14?,201379,,app_ui_features,False,STANDARD_TROUBLESHOOTING,EVAL
201379,SpotifyCares,False,Thu Nov 09 14:05:00 +0000 2023,"Hi! The updated layout is permanent, but you can collapse or expand the Your Library view using the icon in the top-left of the sidebar to customize your view.",,201378,app_ui_features,False,STANDARD_TROUBLESHOOTING,EVAL
201380,eval_user_20090,True,Thu Nov 09 14:00:00 +0000 2023,@SpotifyCares your service is an absolute joke compared to Tidal,201381,,chitchat_feedback_venting,True,HIGH_CHURN_RISK,EVAL
201381,SpotifyCares,False,Thu Nov 09 14:05:00 +0000 2023,We appreciate the candid feedback and are always sharing user impressions with our design team. Let us know if a specific feature is causing trouble.,,201380,chitchat_feedback_venting,True,HIGH_CHURN_RISK,EVAL
201382,eval_user_20091,True,Thu Nov 09 14:00:00 +0000 2023,@SpotifyCares paid for my subscription today but my tracks still refuse to play offline on Windows 11 PC,201383,,playback_audio_bugs,False,STANDARD_TROUBLESHOOTING,EVAL
201383,SpotifyCares,False,Thu Nov 09 14:05:00 +0000 2023,"Hey there! Let's try performing a clean reinstall. Head to Settings > Storage > Clear Cache, delete the app, restart your Windows 11 PC, and reinstall. Let us know if that fixes it!",,201382,playback_audio_bugs,False,STANDARD_TROUBLESHOOTING,EVAL
201384,eval_user_20092,True,Thu Nov 09 14:00:00 +0000 2023,"@SpotifyCares can't get inside my profile on Pixel 8, says invalid credentials but I never changed anything",201385,,account_access,True,SECURITY_RISK,EVAL
201385,SpotifyCares,False,Thu Nov 09 14:05:00 +0000 2023,"Hi there. Make sure the email you entered matches the one on file. If you originally signed up via Facebook or Apple ID, use those buttons on the login screen instead!",,201384,account_access,True,SECURITY_RISK,EVAL
201386,eval_user_20093,True,Thu Nov 09 14:00:00 +0000 2023,@SpotifyCares why was my Visa charged full price when I submitted my university enrollment proof?,201387,,subscription_billing,True,FINANCIAL_DISPUTE,EVAL
201387,SpotifyCares,False,Thu Nov 09 14:05:00 +0000 2023,Hey! All Family Plan members must reside at the exact same physical address. Make sure she types the address exactly character-for-character as shown in the plan manager's account page.,,201386,subscription_billing,True,FINANCIAL_DISPUTE,EVAL
201388,eval_user_20094,True,Thu Nov 09 14:00:00 +0000 2023,@SpotifyCares smart speaker casting disconnects after one song on Windows 11 PC,201389,,device_connectivity,False,STANDARD_TROUBLESHOOTING,EVAL
201389,SpotifyCares,False,Thu Nov 09 14:05:00 +0000 2023,"Hey! On your Windows 11 PC, go to Settings > General > CarPlay, select your vehicle, and check if Spotify is listed under customized apps. Also try restarting your car head unit.",,201388,device_connectivity,False,STANDARD_TROUBLESHOOTING,EVAL
201390,eval_user_20095,True,Thu Nov 09 14:00:00 +0000 2023,@SpotifyCares certain tracks in my playlist are dimmed and skip automatically without playing,201391,,content_availability,False,STANDARD_TROUBLESHOOTING,EVAL
201391,SpotifyCares,False,Thu Nov 09 14:05:00 +0000 2023,Hey! It can take a short while for newly published podcast episodes to propagate across all CDN servers. Try clearing your app cache and checking again in 30 minutes.,,201390,content_availability,False,STANDARD_TROUBLESHOOTING,EVAL
201392,eval_user_20096,True,Thu Nov 09 14:00:00 +0000 2023,@SpotifyCares mini-player widget on lockscreen vanished after updating iPhone 15 Pro,201393,,app_ui_features,False,STANDARD_TROUBLESHOOTING,EVAL
201393,SpotifyCares,False,Thu Nov 09 14:05:00 +0000 2023,"Hey! Lyrics are provided via Musixmatch and availability varies by track and territory. If lyrics are missing across all songs, try logging out and logging back in to refresh your app data.",,201392,app_ui_features,False,STANDARD_TROUBLESHOOTING,EVAL
201394,eval_user_20097,True,Thu Nov 09 14:00:00 +0000 2023,@SpotifyCares awesome job charging monthly just to show me a black loading screen every day,201395,,chitchat_feedback_venting,True,HIGH_CHURN_RISK,EVAL
201395,SpotifyCares,False,Thu Nov 09 14:05:00 +0000 2023,"We're really sorry to hear you're frustrated. If there's a specific issue or bug you're experiencing, let us know and we'd love to help troubleshoot.",,201394,chitchat_feedback_venting,True,HIGH_CHURN_RISK,EVAL
201396,eval_user_20098,True,Thu Nov 09 14:00:00 +0000 2023,@SpotifyCares tracks keep buffering forever on wifi even though youtube works fine,201397,,playback_audio_bugs,False,STANDARD_TROUBLESHOOTING,EVAL
201397,SpotifyCares,False,Thu Nov 09 14:05:00 +0000 2023,Thanks for reporting! Try disabling 'Hardware Acceleration' in Spotify Settings > Show Advanced Settings. Then restart the app and see if the audio clears up.,,201396,playback_audio_bugs,False,STANDARD_TROUBLESHOOTING,EVAL
201398,eval_user_20099,True,Thu Nov 09 14:00:00 +0000 2023,@SpotifyCares oauth token expired when trying to authenticate via third party credentials,201399,,account_access,True,SECURITY_RISK,EVAL
201399,SpotifyCares,False,Thu Nov 09 14:05:00 +0000 2023,"Hi there. Make sure the email you entered matches the one on file. If you originally signed up via Facebook or Apple ID, use those buttons on the login screen instead!",,201398,account_access,True,SECURITY_RISK,EVAL
201400,eval_user_20100,True,Thu Nov 09 14:00:00 +0000 2023,@SpotifyCares got an email saying my premium tier was downgraded unexpectedly,201401,,subscription_billing,True,FINANCIAL_DISPUTE,EVAL
201401,SpotifyCares,False,Thu Nov 09 14:05:00 +0000 2023,"We can look into double charges for you right away. Since this involves billing details, please send us a DM with your account email and the last 4 digits of the card charged.",,201400,subscription_billing,True,FINANCIAL_DISPUTE,EVAL
201402,eval_user_20101,True,Thu Nov 09 14:00:00 +0000 2023,@SpotifyCares Google Nest audio group keeps desyncing when streaming Spotify playlists,201403,,device_connectivity,False,STANDARD_TROUBLESHOOTING,EVAL
201403,SpotifyCares,False,Thu Nov 09 14:05:00 +0000 2023,"Thanks for reaching out. Try unpairing and re-pairing the Bluetooth connection, then toggle 'Car Mode' off in Spotify Settings > Car to test.",,201402,device_connectivity,False,STANDARD_TROUBLESHOOTING,EVAL
201404,eval_user_20102,True,Thu Nov 09 14:00:00 +0000 2023,@SpotifyCares explicit lyrics toggle is stuck and keeps filtering profanity on my favorite hip hop album,201405,,content_availability,False,STANDARD_TROUBLESHOOTING,EVAL
201405,SpotifyCares,False,Thu Nov 09 14:05:00 +0000 2023,Hey! It can take a short while for newly published podcast episodes to propagate across all CDN servers. Try clearing your app cache and checking again in 30 minutes.,,201404,content_availability,False,STANDARD_TROUBLESHOOTING,EVAL
201406,eval_user_20103,True,Thu Nov 09 14:00:00 +0000 2023,@SpotifyCares font size on the desktop client is ridiculously tiny after the latest patch,201407,,app_ui_features,False,STANDARD_TROUBLESHOOTING,EVAL
201407,SpotifyCares,False,Thu Nov 09 14:05:00 +0000 2023,"Hey! Lyrics are provided via Musixmatch and availability varies by track and territory. If lyrics are missing across all songs, try logging out and logging back in to refresh your app data.",,201406,app_ui_features,False,STANDARD_TROUBLESHOOTING,EVAL
201408,eval_user_20104,True,Thu Nov 09 14:00:00 +0000 2023,@SpotifyCares awesome job charging monthly just to show me a black loading screen every day,201409,,chitchat_feedback_venting,True,HIGH_CHURN_RISK,EVAL
201409,SpotifyCares,False,Thu Nov 09 14:05:00 +0000 2023,Thank you so much! We are thrilled you're loving Wrapped this year! 🎧✨,,201408,chitchat_feedback_venting,True,HIGH_CHURN_RISK,EVAL
201410,eval_user_20105,True,Thu Nov 09 14:00:00 +0000 2023,@SpotifyCares tracks keep buffering forever on wifi even though youtube works fine,201411,,playback_audio_bugs,False,STANDARD_TROUBLESHOOTING,EVAL
201411,SpotifyCares,False,Thu Nov 09 14:05:00 +0000 2023,"Hey! This usually happens due to battery optimization. Go to iPhone 15 Pro Settings > Apps > Spotify > Battery, and set it to 'Unrestricted'. That should prevent it from going to sleep.",,201410,playback_audio_bugs,False,STANDARD_TROUBLESHOOTING,EVAL
201412,eval_user_20106,True,Thu Nov 09 14:00:00 +0000 2023,"@SpotifyCares can't get inside my profile on MacBook Pro, says invalid credentials but I never changed anything",201413,,account_access,True,SECURITY_RISK,EVAL
201413,SpotifyCares,False,Thu Nov 09 14:05:00 +0000 2023,"Hi there. Make sure the email you entered matches the one on file. If you originally signed up via Facebook or Apple ID, use those buttons on the login screen instead!",,201412,account_access,True,SECURITY_RISK,EVAL
201414,eval_user_20107,True,Thu Nov 09 14:00:00 +0000 2023,@SpotifyCares got an email saying my premium tier was downgraded unexpectedly,201415,,subscription_billing,True,FINANCIAL_DISPUTE,EVAL
201415,SpotifyCares,False,Thu Nov 09 14:05:00 +0000 2023,"Hi! SheerID requires the document to clearly display your full name, university name, and an issue date within the current academic term. Check out support.spotify.com/article/student-discount/ for details.",,201414,subscription_billing,True,FINANCIAL_DISPUTE,EVAL
201416,eval_user_20108,True,Thu Nov 09 14:00:00 +0000 2023,@SpotifyCares wireless airplay stream drops whenever I switch apps on my phone,201417,,device_connectivity,False,STANDARD_TROUBLESHOOTING,EVAL
201417,SpotifyCares,False,Thu Nov 09 14:05:00 +0000 2023,"Hi! Some Sonos devices only communicate over 2.4GHz. Check if your router separates 2.4GHz and 5GHz bands, and make sure Local Network access is enabled in your Settings > Spotify.",,201416,device_connectivity,False,STANDARD_TROUBLESHOOTING,EVAL
201418,eval_user_20109,True,Thu Nov 09 14:00:00 +0000 2023,"@SpotifyCares whole artist page is blank except for two live recordings, did copyright expire?",201419,,content_availability,False,STANDARD_TROUBLESHOOTING,EVAL
201419,SpotifyCares,False,Thu Nov 09 14:05:00 +0000 2023,"Hi there! If you are on a Family Plan, make sure the Plan Manager hasn't toggled explicit content off for your sub-account in their Family settings.",,201418,content_availability,False,STANDARD_TROUBLESHOOTING,EVAL
201420,eval_user_20110,True,Thu Nov 09 14:00:00 +0000 2023,@SpotifyCares how do I pin an album to the top of my library view on iPad Pro?,201421,,app_ui_features,False,STANDARD_TROUBLESHOOTING,EVAL
201421,SpotifyCares,False,Thu Nov 09 14:05:00 +0000 2023,"Hey! Lyrics are provided via Musixmatch and availability varies by track and territory. If lyrics are missing across all songs, try logging out and logging back in to refresh your app data.",,201420,app_ui_features,False,STANDARD_TROUBLESHOOTING,EVAL
201422,eval_user_20111,True,Thu Nov 09 14:00:00 +0000 2023,"@SpotifyCares customer support rep named Alex was super helpful this morning, please give them a raise!",201423,,chitchat_feedback_venting,True,HIGH_CHURN_RISK,EVAL
201423,SpotifyCares,False,Thu Nov 09 14:05:00 +0000 2023,Thank you so much! We are thrilled you're loving Wrapped this year! 🎧✨,,201422,chitchat_feedback_venting,True,HIGH_CHURN_RISK,EVAL
201424,eval_user_20112,True,Thu Nov 09 14:00:00 +0000 2023,@SpotifyCares paid for my subscription today but my tracks still refuse to play offline on iPhone 14,201425,,playback_audio_bugs,False,STANDARD_TROUBLESHOOTING,EVAL
201425,SpotifyCares,False,Thu Nov 09 14:05:00 +0000 2023,"Hi! Downloads can be removed if you switch offline mode off for over 30 days or reinstall the app. Try toggling Offline Mode off and on in Settings > Playback, then re-download over WiFi.",,201424,playback_audio_bugs,False,STANDARD_TROUBLESHOOTING,EVAL
201426,eval_user_20113,True,Thu Nov 09 14:00:00 +0000 2023,"@SpotifyCares can't get inside my profile on Samsung S23, says invalid credentials but I never changed anything",201427,,account_access,True,SECURITY_RISK,EVAL
201427,SpotifyCares,False,Thu Nov 09 14:05:00 +0000 2023,"Let's secure your account! Log in to your account page on spotify.com, click 'Sign out everywhere', and change your password right away. If you need more help, DM us.",,201426,account_access,True,SECURITY_RISK,EVAL
201428,eval_user_20114,True,Thu Nov 09 14:00:00 +0000 2023,@SpotifyCares card declined for monthly renewal even though balance is sufficient,201429,,subscription_billing,True,FINANCIAL_DISPUTE,EVAL
201429,SpotifyCares,False,Thu Nov 09 14:05:00 +0000 2023,We understand your concern! Please DM us your account username and receipt date so a billing specialist can review your cancellation timestamp and process your refund.,,201428,subscription_billing,True,FINANCIAL_DISPUTE,EVAL
201430,eval_user_20115,True,Thu Nov 09 14:00:00 +0000 2023,@SpotifyCares car dashboard media player shows song info but no sound comes out of the vehicle speakers,201431,,device_connectivity,False,STANDARD_TROUBLESHOOTING,EVAL
201431,SpotifyCares,False,Thu Nov 09 14:05:00 +0000 2023,"Hey! In the Alexa app, go to More > Settings > Music & Podcasts, unlink Spotify, and re-link your account. A quick router reboot also helps refresh the handshake!",,201430,device_connectivity,False,STANDARD_TROUBLESHOOTING,EVAL
201432,eval_user_20116,True,Thu Nov 09 14:00:00 +0000 2023,@SpotifyCares certain tracks in my playlist are dimmed and skip automatically without playing,201433,,content_availability,False,STANDARD_TROUBLESHOOTING,EVAL
201433,SpotifyCares,False,Thu Nov 09 14:05:00 +0000 2023,"Hey! When songs appear greyed out, it is typically due to regional licensing agreements or changes by the rights holders. If you have 'Show unplayable songs' turned on in Settings, that highlights tracks currently restricted.",,201432,content_availability,False,STANDARD_TROUBLESHOOTING,EVAL
201434,eval_user_20117,True,Thu Nov 09 14:00:00 +0000 2023,@SpotifyCares font size on the desktop client is ridiculously tiny after the latest patch,201435,,app_ui_features,False,STANDARD_TROUBLESHOOTING,EVAL
201435,SpotifyCares,False,Thu Nov 09 14:05:00 +0000 2023,"Hey! Lyrics are provided via Musixmatch and availability varies by track and territory. If lyrics are missing across all songs, try logging out and logging back in to refresh your app data.",,201434,app_ui_features,False,STANDARD_TROUBLESHOOTING,EVAL
201436,eval_user_20118,True,Thu Nov 09 14:00:00 +0000 2023,@SpotifyCares my head hurts from dealing with this app all day,201437,,chitchat_feedback_venting,True,HIGH_CHURN_RISK,EVAL
201437,SpotifyCares,False,Thu Nov 09 14:05:00 +0000 2023,We appreciate the candid feedback and are always sharing user impressions with our design team. Let us know if a specific feature is causing trouble.,,201436,chitchat_feedback_venting,True,HIGH_CHURN_RISK,EVAL
201438,eval_user_20119,True,Thu Nov 09 14:00:00 +0000 2023,@SpotifyCares paid for my subscription today but my tracks still refuse to play offline on Windows 11 PC,201439,,playback_audio_bugs,False,STANDARD_TROUBLESHOOTING,EVAL
201439,SpotifyCares,False,Thu Nov 09 14:05:00 +0000 2023,"Oh no! Could you check if your web player at open.spotify.com behaves the same way? If it only happens in the app, clearing cache in Settings > Storage usually does the trick.",,201438,playback_audio_bugs,False,STANDARD_TROUBLESHOOTING,EVAL
201440,eval_user_20120,True,Thu Nov 09 14:00:00 +0000 2023,"@SpotifyCares can't get inside my profile on Samsung S23, says invalid credentials but I never changed anything",201441,,account_access,True,SECURITY_RISK,EVAL
201441,SpotifyCares,False,Thu Nov 09 14:05:00 +0000 2023,"Hi there. Make sure the email you entered matches the one on file. If you originally signed up via Facebook or Apple ID, use those buttons on the login screen instead!",,201440,account_access,True,SECURITY_RISK,EVAL
201442,eval_user_20121,True,Thu Nov 09 14:00:00 +0000 2023,@SpotifyCares invited my roommate to our multi-user bundle and it keeps saying territory mismatch,201443,,subscription_billing,True,FINANCIAL_DISPUTE,EVAL
201443,SpotifyCares,False,Thu Nov 09 14:05:00 +0000 2023,"We can look into double charges for you right away. Since this involves billing details, please send us a DM with your account email and the last 4 digits of the card charged.",,201442,subscription_billing,True,FINANCIAL_DISPUTE,EVAL
201444,eval_user_20122,True,Thu Nov 09 14:00:00 +0000 2023,@SpotifyCares car dashboard media player shows song info but no sound comes out of the vehicle speakers,201445,,device_connectivity,False,STANDARD_TROUBLESHOOTING,EVAL
201445,SpotifyCares,False,Thu Nov 09 14:05:00 +0000 2023,"Thanks for reaching out. Try unpairing and re-pairing the Bluetooth connection, then toggle 'Car Mode' off in Spotify Settings > Car to test.",,201444,device_connectivity,False,STANDARD_TROUBLESHOOTING,EVAL
201446,eval_user_20123,True,Thu Nov 09 14:00:00 +0000 2023,@SpotifyCares certain tracks in my playlist are dimmed and skip automatically without playing,201447,,content_availability,False,STANDARD_TROUBLESHOOTING,EVAL
201447,SpotifyCares,False,Thu Nov 09 14:05:00 +0000 2023,Hi! Content availability is managed directly by artists and their record labels or distributors. We hope to make their music available again soon!,,201446,content_availability,False,STANDARD_TROUBLESHOOTING,EVAL
201448,eval_user_20124,True,Thu Nov 09 14:00:00 +0000 2023,@SpotifyCares font size on the desktop client is ridiculously tiny after the latest patch,201449,,app_ui_features,False,STANDARD_TROUBLESHOOTING,EVAL
201449,SpotifyCares,False,Thu Nov 09 14:05:00 +0000 2023,"Hey! Lyrics are provided via Musixmatch and availability varies by track and territory. If lyrics are missing across all songs, try logging out and logging back in to refresh your app data.",,201448,app_ui_features,False,STANDARD_TROUBLESHOOTING,EVAL
201450,eval_user_20125,True,Thu Nov 09 14:00:00 +0000 2023,"@SpotifyCares customer support rep named Alex was super helpful this morning, please give them a raise!",201451,,chitchat_feedback_venting,True,HIGH_CHURN_RISK,EVAL
201451,SpotifyCares,False,Thu Nov 09 14:05:00 +0000 2023,"We're really sorry to hear you're frustrated. If there's a specific issue or bug you're experiencing, let us know and we'd love to help troubleshoot.",,201450,chitchat_feedback_venting,True,HIGH_CHURN_RISK,EVAL
201452,eval_user_20126,True,Thu Nov 09 14:00:00 +0000 2023,@SpotifyCares songs won't resume after an incoming phone call on Samsung S23,201453,,playback_audio_bugs,False,STANDARD_TROUBLESHOOTING,EVAL
201453,SpotifyCares,False,Thu Nov 09 14:05:00 +0000 2023,"Hey there! Let's try performing a clean reinstall. Head to Settings > Storage > Clear Cache, delete the app, restart your Samsung S23, and reinstall. Let us know if that fixes it!",,201452,playback_audio_bugs,False,STANDARD_TROUBLESHOOTING,EVAL
201454,eval_user_20127,True,Thu Nov 09 14:00:00 +0000 2023,"@SpotifyCares can't get inside my profile on Windows 11 PC, says invalid credentials but I never changed anything",201455,,account_access,True,SECURITY_RISK,EVAL
201455,SpotifyCares,False,Thu Nov 09 14:05:00 +0000 2023,We take account security very seriously! Please send us a DM immediately with your original email and receipt of purchase so our security team can lock and restore your account.,,201454,account_access,True,SECURITY_RISK,EVAL
201456,eval_user_20128,True,Thu Nov 09 14:00:00 +0000 2023,@SpotifyCares how come my subscription cost increased by $2 without any prior notification?,201457,,subscription_billing,True,FINANCIAL_DISPUTE,EVAL
201457,SpotifyCares,False,Thu Nov 09 14:05:00 +0000 2023,"We can look into double charges for you right away. Since this involves billing details, please send us a DM with your account email and the last 4 digits of the card charged.",,201456,subscription_billing,True,FINANCIAL_DISPUTE,EVAL
201458,eval_user_20129,True,Thu Nov 09 14:00:00 +0000 2023,@SpotifyCares wireless airplay stream drops whenever I switch apps on my phone,201459,,device_connectivity,False,STANDARD_TROUBLESHOOTING,EVAL
201459,SpotifyCares,False,Thu Nov 09 14:05:00 +0000 2023,"Thanks for reaching out. Try unpairing and re-pairing the Bluetooth connection, then toggle 'Car Mode' off in Spotify Settings > Car to test.",,201458,device_connectivity,False,STANDARD_TROUBLESHOOTING,EVAL
201460,eval_user_20130,True,Thu Nov 09 14:00:00 +0000 2023,@SpotifyCares explicit lyrics toggle is stuck and keeps filtering profanity on my favorite hip hop album,201461,,content_availability,False,STANDARD_TROUBLESHOOTING,EVAL
201461,SpotifyCares,False,Thu Nov 09 14:05:00 +0000 2023,Hi! Content availability is managed directly by artists and their record labels or distributors. We hope to make their music available again soon!,,201460,content_availability,False,STANDARD_TROUBLESHOOTING,EVAL
201462,eval_user_20131,True,Thu Nov 09 14:00:00 +0000 2023,@SpotifyCares library interface was redesigned and now I can't find my custom folders anywhere,201463,,app_ui_features,False,STANDARD_TROUBLESHOOTING,EVAL
201463,SpotifyCares,False,Thu Nov 09 14:05:00 +0000 2023,Hey! Swipe down slightly at the top of your Liked Songs playlist to reveal the search and 'Sort' bar. Tap 'Sort' and pick 'Artist' from the list.,,201462,app_ui_features,False,STANDARD_TROUBLESHOOTING,EVAL
201464,eval_user_20132,True,Thu Nov 09 14:00:00 +0000 2023,@SpotifyCares I swear this platform becomes more clunky with every single revision,201465,,chitchat_feedback_venting,True,HIGH_CHURN_RISK,EVAL
201465,SpotifyCares,False,Thu Nov 09 14:05:00 +0000 2023,"We're really sorry to hear you're frustrated. If there's a specific issue or bug you're experiencing, let us know and we'd love to help troubleshoot.",,201464,chitchat_feedback_venting,True,HIGH_CHURN_RISK,EVAL
201466,eval_user_20133,True,Thu Nov 09 14:00:00 +0000 2023,@SpotifyCares volume randomly drops to zero halfway through every podcast episode,201467,,playback_audio_bugs,False,STANDARD_TROUBLESHOOTING,EVAL
201467,SpotifyCares,False,Thu Nov 09 14:05:00 +0000 2023,"Hey there! Let's try performing a clean reinstall. Head to Settings > Storage > Clear Cache, delete the app, restart your Pixel 8, and reinstall. Let us know if that fixes it!",,201466,playback_audio_bugs,False,STANDARD_TROUBLESHOOTING,EVAL
201468,eval_user_20134,True,Thu Nov 09 14:00:00 +0000 2023,@SpotifyCares locked out of my account after attempting to sign in while abroad in Japan,201469,,account_access,True,SECURITY_RISK,EVAL
201469,SpotifyCares,False,Thu Nov 09 14:05:00 +0000 2023,"Let's secure your account! Log in to your account page on spotify.com, click 'Sign out everywhere', and change your password right away. If you need more help, DM us.",,201468,account_access,True,SECURITY_RISK,EVAL
201470,eval_user_20135,True,Thu Nov 09 14:00:00 +0000 2023,@SpotifyCares got an email saying my premium tier was downgraded unexpectedly,201471,,subscription_billing,True,FINANCIAL_DISPUTE,EVAL
201471,SpotifyCares,False,Thu Nov 09 14:05:00 +0000 2023,Hey! All Family Plan members must reside at the exact same physical address. Make sure she types the address exactly character-for-character as shown in the plan manager's account page.,,201470,subscription_billing,True,FINANCIAL_DISPUTE,EVAL
201472,eval_user_20136,True,Thu Nov 09 14:00:00 +0000 2023,@SpotifyCares wireless airplay stream drops whenever I switch apps on my phone,201473,,device_connectivity,False,STANDARD_TROUBLESHOOTING,EVAL
201473,SpotifyCares,False,Thu Nov 09 14:05:00 +0000 2023,"Hey! On your MacBook Pro, go to Settings > General > CarPlay, select your vehicle, and check if Spotify is listed under customized apps. Also try restarting your car head unit.",,201472,device_connectivity,False,STANDARD_TROUBLESHOOTING,EVAL
201474,eval_user_20137,True,Thu Nov 09 14:00:00 +0000 2023,@SpotifyCares explicit lyrics toggle is stuck and keeps filtering profanity on my favorite hip hop album,201475,,content_availability,False,STANDARD_TROUBLESHOOTING,EVAL
201475,SpotifyCares,False,Thu Nov 09 14:05:00 +0000 2023,"Hey! When songs appear greyed out, it is typically due to regional licensing agreements or changes by the rights holders. If you have 'Show unplayable songs' turned on in Settings, that highlights tracks currently restricted.",,201474,content_availability,False,STANDARD_TROUBLESHOOTING,EVAL
201476,eval_user_20138,True,Thu Nov 09 14:00:00 +0000 2023,@SpotifyCares font size on the desktop client is ridiculously tiny after the latest patch,201477,,app_ui_features,False,STANDARD_TROUBLESHOOTING,EVAL
201477,SpotifyCares,False,Thu Nov 09 14:05:00 +0000 2023,"Hey! Lyrics are provided via Musixmatch and availability varies by track and territory. If lyrics are missing across all songs, try logging out and logging back in to refresh your app data.",,201476,app_ui_features,False,STANDARD_TROUBLESHOOTING,EVAL
201478,eval_user_20139,True,Thu Nov 09 14:00:00 +0000 2023,"@SpotifyCares customer support rep named Alex was super helpful this morning, please give them a raise!",201479,,chitchat_feedback_venting,True,HIGH_CHURN_RISK,EVAL
201479,SpotifyCares,False,Thu Nov 09 14:05:00 +0000 2023,You're very welcome! We're always here to help. Enjoy the tunes and have a fantastic weekend! 🎶,,201478,chitchat_feedback_venting,True,HIGH_CHURN_RISK,EVAL
201480,eval_user_20140,True,Thu Nov 09 14:00:00 +0000 2023,@SpotifyCares songs won't resume after an incoming phone call on iPhone 15 Pro,201481,,playback_audio_bugs,False,STANDARD_TROUBLESHOOTING,EVAL
201481,SpotifyCares,False,Thu Nov 09 14:05:00 +0000 2023,"Oh no! Could you check if your web player at open.spotify.com behaves the same way? If it only happens in the app, clearing cache in Settings > Storage usually does the trick.",,201480,playback_audio_bugs,False,STANDARD_TROUBLESHOOTING,EVAL
201482,eval_user_20141,True,Thu Nov 09 14:00:00 +0000 2023,@SpotifyCares oauth token expired when trying to authenticate via third party credentials,201483,,account_access,True,SECURITY_RISK,EVAL
201483,SpotifyCares,False,Thu Nov 09 14:05:00 +0000 2023,"Hey! Try clearing cookies and cache on your default mobile browser (Safari/Chrome), as the app uses browser webviews for authentication tokens.",,201482,account_access,True,SECURITY_RISK,EVAL
201484,eval_user_20142,True,Thu Nov 09 14:00:00 +0000 2023,@SpotifyCares invited my roommate to our multi-user bundle and it keeps saying territory mismatch,201485,,subscription_billing,True,FINANCIAL_DISPUTE,EVAL
201485,SpotifyCares,False,Thu Nov 09 14:05:00 +0000 2023,"We can look into double charges for you right away. Since this involves billing details, please send us a DM with your account email and the last 4 digits of the card charged.",,201484,subscription_billing,True,FINANCIAL_DISPUTE,EVAL
201486,eval_user_20143,True,Thu Nov 09 14:00:00 +0000 2023,@SpotifyCares smart speaker casting disconnects after one song on iPhone 15 Pro,201487,,device_connectivity,False,STANDARD_TROUBLESHOOTING,EVAL
201487,SpotifyCares,False,Thu Nov 09 14:05:00 +0000 2023,"Hey! On your iPhone 15 Pro, go to Settings > General > CarPlay, select your vehicle, and check if Spotify is listed under customized apps. Also try restarting your car head unit.",,201486,device_connectivity,False,STANDARD_TROUBLESHOOTING,EVAL
201488,eval_user_20144,True,Thu Nov 09 14:00:00 +0000 2023,"@SpotifyCares whole artist page is blank except for two live recordings, did copyright expire?",201489,,content_availability,False,STANDARD_TROUBLESHOOTING,EVAL
201489,SpotifyCares,False,Thu Nov 09 14:05:00 +0000 2023,"Hey! When songs appear greyed out, it is typically due to regional licensing agreements or changes by the rights holders. If you have 'Show unplayable songs' turned on in Settings, that highlights tracks currently restricted.",,201488,content_availability,False,STANDARD_TROUBLESHOOTING,EVAL
201490,eval_user_20145,True,Thu Nov 09 14:00:00 +0000 2023,@SpotifyCares mini-player widget on lockscreen vanished after updating iPad Pro,201491,,app_ui_features,False,STANDARD_TROUBLESHOOTING,EVAL
201491,SpotifyCares,False,Thu Nov 09 14:05:00 +0000 2023,Hey! Swipe down slightly at the top of your Liked Songs playlist to reveal the search and 'Sort' bar. Tap 'Sort' and pick 'Artist' from the list.,,201490,app_ui_features,False,STANDARD_TROUBLESHOOTING,EVAL
201492,eval_user_20146,True,Thu Nov 09 14:00:00 +0000 2023,@SpotifyCares I swear this platform becomes more clunky with every single revision,201493,,chitchat_feedback_venting,True,HIGH_CHURN_RISK,EVAL
201493,SpotifyCares,False,Thu Nov 09 14:05:00 +0000 2023,"We're really sorry to hear you're frustrated. If there's a specific issue or bug you're experiencing, let us know and we'd love to help troubleshoot.",,201492,chitchat_feedback_venting,True,HIGH_CHURN_RISK,EVAL
201494,eval_user_20147,True,Thu Nov 09 14:00:00 +0000 2023,"@SpotifyCares tunes freeze every minute on my phone, app is totally buggin out today",201495,,playback_audio_bugs,False,STANDARD_TROUBLESHOOTING,EVAL
201495,SpotifyCares,False,Thu Nov 09 14:05:00 +0000 2023,Thanks for reporting! Try disabling 'Hardware Acceleration' in Spotify Settings > Show Advanced Settings. Then restart the app and see if the audio clears up.,,201494,playback_audio_bugs,False,STANDARD_TROUBLESHOOTING,EVAL
201496,eval_user_20148,True,Thu Nov 09 14:00:00 +0000 2023,@SpotifyCares locked out of my account after attempting to sign in while abroad in Japan,201497,,account_access,True,SECURITY_RISK,EVAL
201497,SpotifyCares,False,Thu Nov 09 14:05:00 +0000 2023,"Let's secure your account! Log in to your account page on spotify.com, click 'Sign out everywhere', and change your password right away. If you need more help, DM us.",,201496,account_access,True,SECURITY_RISK,EVAL
201498,eval_user_20149,True,Thu Nov 09 14:00:00 +0000 2023,@SpotifyCares why was my Visa charged full price when I submitted my university enrollment proof?,201499,,subscription_billing,True,FINANCIAL_DISPUTE,EVAL
201499,SpotifyCares,False,Thu Nov 09 14:05:00 +0000 2023,We understand your concern! Please DM us your account username and receipt date so a billing specialist can review your cancellation timestamp and process your refund.,,201498,subscription_billing,True,FINANCIAL_DISPUTE,EVAL
201500,eval_user_20150,True,Thu Nov 09 14:00:00 +0000 2023,@SpotifyCares Google Nest audio group keeps desyncing when streaming Spotify playlists,201501,,device_connectivity,False,STANDARD_TROUBLESHOOTING,EVAL
201501,SpotifyCares,False,Thu Nov 09 14:05:00 +0000 2023,"Hi! Some Sonos devices only communicate over 2.4GHz. Check if your router separates 2.4GHz and 5GHz bands, and make sure Local Network access is enabled in your Settings > Spotify.",,201500,device_connectivity,False,STANDARD_TROUBLESHOOTING,EVAL
201502,eval_user_20151,True,Thu Nov 09 14:00:00 +0000 2023,@SpotifyCares explicit lyrics toggle is stuck and keeps filtering profanity on my favorite hip hop album,201503,,content_availability,False,STANDARD_TROUBLESHOOTING,EVAL
201503,SpotifyCares,False,Thu Nov 09 14:05:00 +0000 2023,"Hi there! If you are on a Family Plan, make sure the Plan Manager hasn't toggled explicit content off for your sub-account in their Family settings.",,201502,content_availability,False,STANDARD_TROUBLESHOOTING,EVAL
201504,eval_user_20152,True,Thu Nov 09 14:00:00 +0000 2023,@SpotifyCares library interface was redesigned and now I can't find my custom folders anywhere,201505,,app_ui_features,False,STANDARD_TROUBLESHOOTING,EVAL
201505,SpotifyCares,False,Thu Nov 09 14:05:00 +0000 2023,"Hi! The updated layout is permanent, but you can collapse or expand the Your Library view using the icon in the top-left of the sidebar to customize your view.",,201504,app_ui_features,False,STANDARD_TROUBLESHOOTING,EVAL
201506,eval_user_20153,True,Thu Nov 09 14:00:00 +0000 2023,@SpotifyCares your service is an absolute joke compared to Tidal,201507,,chitchat_feedback_venting,True,HIGH_CHURN_RISK,EVAL
201507,SpotifyCares,False,Thu Nov 09 14:05:00 +0000 2023,"We're really sorry to hear you're frustrated. If there's a specific issue or bug you're experiencing, let us know and we'd love to help troubleshoot.",,201506,chitchat_feedback_venting,True,HIGH_CHURN_RISK,EVAL
201508,eval_user_20154,True,Thu Nov 09 14:00:00 +0000 2023,@SpotifyCares volume randomly drops to zero halfway through every podcast episode,201509,,playback_audio_bugs,False,STANDARD_TROUBLESHOOTING,EVAL
201509,SpotifyCares,False,Thu Nov 09 14:05:00 +0000 2023,"Oh no! Could you check if your web player at open.spotify.com behaves the same way? If it only happens in the app, clearing cache in Settings > Storage usually does the trick.",,201508,playback_audio_bugs,False,STANDARD_TROUBLESHOOTING,EVAL
201510,eval_user_20155,True,Thu Nov 09 14:00:00 +0000 2023,"@SpotifyCares can't get inside my profile on MacBook Pro, says invalid credentials but I never changed anything",201511,,account_access,True,SECURITY_RISK,EVAL
201511,SpotifyCares,False,Thu Nov 09 14:05:00 +0000 2023,"Hi there. Make sure the email you entered matches the one on file. If you originally signed up via Facebook or Apple ID, use those buttons on the login screen instead!",,201510,account_access,True,SECURITY_RISK,EVAL
201512,eval_user_20156,True,Thu Nov 09 14:00:00 +0000 2023,@SpotifyCares card declined for monthly renewal even though balance is sufficient,201513,,subscription_billing,True,FINANCIAL_DISPUTE,EVAL
201513,SpotifyCares,False,Thu Nov 09 14:05:00 +0000 2023,We understand your concern! Please DM us your account username and receipt date so a billing specialist can review your cancellation timestamp and process your refund.,,201512,subscription_billing,True,FINANCIAL_DISPUTE,EVAL
201514,eval_user_20157,True,Thu Nov 09 14:00:00 +0000 2023,@SpotifyCares wireless airplay stream drops whenever I switch apps on my phone,201515,,device_connectivity,False,STANDARD_TROUBLESHOOTING,EVAL
201515,SpotifyCares,False,Thu Nov 09 14:05:00 +0000 2023,"Hey! On your iPhone 14, go to Settings > General > CarPlay, select your vehicle, and check if Spotify is listed under customized apps. Also try restarting your car head unit.",,201514,device_connectivity,False,STANDARD_TROUBLESHOOTING,EVAL
201516,eval_user_20158,True,Thu Nov 09 14:00:00 +0000 2023,"@SpotifyCares whole artist page is blank except for two live recordings, did copyright expire?",201517,,content_availability,False,STANDARD_TROUBLESHOOTING,EVAL
201517,SpotifyCares,False,Thu Nov 09 14:05:00 +0000 2023,Hey! It can take a short while for newly published podcast episodes to propagate across all CDN servers. Try clearing your app cache and checking again in 30 minutes.,,201516,content_availability,False,STANDARD_TROUBLESHOOTING,EVAL
201518,eval_user_20159,True,Thu Nov 09 14:00:00 +0000 2023,@SpotifyCares mini-player widget on lockscreen vanished after updating MacBook Pro,201519,,app_ui_features,False,STANDARD_TROUBLESHOOTING,EVAL
201519,SpotifyCares,False,Thu Nov 09 14:05:00 +0000 2023,"Hey! Lyrics are provided via Musixmatch and availability varies by track and territory. If lyrics are missing across all songs, try logging out and logging back in to refresh your app data.",,201518,app_ui_features,False,STANDARD_TROUBLESHOOTING,EVAL
201520,eval_user_20160,True,Thu Nov 09 14:00:00 +0000 2023,@SpotifyCares my head hurts from dealing with this app all day,201521,,chitchat_feedback_venting,True,HIGH_CHURN_RISK,EVAL
201521,SpotifyCares,False,Thu Nov 09 14:05:00 +0000 2023,You're very welcome! We're always here to help. Enjoy the tunes and have a fantastic weekend! 🎶,,201520,chitchat_feedback_venting,True,HIGH_CHURN_RISK,EVAL
201522,eval_user_20161,True,Thu Nov 09 14:00:00 +0000 2023,"@SpotifyCares tunes freeze every minute on my phone, app is totally buggin out today",201523,,playback_audio_bugs,False,STANDARD_TROUBLESHOOTING,EVAL
201523,SpotifyCares,False,Thu Nov 09 14:05:00 +0000 2023,"Hi! Downloads can be removed if you switch offline mode off for over 30 days or reinstall the app. Try toggling Offline Mode off and on in Settings > Playback, then re-download over WiFi.",,201522,playback_audio_bugs,False,STANDARD_TROUBLESHOOTING,EVAL
201524,eval_user_20162,True,Thu Nov 09 14:00:00 +0000 2023,@SpotifyCares 2-factor authentication code is arriving on a phone number I don't recognize,201525,,account_access,True,SECURITY_RISK,EVAL
201525,SpotifyCares,False,Thu Nov 09 14:05:00 +0000 2023,"Hi there. Make sure the email you entered matches the one on file. If you originally signed up via Facebook or Apple ID, use those buttons on the login screen instead!",,201524,account_access,True,SECURITY_RISK,EVAL
201526,eval_user_20163,True,Thu Nov 09 14:00:00 +0000 2023,@SpotifyCares invited my roommate to our multi-user bundle and it keeps saying territory mismatch,201527,,subscription_billing,True,FINANCIAL_DISPUTE,EVAL
201527,SpotifyCares,False,Thu Nov 09 14:05:00 +0000 2023,"Hi! SheerID requires the document to clearly display your full name, university name, and an issue date within the current academic term. Check out support.spotify.com/article/student-discount/ for details.",,201526,subscription_billing,True,FINANCIAL_DISPUTE,EVAL
201528,eval_user_20164,True,Thu Nov 09 14:00:00 +0000 2023,@SpotifyCares wireless airplay stream drops whenever I switch apps on my phone,201529,,device_connectivity,False,STANDARD_TROUBLESHOOTING,EVAL
201529,SpotifyCares,False,Thu Nov 09 14:05:00 +0000 2023,"Thanks for reaching out. Try unpairing and re-pairing the Bluetooth connection, then toggle 'Car Mode' off in Spotify Settings > Car to test.",,201528,device_connectivity,False,STANDARD_TROUBLESHOOTING,EVAL
201530,eval_user_20165,True,Thu Nov 09 14:00:00 +0000 2023,@SpotifyCares explicit lyrics toggle is stuck and keeps filtering profanity on my favorite hip hop album,201531,,content_availability,False,STANDARD_TROUBLESHOOTING,EVAL
201531,SpotifyCares,False,Thu Nov 09 14:05:00 +0000 2023,"Hey! When songs appear greyed out, it is typically due to regional licensing agreements or changes by the rights holders. If you have 'Show unplayable songs' turned on in Settings, that highlights tracks currently restricted.",,201530,content_availability,False,STANDARD_TROUBLESHOOTING,EVAL
201532,eval_user_20166,True,Thu Nov 09 14:00:00 +0000 2023,@SpotifyCares album artwork covers are blurry and low-resolution in full screen mode,201533,,app_ui_features,False,STANDARD_TROUBLESHOOTING,EVAL
201533,SpotifyCares,False,Thu Nov 09 14:05:00 +0000 2023,"Hey! Lyrics are provided via Musixmatch and availability varies by track and territory. If lyrics are missing across all songs, try logging out and logging back in to refresh your app data.",,201532,app_ui_features,False,STANDARD_TROUBLESHOOTING,EVAL
201534,eval_user_20167,True,Thu Nov 09 14:00:00 +0000 2023,"@SpotifyCares shoutout to whoever curated the new indie playlist, absolute perfection",201535,,chitchat_feedback_venting,True,HIGH_CHURN_RISK,EVAL
201535,SpotifyCares,False,Thu Nov 09 14:05:00 +0000 2023,Thank you so much! We are thrilled you're loving Wrapped this year! 🎧✨,,201534,chitchat_feedback_venting,True,HIGH_CHURN_RISK,EVAL
201536,eval_user_20168,True,Thu Nov 09 14:00:00 +0000 2023,@SpotifyCares paid for my subscription today but my tracks still refuse to play offline on MacBook Pro,201537,,playback_audio_bugs,False,STANDARD_TROUBLESHOOTING,EVAL
201537,SpotifyCares,False,Thu Nov 09 14:05:00 +0000 2023,"Hey there! Let's try performing a clean reinstall. Head to Settings > Storage > Clear Cache, delete the app, restart your MacBook Pro, and reinstall. Let us know if that fixes it!",,201536,playback_audio_bugs,False,STANDARD_TROUBLESHOOTING,EVAL
201538,eval_user_20169,True,Thu Nov 09 14:00:00 +0000 2023,@SpotifyCares oauth token expired when trying to authenticate via third party credentials,201539,,account_access,True,SECURITY_RISK,EVAL
201539,SpotifyCares,False,Thu Nov 09 14:05:00 +0000 2023,"Hey! Try clearing cookies and cache on your default mobile browser (Safari/Chrome), as the app uses browser webviews for authentication tokens.",,201538,account_access,True,SECURITY_RISK,EVAL
201540,eval_user_20170,True,Thu Nov 09 14:00:00 +0000 2023,@SpotifyCares invited my roommate to our multi-user bundle and it keeps saying territory mismatch,201541,,subscription_billing,True,FINANCIAL_DISPUTE,EVAL
201541,SpotifyCares,False,Thu Nov 09 14:05:00 +0000 2023,"We can look into double charges for you right away. Since this involves billing details, please send us a DM with your account email and the last 4 digits of the card charged.",,201540,subscription_billing,True,FINANCIAL_DISPUTE,EVAL
201542,eval_user_20171,True,Thu Nov 09 14:00:00 +0000 2023,@SpotifyCares wireless airplay stream drops whenever I switch apps on my phone,201543,,device_connectivity,False,STANDARD_TROUBLESHOOTING,EVAL
201543,SpotifyCares,False,Thu Nov 09 14:05:00 +0000 2023,"Hey! On your iPhone 15 Pro, go to Settings > General > CarPlay, select your vehicle, and check if Spotify is listed under customized apps. Also try restarting your car head unit.",,201542,device_connectivity,False,STANDARD_TROUBLESHOOTING,EVAL
201544,eval_user_20172,True,Thu Nov 09 14:00:00 +0000 2023,@SpotifyCares explicit lyrics toggle is stuck and keeps filtering profanity on my favorite hip hop album,201545,,content_availability,False,STANDARD_TROUBLESHOOTING,EVAL
201545,SpotifyCares,False,Thu Nov 09 14:05:00 +0000 2023,"Hey! When songs appear greyed out, it is typically due to regional licensing agreements or changes by the rights holders. If you have 'Show unplayable songs' turned on in Settings, that highlights tracks currently restricted.",,201544,content_availability,False,STANDARD_TROUBLESHOOTING,EVAL
201546,eval_user_20173,True,Thu Nov 09 14:00:00 +0000 2023,@SpotifyCares how do I pin an album to the top of my library view on MacBook Pro?,201547,,app_ui_features,False,STANDARD_TROUBLESHOOTING,EVAL
201547,SpotifyCares,False,Thu Nov 09 14:05:00 +0000 2023,Thanks for the feedback! Swipe to queue is currently available on iOS and select Android builds as part of ongoing UI testing.,,201546,app_ui_features,False,STANDARD_TROUBLESHOOTING,EVAL
201548,eval_user_20174,True,Thu Nov 09 14:00:00 +0000 2023,@SpotifyCares your service is an absolute joke compared to Tidal,201549,,chitchat_feedback_venting,True,HIGH_CHURN_RISK,EVAL
201549,SpotifyCares,False,Thu Nov 09 14:05:00 +0000 2023,We appreciate the candid feedback and are always sharing user impressions with our design team. Let us know if a specific feature is causing trouble.,,201548,chitchat_feedback_venting,True,HIGH_CHURN_RISK,EVAL
201550,eval_user_20175,True,Thu Nov 09 14:00:00 +0000 2023,"@SpotifyCares tunes freeze every minute on my phone, app is totally buggin out today",201551,,playback_audio_bugs,False,STANDARD_TROUBLESHOOTING,EVAL
201551,SpotifyCares,False,Thu Nov 09 14:05:00 +0000 2023,"Oh no! Could you check if your web player at open.spotify.com behaves the same way? If it only happens in the app, clearing cache in Settings > Storage usually does the trick.",,201550,playback_audio_bugs,False,STANDARD_TROUBLESHOOTING,EVAL
201552,eval_user_20176,True,Thu Nov 09 14:00:00 +0000 2023,@SpotifyCares locked out of my account after attempting to sign in while abroad in Japan,201553,,account_access,True,SECURITY_RISK,EVAL
201553,SpotifyCares,False,Thu Nov 09 14:05:00 +0000 2023,"Hi there. Make sure the email you entered matches the one on file. If you originally signed up via Facebook or Apple ID, use those buttons on the login screen instead!",,201552,account_access,True,SECURITY_RISK,EVAL
201554,eval_user_20177,True,Thu Nov 09 14:00:00 +0000 2023,"@SpotifyCares bank statement shows two deductions for Spotify AB on the same date, please reverse the extra charge",201555,,subscription_billing,True,FINANCIAL_DISPUTE,EVAL
201555,SpotifyCares,False,Thu Nov 09 14:05:00 +0000 2023,Hey! All Family Plan members must reside at the exact same physical address. Make sure she types the address exactly character-for-character as shown in the plan manager's account page.,,201554,subscription_billing,True,FINANCIAL_DISPUTE,EVAL
201556,eval_user_20178,True,Thu Nov 09 14:00:00 +0000 2023,@SpotifyCares smart speaker casting disconnects after one song on iPhone 15 Pro,201557,,device_connectivity,False,STANDARD_TROUBLESHOOTING,EVAL
201557,SpotifyCares,False,Thu Nov 09 14:05:00 +0000 2023,"Hi! Some Sonos devices only communicate over 2.4GHz. Check if your router separates 2.4GHz and 5GHz bands, and make sure Local Network access is enabled in your Settings > Spotify.",,201556,device_connectivity,False,STANDARD_TROUBLESHOOTING,EVAL
201558,eval_user_20179,True,Thu Nov 09 14:00:00 +0000 2023,@SpotifyCares why is the instrumental bonus version of this single unavailable in Canada?,201559,,content_availability,False,STANDARD_TROUBLESHOOTING,EVAL
201559,SpotifyCares,False,Thu Nov 09 14:05:00 +0000 2023,Hi! Content availability is managed directly by artists and their record labels or distributors. We hope to make their music available again soon!,,201558,content_availability,False,STANDARD_TROUBLESHOOTING,EVAL
201560,eval_user_20180,True,Thu Nov 09 14:00:00 +0000 2023,@SpotifyCares album artwork covers are blurry and low-resolution in full screen mode,201561,,app_ui_features,False,STANDARD_TROUBLESHOOTING,EVAL
201561,SpotifyCares,False,Thu Nov 09 14:05:00 +0000 2023,"Oh no! Try restarting your Samsung S23 and clearing cache in Settings > Storage > Clear Cache. If that doesn't fix the search bar, a clean reinstall will refresh the index.",,201560,app_ui_features,False,STANDARD_TROUBLESHOOTING,EVAL
201562,eval_user_20181,True,Thu Nov 09 14:00:00 +0000 2023,@SpotifyCares awesome job charging monthly just to show me a black loading screen every day,201563,,chitchat_feedback_venting,True,HIGH_CHURN_RISK,EVAL
201563,SpotifyCares,False,Thu Nov 09 14:05:00 +0000 2023,"We're really sorry to hear you're frustrated. If there's a specific issue or bug you're experiencing, let us know and we'd love to help troubleshoot.",,201562,chitchat_feedback_venting,True,HIGH_CHURN_RISK,EVAL
201564,eval_user_20182,True,Thu Nov 09 14:00:00 +0000 2023,@SpotifyCares earphones making weird robotic static noise whenever high quality streaming is active,201565,,playback_audio_bugs,False,STANDARD_TROUBLESHOOTING,EVAL
201565,SpotifyCares,False,Thu Nov 09 14:05:00 +0000 2023,"Hey there! Let's try performing a clean reinstall. Head to Settings > Storage > Clear Cache, delete the app, restart your iPad Pro, and reinstall. Let us know if that fixes it!",,201564,playback_audio_bugs,False,STANDARD_TROUBLESHOOTING,EVAL
201566,eval_user_20183,True,Thu Nov 09 14:00:00 +0000 2023,"@SpotifyCares can't get inside my profile on Pixel 8, says invalid credentials but I never changed anything",201567,,account_access,True,SECURITY_RISK,EVAL
201567,SpotifyCares,False,Thu Nov 09 14:05:00 +0000 2023,We take account security very seriously! Please send us a DM immediately with your original email and receipt of purchase so our security team can lock and restore your account.,,201566,account_access,True,SECURITY_RISK,EVAL
201568,eval_user_20184,True,Thu Nov 09 14:00:00 +0000 2023,@SpotifyCares why was my Visa charged full price when I submitted my university enrollment proof?,201569,,subscription_billing,True,FINANCIAL_DISPUTE,EVAL
201569,SpotifyCares,False,Thu Nov 09 14:05:00 +0000 2023,We understand your concern! Please DM us your account username and receipt date so a billing specialist can review your cancellation timestamp and process your refund.,,201568,subscription_billing,True,FINANCIAL_DISPUTE,EVAL
201570,eval_user_20185,True,Thu Nov 09 14:00:00 +0000 2023,@SpotifyCares Google Nest audio group keeps desyncing when streaming Spotify playlists,201571,,device_connectivity,False,STANDARD_TROUBLESHOOTING,EVAL
201571,SpotifyCares,False,Thu Nov 09 14:05:00 +0000 2023,"Hey! On your Pixel 8, go to Settings > General > CarPlay, select your vehicle, and check if Spotify is listed under customized apps. Also try restarting your car head unit.",,201570,device_connectivity,False,STANDARD_TROUBLESHOOTING,EVAL
201572,eval_user_20186,True,Thu Nov 09 14:00:00 +0000 2023,@SpotifyCares explicit lyrics toggle is stuck and keeps filtering profanity on my favorite hip hop album,201573,,content_availability,False,STANDARD_TROUBLESHOOTING,EVAL
201573,SpotifyCares,False,Thu Nov 09 14:05:00 +0000 2023,Hi! Content availability is managed directly by artists and their record labels or distributors. We hope to make their music available again soon!,,201572,content_availability,False,STANDARD_TROUBLESHOOTING,EVAL
201574,eval_user_20187,True,Thu Nov 09 14:00:00 +0000 2023,@SpotifyCares how do I pin an album to the top of my library view on Pixel 8?,201575,,app_ui_features,False,STANDARD_TROUBLESHOOTING,EVAL
201575,SpotifyCares,False,Thu Nov 09 14:05:00 +0000 2023,Hey! Swipe down slightly at the top of your Liked Songs playlist to reveal the search and 'Sort' bar. Tap 'Sort' and pick 'Artist' from the list.,,201574,app_ui_features,False,STANDARD_TROUBLESHOOTING,EVAL
201576,eval_user_20188,True,Thu Nov 09 14:00:00 +0000 2023,@SpotifyCares awesome job charging monthly just to show me a black loading screen every day,201577,,chitchat_feedback_venting,True,HIGH_CHURN_RISK,EVAL
201577,SpotifyCares,False,Thu Nov 09 14:05:00 +0000 2023,You're very welcome! We're always here to help. Enjoy the tunes and have a fantastic weekend! 🎶,,201576,chitchat_feedback_venting,True,HIGH_CHURN_RISK,EVAL
201578,eval_user_20189,True,Thu Nov 09 14:00:00 +0000 2023,@SpotifyCares paid for my subscription today but my tracks still refuse to play offline on MacBook Pro,201579,,playback_audio_bugs,False,STANDARD_TROUBLESHOOTING,EVAL
201579,SpotifyCares,False,Thu Nov 09 14:05:00 +0000 2023,"Oh no! Could you check if your web player at open.spotify.com behaves the same way? If it only happens in the app, clearing cache in Settings > Storage usually does the trick.",,201578,playback_audio_bugs,False,STANDARD_TROUBLESHOOTING,EVAL
201580,eval_user_20190,True,Thu Nov 09 14:00:00 +0000 2023,"@SpotifyCares can't get inside my profile on Samsung S23, says invalid credentials but I never changed anything",201581,,account_access,True,SECURITY_RISK,EVAL
201581,SpotifyCares,False,Thu Nov 09 14:05:00 +0000 2023,We take account security very seriously! Please send us a DM immediately with your original email and receipt of purchase so our security team can lock and restore your account.,,201580,account_access,True,SECURITY_RISK,EVAL
201582,eval_user_20191,True,Thu Nov 09 14:00:00 +0000 2023,@SpotifyCares why was my Visa charged full price when I submitted my university enrollment proof?,201583,,subscription_billing,True,FINANCIAL_DISPUTE,EVAL
201583,SpotifyCares,False,Thu Nov 09 14:05:00 +0000 2023,We understand your concern! Please DM us your account username and receipt date so a billing specialist can review your cancellation timestamp and process your refund.,,201582,subscription_billing,True,FINANCIAL_DISPUTE,EVAL
201584,eval_user_20192,True,Thu Nov 09 14:00:00 +0000 2023,@SpotifyCares car dashboard media player shows song info but no sound comes out of the vehicle speakers,201585,,device_connectivity,False,STANDARD_TROUBLESHOOTING,EVAL
201585,SpotifyCares,False,Thu Nov 09 14:05:00 +0000 2023,"Hey! On your Pixel 8, go to Settings > General > CarPlay, select your vehicle, and check if Spotify is listed under customized apps. Also try restarting your car head unit.",,201584,device_connectivity,False,STANDARD_TROUBLESHOOTING,EVAL
201586,eval_user_20193,True,Thu Nov 09 14:00:00 +0000 2023,@SpotifyCares why is the instrumental bonus version of this single unavailable in Canada?,201587,,content_availability,False,STANDARD_TROUBLESHOOTING,EVAL
201587,SpotifyCares,False,Thu Nov 09 14:05:00 +0000 2023,Hey! It can take a short while for newly published podcast episodes to propagate across all CDN servers. Try clearing your app cache and checking again in 30 minutes.,,201586,content_availability,False,STANDARD_TROUBLESHOOTING,EVAL
201588,eval_user_20194,True,Thu Nov 09 14:00:00 +0000 2023,@SpotifyCares album artwork covers are blurry and low-resolution in full screen mode,201589,,app_ui_features,False,STANDARD_TROUBLESHOOTING,EVAL
201589,SpotifyCares,False,Thu Nov 09 14:05:00 +0000 2023,Hey! Swipe down slightly at the top of your Liked Songs playlist to reveal the search and 'Sort' bar. Tap 'Sort' and pick 'Artist' from the list.,,201588,app_ui_features,False,STANDARD_TROUBLESHOOTING,EVAL
201590,eval_user_20195,True,Thu Nov 09 14:00:00 +0000 2023,"@SpotifyCares shoutout to whoever curated the new indie playlist, absolute perfection",201591,,chitchat_feedback_venting,True,HIGH_CHURN_RISK,EVAL
201591,SpotifyCares,False,Thu Nov 09 14:05:00 +0000 2023,"We're really sorry to hear you're frustrated. If there's a specific issue or bug you're experiencing, let us know and we'd love to help troubleshoot.",,201590,chitchat_feedback_venting,True,HIGH_CHURN_RISK,EVAL
201592,eval_user_20196,True,Thu Nov 09 14:00:00 +0000 2023,@SpotifyCares earphones making weird robotic static noise whenever high quality streaming is active,201593,,playback_audio_bugs,False,STANDARD_TROUBLESHOOTING,EVAL
201593,SpotifyCares,False,Thu Nov 09 14:05:00 +0000 2023,"Hey there! Let's try performing a clean reinstall. Head to Settings > Storage > Clear Cache, delete the app, restart your iPad Pro, and reinstall. Let us know if that fixes it!",,201592,playback_audio_bugs,False,STANDARD_TROUBLESHOOTING,EVAL
201594,eval_user_20197,True,Thu Nov 09 14:00:00 +0000 2023,"@SpotifyCares can't get inside my profile on MacBook Pro, says invalid credentials but I never changed anything",201595,,account_access,True,SECURITY_RISK,EVAL
201595,SpotifyCares,False,Thu Nov 09 14:05:00 +0000 2023,"Hey! Try clearing cookies and cache on your default mobile browser (Safari/Chrome), as the app uses browser webviews for authentication tokens.",,201594,account_access,True,SECURITY_RISK,EVAL
201596,eval_user_20198,True,Thu Nov 09 14:00:00 +0000 2023,@SpotifyCares got an email saying my premium tier was downgraded unexpectedly,201597,,subscription_billing,True,FINANCIAL_DISPUTE,EVAL
201597,SpotifyCares,False,Thu Nov 09 14:05:00 +0000 2023,Hey! All Family Plan members must reside at the exact same physical address. Make sure she types the address exactly character-for-character as shown in the plan manager's account page.,,201596,subscription_billing,True,FINANCIAL_DISPUTE,EVAL
201598,eval_user_20199,True,Thu Nov 09 14:00:00 +0000 2023,@SpotifyCares car dashboard media player shows song info but no sound comes out of the vehicle speakers,201599,,device_connectivity,False,STANDARD_TROUBLESHOOTING,EVAL
201599,SpotifyCares,False,Thu Nov 09 14:05:00 +0000 2023,"Hi! Some Sonos devices only communicate over 2.4GHz. Check if your router separates 2.4GHz and 5GHz bands, and make sure Local Network access is enabled in your Settings > Spotify.",,201598,device_connectivity,False,STANDARD_TROUBLESHOOTING,EVAL
